[
  {
    "frequency": 1,
    "overriddenMethods": [
      "Ljavax/swing/table/JTableHeader.getToolTipText(Ljava/awt/event/MouseEvent;)Ljava/lang/String;"
    ]
  },
  {
    "frequency": 2,
    "overriddenMethods": [
      "Ljavax/swing/JComponent.getMaximumSize()Ljava/awt/Dimension;",
      "Ljavax/swing/JComponent.getMinimumSize()Ljava/awt/Dimension;",
      "Ljavax/swing/JComponent.getPreferredSize()Ljava/awt/Dimension;",
      "Ljavax/swing/JComponent.getToolTipLocation(Ljava/awt/event/MouseEvent;)Ljava/awt/Point;"
    ]
  },
  {
    "frequency": 1,
    "overriddenMethods": [
      "Ljavax/swing/JComponent.getPreferredSize()Ljava/awt/Dimension;",
      "Ljavax/swing/table/JTableHeader.getDraggedColumn()Ljavax/swing/table/TableColumn;",
      "Ljavax/swing/table/JTableHeader.getToolTipText(Ljava/awt/event/MouseEvent;)Ljava/lang/String;",
      "Ljavax/swing/table/JTableHeader.setDraggedDistance(I)V",
      "Ljavax/swing/table/JTableHeader.setTable(Ljavax/swing/JTable;)V"
    ]
  },
  {
    "frequency": 1,
    "overriddenMethods": [
      "Ljavax/swing/table/JTableHeader.setTable(Ljavax/swing/JTable;)V"
    ]
  }
]