[
  {
    "frequency": 1,
    "overriddenMethods": [
      "Ljavax/swing/text/html/HTMLEditorKit.read(Ljava/io/Reader;Ljavax/swing/text/Document;I)V"
    ]
  },
  {
    "frequency": 1,
    "overriddenMethods": [
      "Ljavax/swing/text/html/HTMLEditorKit.getParser()Ljavax/swing/text/html/HTMLEditorKit$Parser;"
    ]
  },
  {
    "frequency": 3,
    "overriddenMethods": [
      "Ljavax/swing/text/html/HTMLEditorKit.getViewFactory()Ljavax/swing/text/ViewFactory;"
    ]
  },
  {
    "frequency": 1,
    "overriddenMethods": [
      "Ljavax/swing/text/html/HTMLEditorKit.getStyleSheet()Ljavax/swing/text/html/StyleSheet;",
      "Ljavax/swing/text/html/HTMLEditorKit.getViewFactory()Ljavax/swing/text/ViewFactory;"
    ]
  },
  {
    "frequency": 1,
    "overriddenMethods": [
      "Ljavax/swing/text/html/HTMLEditorKit.write(Ljava/io/Writer;Ljavax/swing/text/Document;II)V"
    ]
  }
]