[
  {
    "frequency": 2,
    "overriddenMethods": [
      "Ljavax/swing/text/html/HTMLEditorKit$ParserCallback.handleStartTag(Ljavax/swing/text/html/HTML$Tag;Ljavax/swing/text/MutableAttributeSet;I)V"
    ]
  },
  {
    "frequency": 4,
    "overriddenMethods": [
      "Ljavax/swing/text/html/HTMLEditorKit$ParserCallback.handleEndTag(Ljavax/swing/text/html/HTML$Tag;I)V",
      "Ljavax/swing/text/html/HTMLEditorKit$ParserCallback.handleSimpleTag(Ljavax/swing/text/html/HTML$Tag;Ljavax/swing/text/MutableAttributeSet;I)V",
      "Ljavax/swing/text/html/HTMLEditorKit$ParserCallback.handleStartTag(Ljavax/swing/text/html/HTML$Tag;Ljavax/swing/text/MutableAttributeSet;I)V"
    ]
  },
  {
    "frequency": 2,
    "overriddenMethods": [
      "Ljavax/swing/text/html/HTMLEditorKit$ParserCallback.handleSimpleTag(Ljavax/swing/text/html/HTML$Tag;Ljavax/swing/text/MutableAttributeSet;I)V",
      "Ljavax/swing/text/html/HTMLEditorKit$ParserCallback.handleStartTag(Ljavax/swing/text/html/HTML$Tag;Ljavax/swing/text/MutableAttributeSet;I)V"
    ]
  },
  {
    "frequency": 1,
    "overriddenMethods": [
      "Ljavax/swing/text/html/HTMLEditorKit$ParserCallback.handleError(Ljava/lang/String;I)V",
      "Ljavax/swing/text/html/HTMLEditorKit$ParserCallback.handleSimpleTag(Ljavax/swing/text/html/HTML$Tag;Ljavax/swing/text/MutableAttributeSet;I)V",
      "Ljavax/swing/text/html/HTMLEditorKit$ParserCallback.handleStartTag(Ljavax/swing/text/html/HTML$Tag;Ljavax/swing/text/MutableAttributeSet;I)V"
    ]
  },
  {
    "frequency": 1,
    "overriddenMethods": [
      "Ljavax/swing/text/html/HTMLEditorKit$ParserCallback.flush()V",
      "Ljavax/swing/text/html/HTMLEditorKit$ParserCallback.handleEndTag(Ljavax/swing/text/html/HTML$Tag;I)V",
      "Ljavax/swing/text/html/HTMLEditorKit$ParserCallback.handleSimpleTag(Ljavax/swing/text/html/HTML$Tag;Ljavax/swing/text/MutableAttributeSet;I)V",
      "Ljavax/swing/text/html/HTMLEditorKit$ParserCallback.handleStartTag(Ljavax/swing/text/html/HTML$Tag;Ljavax/swing/text/MutableAttributeSet;I)V",
      "Ljavax/swing/text/html/HTMLEditorKit$ParserCallback.handleText([CI)V"
    ]
  },
  {
    "frequency": 2,
    "overriddenMethods": [
      "Ljavax/swing/text/html/HTMLEditorKit$ParserCallback.flush()V",
      "Ljavax/swing/text/html/HTMLEditorKit$ParserCallback.handleComment([CI)V",
      "Ljavax/swing/text/html/HTMLEditorKit$ParserCallback.handleEndTag(Ljavax/swing/text/html/HTML$Tag;I)V",
      "Ljavax/swing/text/html/HTMLEditorKit$ParserCallback.handleError(Ljava/lang/String;I)V",
      "Ljavax/swing/text/html/HTMLEditorKit$ParserCallback.handleSimpleTag(Ljavax/swing/text/html/HTML$Tag;Ljavax/swing/text/MutableAttributeSet;I)V",
      "Ljavax/swing/text/html/HTMLEditorKit$ParserCallback.handleStartTag(Ljavax/swing/text/html/HTML$Tag;Ljavax/swing/text/MutableAttributeSet;I)V",
      "Ljavax/swing/text/html/HTMLEditorKit$ParserCallback.handleText([CI)V"
    ]
  },
  {
    "frequency": 1,
    "overriddenMethods": [
      "Ljavax/swing/text/html/HTMLEditorKit$ParserCallback.handleStartTag(Ljavax/swing/text/html/HTML$Tag;Ljavax/swing/text/MutableAttributeSet;I)V",
      "Ljavax/swing/text/html/HTMLEditorKit$ParserCallback.handleText([CI)V"
    ]
  },
  {
    "frequency": 1,
    "overriddenMethods": [
      "Ljava/lang/Object.toString()Ljava/lang/String;",
      "Ljavax/swing/text/html/HTMLEditorKit$ParserCallback.handleEndTag(Ljavax/swing/text/html/HTML$Tag;I)V",
      "Ljavax/swing/text/html/HTMLEditorKit$ParserCallback.handleSimpleTag(Ljavax/swing/text/html/HTML$Tag;Ljavax/swing/text/MutableAttributeSet;I)V",
      "Ljavax/swing/text/html/HTMLEditorKit$ParserCallback.handleStartTag(Ljavax/swing/text/html/HTML$Tag;Ljavax/swing/text/MutableAttributeSet;I)V",
      "Ljavax/swing/text/html/HTMLEditorKit$ParserCallback.handleText([CI)V"
    ]
  },
  {
    "frequency": 1,
    "overriddenMethods": [
      "Ljavax/swing/text/html/HTMLEditorKit$ParserCallback.handleEndTag(Ljavax/swing/text/html/HTML$Tag;I)V",
      "Ljavax/swing/text/html/HTMLEditorKit$ParserCallback.handleStartTag(Ljavax/swing/text/html/HTML$Tag;Ljavax/swing/text/MutableAttributeSet;I)V",
      "Ljavax/swing/text/html/HTMLEditorKit$ParserCallback.handleText([CI)V"
    ]
  },
  {
    "frequency": 2,
    "overriddenMethods": [
      "Ljavax/swing/text/html/HTMLEditorKit$ParserCallback.handleComment([CI)V",
      "Ljavax/swing/text/html/HTMLEditorKit$ParserCallback.handleSimpleTag(Ljavax/swing/text/html/HTML$Tag;Ljavax/swing/text/MutableAttributeSet;I)V",
      "Ljavax/swing/text/html/HTMLEditorKit$ParserCallback.handleStartTag(Ljavax/swing/text/html/HTML$Tag;Ljavax/swing/text/MutableAttributeSet;I)V"
    ]
  },
  {
    "frequency": 3,
    "overriddenMethods": [
      "Ljavax/swing/text/html/HTMLEditorKit$ParserCallback.handleEndTag(Ljavax/swing/text/html/HTML$Tag;I)V",
      "Ljavax/swing/text/html/HTMLEditorKit$ParserCallback.handleSimpleTag(Ljavax/swing/text/html/HTML$Tag;Ljavax/swing/text/MutableAttributeSet;I)V",
      "Ljavax/swing/text/html/HTMLEditorKit$ParserCallback.handleStartTag(Ljavax/swing/text/html/HTML$Tag;Ljavax/swing/text/MutableAttributeSet;I)V",
      "Ljavax/swing/text/html/HTMLEditorKit$ParserCallback.handleText([CI)V"
    ]
  }
]