[
  {
    "frequency": 3,
    "overriddenMethods": [
      "Ljava/lang/Object.clone()Ljava/lang/Object;",
      "Ljava/lang/Object.toString()Ljava/lang/String;",
      "Ljava/util/Dictionary.elements()Ljava/util/Enumeration;",
      "Ljava/util/Dictionary.get(Ljava/lang/Object;)Ljava/lang/Object;",
      "Ljava/util/Dictionary.isEmpty()Z",
      "Ljava/util/Dictionary.keys()Ljava/util/Enumeration;",
      "Ljava/util/Dictionary.put(Ljava/lang/Object;Ljava/lang/Object;)Ljava/lang/Object;",
      "Ljava/util/Dictionary.remove(Ljava/lang/Object;)Ljava/lang/Object;",
      "Ljava/util/Dictionary.size()I"
    ]
  },
  {
    "frequency": 2,
    "overriddenMethods": [
      "Ljava/lang/Object.clone()Ljava/lang/Object;",
      "Ljava/lang/Object.equals(Ljava/lang/Object;)Z",
      "Ljava/lang/Object.toString()Ljava/lang/String;",
      "Ljava/util/Dictionary.elements()Ljava/util/Enumeration;",
      "Ljava/util/Dictionary.get(Ljava/lang/Object;)Ljava/lang/Object;",
      "Ljava/util/Dictionary.isEmpty()Z",
      "Ljava/util/Dictionary.keys()Ljava/util/Enumeration;",
      "Ljava/util/Dictionary.put(Ljava/lang/Object;Ljava/lang/Object;)Ljava/lang/Object;",
      "Ljava/util/Dictionary.remove(Ljava/lang/Object;)Ljava/lang/Object;",
      "Ljava/util/Dictionary.size()I"
    ]
  },
  {
    "frequency": 62,
    "overriddenMethods": [
      "Ljava/util/Dictionary.elements()Ljava/util/Enumeration;",
      "Ljava/util/Dictionary.get(Ljava/lang/Object;)Ljava/lang/Object;",
      "Ljava/util/Dictionary.isEmpty()Z",
      "Ljava/util/Dictionary.keys()Ljava/util/Enumeration;",
      "Ljava/util/Dictionary.put(Ljava/lang/Object;Ljava/lang/Object;)Ljava/lang/Object;",
      "Ljava/util/Dictionary.remove(Ljava/lang/Object;)Ljava/lang/Object;",
      "Ljava/util/Dictionary.size()I"
    ]
  },
  {
    "frequency": 1,
    "overriddenMethods": [
      "Ljava/lang/Object.equals(Ljava/lang/Object;)Z",
      "Ljava/lang/Object.hashCode()I",
      "Ljava/util/Dictionary.elements()Ljava/util/Enumeration;",
      "Ljava/util/Dictionary.get(Ljava/lang/Object;)Ljava/lang/Object;",
      "Ljava/util/Dictionary.isEmpty()Z",
      "Ljava/util/Dictionary.keys()Ljava/util/Enumeration;",
      "Ljava/util/Dictionary.put(Ljava/lang/Object;Ljava/lang/Object;)Ljava/lang/Object;",
      "Ljava/util/Dictionary.remove(Ljava/lang/Object;)Ljava/lang/Object;",
      "Ljava/util/Dictionary.size()I"
    ]
  },
  {
    "frequency": 10,
    "overriddenMethods": [
      "Ljava/lang/Object.equals(Ljava/lang/Object;)Z",
      "Ljava/lang/Object.hashCode()I",
      "Ljava/lang/Object.toString()Ljava/lang/String;",
      "Ljava/util/Dictionary.elements()Ljava/util/Enumeration;",
      "Ljava/util/Dictionary.get(Ljava/lang/Object;)Ljava/lang/Object;",
      "Ljava/util/Dictionary.isEmpty()Z",
      "Ljava/util/Dictionary.keys()Ljava/util/Enumeration;",
      "Ljava/util/Dictionary.put(Ljava/lang/Object;Ljava/lang/Object;)Ljava/lang/Object;",
      "Ljava/util/Dictionary.remove(Ljava/lang/Object;)Ljava/lang/Object;",
      "Ljava/util/Dictionary.size()I"
    ]
  },
  {
    "frequency": 23,
    "overriddenMethods": [
      "Ljava/lang/Object.toString()Ljava/lang/String;",
      "Ljava/util/Dictionary.elements()Ljava/util/Enumeration;",
      "Ljava/util/Dictionary.get(Ljava/lang/Object;)Ljava/lang/Object;",
      "Ljava/util/Dictionary.isEmpty()Z",
      "Ljava/util/Dictionary.keys()Ljava/util/Enumeration;",
      "Ljava/util/Dictionary.put(Ljava/lang/Object;Ljava/lang/Object;)Ljava/lang/Object;",
      "Ljava/util/Dictionary.remove(Ljava/lang/Object;)Ljava/lang/Object;",
      "Ljava/util/Dictionary.size()I"
    ]
  }
]