[
  {
    "frequency": 47,
    "overriddenMethods": [
      "Ljava/util/EventObject.getSource()Ljava/lang/Object;"
    ]
  },
  {
    "frequency": 1127,
    "overriddenMethods": []
  },
  {
    "frequency": 16,
    "overriddenMethods": [
      "Ljava/lang/Object.equals(Ljava/lang/Object;)Z",
      "Ljava/lang/Object.hashCode()I",
      "Ljava/util/EventObject.toString()Ljava/lang/String;"
    ]
  },
  {
    "frequency": 113,
    "overriddenMethods": [
      "Ljava/util/EventObject.toString()Ljava/lang/String;"
    ]
  },
  {
    "frequency": 3,
    "overriddenMethods": [
      "Ljava/util/EventObject.getSource()Ljava/lang/Object;",
      "Ljava/util/EventObject.toString()Ljava/lang/String;"
    ]
  },
  {
    "frequency": 1,
    "overriddenMethods": [
      "Ljava/lang/Object.toString()Ljava/lang/String;"
    ]
  },
  {
    "frequency": 4,
    "overriddenMethods": [
      "Ljava/lang/Object.equals(Ljava/lang/Object;)Z",
      "Ljava/lang/Object.hashCode()I"
    ]
  }
]