[
  {
    "frequency": 851,
    "overriddenMethods": []
  },
  {
    "frequency": 12,
    "overriddenMethods": [
      "Ljava/util/HashMap.containsKey(Ljava/lang/Object;)Z",
      "Ljava/util/HashMap.get(Ljava/lang/Object;)Ljava/lang/Object;",
      "Ljava/util/HashMap.put(Ljava/lang/Object;Ljava/lang/Object;)Ljava/lang/Object;",
      "Ljava/util/HashMap.remove(Ljava/lang/Object;)Ljava/lang/Object;"
    ]
  },
  {
    "frequency": 91,
    "overriddenMethods": [
      "Ljava/util/HashMap.get(Ljava/lang/Object;)Ljava/lang/Object;"
    ]
  },
  {
    "frequency": 1,
    "overriddenMethods": [
      "Ljava/util/HashMap.keySet()Ljava/util/Set;"
    ]
  },
  {
    "frequency": 50,
    "overriddenMethods": [
      "Ljava/util/AbstractMap.equals(Ljava/lang/Object;)Z",
      "Ljava/util/AbstractMap.hashCode()I",
      "Ljava/util/HashMap.clear()V",
      "Ljava/util/HashMap.clone()Ljava/lang/Object;",
      "Ljava/util/HashMap.containsKey(Ljava/lang/Object;)Z",
      "Ljava/util/HashMap.containsValue(Ljava/lang/Object;)Z",
      "Ljava/util/HashMap.entrySet()Ljava/util/Set;",
      "Ljava/util/HashMap.get(Ljava/lang/Object;)Ljava/lang/Object;",
      "Ljava/util/HashMap.isEmpty()Z",
      "Ljava/util/HashMap.keySet()Ljava/util/Set;",
      "Ljava/util/HashMap.put(Ljava/lang/Object;Ljava/lang/Object;)Ljava/lang/Object;",
      "Ljava/util/HashMap.putAll(Ljava/util/Map;)V",
      "Ljava/util/HashMap.remove(Ljava/lang/Object;)Ljava/lang/Object;",
      "Ljava/util/HashMap.size()I",
      "Ljava/util/HashMap.values()Ljava/util/Collection;"
    ]
  },
  {
    "frequency": 1,
    "overriddenMethods": [
      "Ljava/util/AbstractMap.toString()Ljava/lang/String;",
      "Ljava/util/HashMap.clear()V",
      "Ljava/util/HashMap.clone()Ljava/lang/Object;",
      "Ljava/util/HashMap.entrySet()Ljava/util/Set;",
      "Ljava/util/HashMap.keySet()Ljava/util/Set;",
      "Ljava/util/HashMap.put(Ljava/lang/Object;Ljava/lang/Object;)Ljava/lang/Object;",
      "Ljava/util/HashMap.putAll(Ljava/util/Map;)V",
      "Ljava/util/HashMap.remove(Ljava/lang/Object;)Ljava/lang/Object;"
    ]
  },
  {
    "frequency": 15,
    "overriddenMethods": [
      "Ljava/util/HashMap.clear()V",
      "Ljava/util/HashMap.clone()Ljava/lang/Object;",
      "Ljava/util/HashMap.containsValue(Ljava/lang/Object;)Z",
      "Ljava/util/HashMap.put(Ljava/lang/Object;Ljava/lang/Object;)Ljava/lang/Object;",
      "Ljava/util/HashMap.values()Ljava/util/Collection;"
    ]
  },
  {
    "frequency": 1,
    "overriddenMethods": [
      "Ljava/util/HashMap.containsKey(Ljava/lang/Object;)Z",
      "Ljava/util/HashMap.entrySet()Ljava/util/Set;",
      "Ljava/util/HashMap.get(Ljava/lang/Object;)Ljava/lang/Object;",
      "Ljava/util/HashMap.put(Ljava/lang/Object;Ljava/lang/Object;)Ljava/lang/Object;",
      "Ljava/util/HashMap.remove(Ljava/lang/Object;)Ljava/lang/Object;"
    ]
  },
  {
    "frequency": 1,
    "overriddenMethods": [
      "Ljava/util/AbstractMap.toString()Ljava/lang/String;",
      "Ljava/util/HashMap.get(Ljava/lang/Object;)Ljava/lang/Object;"
    ]
  },
  {
    "frequency": 12,
    "overriddenMethods": [
      "Ljava/util/HashMap.clear()V",
      "Ljava/util/HashMap.put(Ljava/lang/Object;Ljava/lang/Object;)Ljava/lang/Object;",
      "Ljava/util/HashMap.putAll(Ljava/util/Map;)V",
      "Ljava/util/HashMap.remove(Ljava/lang/Object;)Ljava/lang/Object;"
    ]
  },
  {
    "frequency": 13,
    "overriddenMethods": [
      "Ljava/util/AbstractMap.equals(Ljava/lang/Object;)Z",
      "Ljava/util/AbstractMap.hashCode()I",
      "Ljava/util/AbstractMap.toString()Ljava/lang/String;",
      "Ljava/util/HashMap.get(Ljava/lang/Object;)Ljava/lang/Object;",
      "Ljava/util/HashMap.put(Ljava/lang/Object;Ljava/lang/Object;)Ljava/lang/Object;",
      "Ljava/util/HashMap.putAll(Ljava/util/Map;)V",
      "Ljava/util/HashMap.remove(Ljava/lang/Object;)Ljava/lang/Object;",
      "Ljava/util/HashMap.size()I"
    ]
  },
  {
    "frequency": 1,
    "overriddenMethods": [
      "Ljava/util/HashMap.clone()Ljava/lang/Object;"
    ]
  },
  {
    "frequency": 2,
    "overriddenMethods": [
      "Ljava/util/HashMap.clear()V",
      "Ljava/util/HashMap.put(Ljava/lang/Object;Ljava/lang/Object;)Ljava/lang/Object;"
    ]
  },
  {
    "frequency": 9,
    "overriddenMethods": [
      "Ljava/util/HashMap.clear()V",
      "Ljava/util/HashMap.put(Ljava/lang/Object;Ljava/lang/Object;)Ljava/lang/Object;",
      "Ljava/util/HashMap.putAll(Ljava/util/Map;)V"
    ]
  },
  {
    "frequency": 5,
    "overriddenMethods": [
      "Ljava/util/HashMap.clear()V",
      "Ljava/util/HashMap.clone()Ljava/lang/Object;",
      "Ljava/util/HashMap.entrySet()Ljava/util/Set;",
      "Ljava/util/HashMap.keySet()Ljava/util/Set;",
      "Ljava/util/HashMap.put(Ljava/lang/Object;Ljava/lang/Object;)Ljava/lang/Object;",
      "Ljava/util/HashMap.putAll(Ljava/util/Map;)V",
      "Ljava/util/HashMap.remove(Ljava/lang/Object;)Ljava/lang/Object;",
      "Ljava/util/HashMap.values()Ljava/util/Collection;"
    ]
  },
  {
    "frequency": 3,
    "overriddenMethods": [
      "Ljava/util/HashMap.get(Ljava/lang/Object;)Ljava/lang/Object;",
      "Ljava/util/HashMap.put(Ljava/lang/Object;Ljava/lang/Object;)Ljava/lang/Object;",
      "Ljava/util/HashMap.putAll(Ljava/util/Map;)V"
    ]
  },
  {
    "frequency": 4,
    "overriddenMethods": [
      "Ljava/util/HashMap.put(Ljava/lang/Object;Ljava/lang/Object;)Ljava/lang/Object;",
      "Ljava/util/HashMap.putAll(Ljava/util/Map;)V",
      "Ljava/util/HashMap.remove(Ljava/lang/Object;)Ljava/lang/Object;"
    ]
  },
  {
    "frequency": 6,
    "overriddenMethods": [
      "Ljava/util/AbstractMap.toString()Ljava/lang/String;",
      "Ljava/util/HashMap.put(Ljava/lang/Object;Ljava/lang/Object;)Ljava/lang/Object;"
    ]
  },
  {
    "frequency": 1,
    "overriddenMethods": [
      "Ljava/util/HashMap.keySet()Ljava/util/Set;",
      "Ljava/util/HashMap.put(Ljava/lang/Object;Ljava/lang/Object;)Ljava/lang/Object;",
      "Ljava/util/HashMap.remove(Ljava/lang/Object;)Ljava/lang/Object;"
    ]
  },
  {
    "frequency": 1,
    "overriddenMethods": [
      "Ljava/util/HashMap.entrySet()Ljava/util/Set;",
      "Ljava/util/HashMap.get(Ljava/lang/Object;)Ljava/lang/Object;"
    ]
  },
  {
    "frequency": 2,
    "overriddenMethods": [
      "Ljava/util/HashMap.entrySet()Ljava/util/Set;",
      "Ljava/util/HashMap.keySet()Ljava/util/Set;",
      "Ljava/util/HashMap.put(Ljava/lang/Object;Ljava/lang/Object;)Ljava/lang/Object;",
      "Ljava/util/HashMap.values()Ljava/util/Collection;"
    ]
  },
  {
    "frequency": 32,
    "overriddenMethods": [
      "Ljava/util/AbstractMap.toString()Ljava/lang/String;"
    ]
  },
  {
    "frequency": 1,
    "overriddenMethods": [
      "Ljava/util/HashMap.containsKey(Ljava/lang/Object;)Z",
      "Ljava/util/HashMap.get(Ljava/lang/Object;)Ljava/lang/Object;",
      "Ljava/util/HashMap.put(Ljava/lang/Object;Ljava/lang/Object;)Ljava/lang/Object;"
    ]
  },
  {
    "frequency": 1,
    "overriddenMethods": [
      "Ljava/util/HashMap.clear()V",
      "Ljava/util/HashMap.containsValue(Ljava/lang/Object;)Z",
      "Ljava/util/HashMap.put(Ljava/lang/Object;Ljava/lang/Object;)Ljava/lang/Object;",
      "Ljava/util/HashMap.remove(Ljava/lang/Object;)Ljava/lang/Object;",
      "Ljava/util/HashMap.values()Ljava/util/Collection;"
    ]
  },
  {
    "frequency": 15,
    "overriddenMethods": [
      "Ljava/util/HashMap.entrySet()Ljava/util/Set;",
      "Ljava/util/HashMap.keySet()Ljava/util/Set;",
      "Ljava/util/HashMap.put(Ljava/lang/Object;Ljava/lang/Object;)Ljava/lang/Object;",
      "Ljava/util/HashMap.remove(Ljava/lang/Object;)Ljava/lang/Object;",
      "Ljava/util/HashMap.values()Ljava/util/Collection;"
    ]
  },
  {
    "frequency": 2,
    "overriddenMethods": [
      "Ljava/util/HashMap.clear()V",
      "Ljava/util/HashMap.containsValue(Ljava/lang/Object;)Z",
      "Ljava/util/HashMap.entrySet()Ljava/util/Set;",
      "Ljava/util/HashMap.get(Ljava/lang/Object;)Ljava/lang/Object;",
      "Ljava/util/HashMap.isEmpty()Z",
      "Ljava/util/HashMap.keySet()Ljava/util/Set;",
      "Ljava/util/HashMap.put(Ljava/lang/Object;Ljava/lang/Object;)Ljava/lang/Object;",
      "Ljava/util/HashMap.putAll(Ljava/util/Map;)V",
      "Ljava/util/HashMap.remove(Ljava/lang/Object;)Ljava/lang/Object;",
      "Ljava/util/HashMap.values()Ljava/util/Collection;"
    ]
  },
  {
    "frequency": 7,
    "overriddenMethods": [
      "Ljava/util/AbstractMap.equals(Ljava/lang/Object;)Z",
      "Ljava/util/AbstractMap.hashCode()I",
      "Ljava/util/AbstractMap.toString()Ljava/lang/String;"
    ]
  },
  {
    "frequency": 10,
    "overriddenMethods": [
      "Ljava/util/HashMap.clear()V",
      "Ljava/util/HashMap.containsKey(Ljava/lang/Object;)Z",
      "Ljava/util/HashMap.containsValue(Ljava/lang/Object;)Z",
      "Ljava/util/HashMap.entrySet()Ljava/util/Set;",
      "Ljava/util/HashMap.get(Ljava/lang/Object;)Ljava/lang/Object;",
      "Ljava/util/HashMap.isEmpty()Z",
      "Ljava/util/HashMap.keySet()Ljava/util/Set;",
      "Ljava/util/HashMap.put(Ljava/lang/Object;Ljava/lang/Object;)Ljava/lang/Object;",
      "Ljava/util/HashMap.putAll(Ljava/util/Map;)V",
      "Ljava/util/HashMap.remove(Ljava/lang/Object;)Ljava/lang/Object;",
      "Ljava/util/HashMap.size()I",
      "Ljava/util/HashMap.values()Ljava/util/Collection;"
    ]
  },
  {
    "frequency": 2,
    "overriddenMethods": [
      "Ljava/util/HashMap.get(Ljava/lang/Object;)Ljava/lang/Object;",
      "Ljava/util/HashMap.put(Ljava/lang/Object;Ljava/lang/Object;)Ljava/lang/Object;",
      "Ljava/util/HashMap.remove(Ljava/lang/Object;)Ljava/lang/Object;"
    ]
  },
  {
    "frequency": 3,
    "overriddenMethods": [
      "Ljava/util/HashMap.containsKey(Ljava/lang/Object;)Z",
      "Ljava/util/HashMap.get(Ljava/lang/Object;)Ljava/lang/Object;"
    ]
  },
  {
    "frequency": 9,
    "overriddenMethods": [
      "Ljava/util/HashMap.clear()V"
    ]
  },
  {
    "frequency": 22,
    "overriddenMethods": [
      "Ljava/util/HashMap.clear()V",
      "Ljava/util/HashMap.put(Ljava/lang/Object;Ljava/lang/Object;)Ljava/lang/Object;",
      "Ljava/util/HashMap.remove(Ljava/lang/Object;)Ljava/lang/Object;"
    ]
  },
  {
    "frequency": 3,
    "overriddenMethods": [
      "Ljava/util/HashMap.containsKey(Ljava/lang/Object;)Z"
    ]
  },
  {
    "frequency": 1,
    "overriddenMethods": [
      "Ljava/util/HashMap.entrySet()Ljava/util/Set;"
    ]
  },
  {
    "frequency": 2,
    "overriddenMethods": [
      "Ljava/util/HashMap.containsKey(Ljava/lang/Object;)Z",
      "Ljava/util/HashMap.containsValue(Ljava/lang/Object;)Z",
      "Ljava/util/HashMap.entrySet()Ljava/util/Set;",
      "Ljava/util/HashMap.get(Ljava/lang/Object;)Ljava/lang/Object;",
      "Ljava/util/HashMap.isEmpty()Z",
      "Ljava/util/HashMap.put(Ljava/lang/Object;Ljava/lang/Object;)Ljava/lang/Object;",
      "Ljava/util/HashMap.remove(Ljava/lang/Object;)Ljava/lang/Object;",
      "Ljava/util/HashMap.size()I",
      "Ljava/util/HashMap.values()Ljava/util/Collection;"
    ]
  },
  {
    "frequency": 3,
    "overriddenMethods": [
      "Ljava/util/AbstractMap.equals(Ljava/lang/Object;)Z",
      "Ljava/util/AbstractMap.hashCode()I"
    ]
  },
  {
    "frequency": 4,
    "overriddenMethods": [
      "Ljava/util/HashMap.put(Ljava/lang/Object;Ljava/lang/Object;)Ljava/lang/Object;",
      "Ljava/util/HashMap.remove(Ljava/lang/Object;)Ljava/lang/Object;"
    ]
  },
  {
    "frequency": 9,
    "overriddenMethods": [
      "Ljava/util/HashMap.clone()Ljava/lang/Object;",
      "Ljava/util/HashMap.put(Ljava/lang/Object;Ljava/lang/Object;)Ljava/lang/Object;",
      "Ljava/util/HashMap.putAll(Ljava/util/Map;)V"
    ]
  },
  {
    "frequency": 18,
    "overriddenMethods": [
      "Ljava/util/HashMap.clone()Ljava/lang/Object;",
      "Ljava/util/HashMap.get(Ljava/lang/Object;)Ljava/lang/Object;",
      "Ljava/util/HashMap.put(Ljava/lang/Object;Ljava/lang/Object;)Ljava/lang/Object;",
      "Ljava/util/HashMap.putAll(Ljava/util/Map;)V"
    ]
  },
  {
    "frequency": 18,
    "overriddenMethods": [
      "Ljava/util/HashMap.containsKey(Ljava/lang/Object;)Z",
      "Ljava/util/HashMap.get(Ljava/lang/Object;)Ljava/lang/Object;",
      "Ljava/util/HashMap.put(Ljava/lang/Object;Ljava/lang/Object;)Ljava/lang/Object;",
      "Ljava/util/HashMap.putAll(Ljava/util/Map;)V",
      "Ljava/util/HashMap.remove(Ljava/lang/Object;)Ljava/lang/Object;"
    ]
  },
  {
    "frequency": 9,
    "overriddenMethods": [
      "Ljava/util/HashMap.putAll(Ljava/util/Map;)V"
    ]
  },
  {
    "frequency": 17,
    "overriddenMethods": [
      "Ljava/util/HashMap.clear()V",
      "Ljava/util/HashMap.entrySet()Ljava/util/Set;",
      "Ljava/util/HashMap.keySet()Ljava/util/Set;",
      "Ljava/util/HashMap.put(Ljava/lang/Object;Ljava/lang/Object;)Ljava/lang/Object;",
      "Ljava/util/HashMap.putAll(Ljava/util/Map;)V",
      "Ljava/util/HashMap.remove(Ljava/lang/Object;)Ljava/lang/Object;",
      "Ljava/util/HashMap.values()Ljava/util/Collection;"
    ]
  },
  {
    "frequency": 16,
    "overriddenMethods": [
      "Ljava/util/HashMap.put(Ljava/lang/Object;Ljava/lang/Object;)Ljava/lang/Object;",
      "Ljava/util/HashMap.values()Ljava/util/Collection;"
    ]
  },
  {
    "frequency": 1,
    "overriddenMethods": [
      "Ljava/util/HashMap.clone()Ljava/lang/Object;",
      "Ljava/util/HashMap.entrySet()Ljava/util/Set;",
      "Ljava/util/HashMap.put(Ljava/lang/Object;Ljava/lang/Object;)Ljava/lang/Object;"
    ]
  },
  {
    "frequency": 3,
    "overriddenMethods": [
      "Ljava/util/HashMap.keySet()Ljava/util/Set;",
      "Ljava/util/HashMap.put(Ljava/lang/Object;Ljava/lang/Object;)Ljava/lang/Object;"
    ]
  },
  {
    "frequency": 11,
    "overriddenMethods": [
      "Ljava/util/AbstractMap.equals(Ljava/lang/Object;)Z",
      "Ljava/util/AbstractMap.hashCode()I",
      "Ljava/util/HashMap.clear()V",
      "Ljava/util/HashMap.containsKey(Ljava/lang/Object;)Z",
      "Ljava/util/HashMap.containsValue(Ljava/lang/Object;)Z",
      "Ljava/util/HashMap.entrySet()Ljava/util/Set;",
      "Ljava/util/HashMap.get(Ljava/lang/Object;)Ljava/lang/Object;",
      "Ljava/util/HashMap.isEmpty()Z",
      "Ljava/util/HashMap.keySet()Ljava/util/Set;",
      "Ljava/util/HashMap.put(Ljava/lang/Object;Ljava/lang/Object;)Ljava/lang/Object;",
      "Ljava/util/HashMap.putAll(Ljava/util/Map;)V",
      "Ljava/util/HashMap.remove(Ljava/lang/Object;)Ljava/lang/Object;",
      "Ljava/util/HashMap.size()I",
      "Ljava/util/HashMap.values()Ljava/util/Collection;"
    ]
  },
  {
    "frequency": 7,
    "overriddenMethods": [
      "Ljava/util/HashMap.put(Ljava/lang/Object;Ljava/lang/Object;)Ljava/lang/Object;",
      "Ljava/util/HashMap.putAll(Ljava/util/Map;)V"
    ]
  },
  {
    "frequency": 16,
    "overriddenMethods": [
      "Ljava/util/AbstractMap.hashCode()I",
      "Ljava/util/HashMap.clear()V",
      "Ljava/util/HashMap.entrySet()Ljava/util/Set;",
      "Ljava/util/HashMap.keySet()Ljava/util/Set;",
      "Ljava/util/HashMap.put(Ljava/lang/Object;Ljava/lang/Object;)Ljava/lang/Object;",
      "Ljava/util/HashMap.putAll(Ljava/util/Map;)V",
      "Ljava/util/HashMap.remove(Ljava/lang/Object;)Ljava/lang/Object;",
      "Ljava/util/HashMap.values()Ljava/util/Collection;"
    ]
  },
  {
    "frequency": 1,
    "overriddenMethods": [
      "Ljava/util/HashMap.clear()V",
      "Ljava/util/HashMap.clone()Ljava/lang/Object;",
      "Ljava/util/HashMap.put(Ljava/lang/Object;Ljava/lang/Object;)Ljava/lang/Object;",
      "Ljava/util/HashMap.remove(Ljava/lang/Object;)Ljava/lang/Object;"
    ]
  },
  {
    "frequency": 1,
    "overriddenMethods": [
      "Ljava/util/AbstractMap.equals(Ljava/lang/Object;)Z"
    ]
  },
  {
    "frequency": 1,
    "overriddenMethods": [
      "Ljava/util/AbstractMap.toString()Ljava/lang/String;",
      "Ljava/util/HashMap.put(Ljava/lang/Object;Ljava/lang/Object;)Ljava/lang/Object;",
      "Ljava/util/HashMap.remove(Ljava/lang/Object;)Ljava/lang/Object;"
    ]
  },
  {
    "frequency": 2,
    "overriddenMethods": [
      "Ljava/lang/Object.finalize()V"
    ]
  },
  {
    "frequency": 1,
    "overriddenMethods": [
      "Ljava/util/HashMap.containsKey(Ljava/lang/Object;)Z",
      "Ljava/util/HashMap.containsValue(Ljava/lang/Object;)Z",
      "Ljava/util/HashMap.entrySet()Ljava/util/Set;",
      "Ljava/util/HashMap.get(Ljava/lang/Object;)Ljava/lang/Object;",
      "Ljava/util/HashMap.keySet()Ljava/util/Set;",
      "Ljava/util/HashMap.put(Ljava/lang/Object;Ljava/lang/Object;)Ljava/lang/Object;",
      "Ljava/util/HashMap.putAll(Ljava/util/Map;)V",
      "Ljava/util/HashMap.remove(Ljava/lang/Object;)Ljava/lang/Object;"
    ]
  },
  {
    "frequency": 1,
    "overriddenMethods": [
      "Ljava/util/HashMap.clear()V",
      "Ljava/util/HashMap.get(Ljava/lang/Object;)Ljava/lang/Object;",
      "Ljava/util/HashMap.put(Ljava/lang/Object;Ljava/lang/Object;)Ljava/lang/Object;",
      "Ljava/util/HashMap.remove(Ljava/lang/Object;)Ljava/lang/Object;"
    ]
  },
  {
    "frequency": 14,
    "overriddenMethods": [
      "Ljava/util/HashMap.clear()V",
      "Ljava/util/HashMap.clone()Ljava/lang/Object;",
      "Ljava/util/HashMap.containsValue(Ljava/lang/Object;)Z",
      "Ljava/util/HashMap.put(Ljava/lang/Object;Ljava/lang/Object;)Ljava/lang/Object;",
      "Ljava/util/HashMap.putAll(Ljava/util/Map;)V",
      "Ljava/util/HashMap.values()Ljava/util/Collection;"
    ]
  },
  {
    "frequency": 26,
    "overriddenMethods": [
      "Ljava/util/HashMap.get(Ljava/lang/Object;)Ljava/lang/Object;",
      "Ljava/util/HashMap.put(Ljava/lang/Object;Ljava/lang/Object;)Ljava/lang/Object;"
    ]
  },
  {
    "frequency": 2,
    "overriddenMethods": [
      "Ljava/util/HashMap.containsKey(Ljava/lang/Object;)Z",
      "Ljava/util/HashMap.containsValue(Ljava/lang/Object;)Z",
      "Ljava/util/HashMap.entrySet()Ljava/util/Set;",
      "Ljava/util/HashMap.get(Ljava/lang/Object;)Ljava/lang/Object;",
      "Ljava/util/HashMap.isEmpty()Z",
      "Ljava/util/HashMap.keySet()Ljava/util/Set;",
      "Ljava/util/HashMap.put(Ljava/lang/Object;Ljava/lang/Object;)Ljava/lang/Object;",
      "Ljava/util/HashMap.putAll(Ljava/util/Map;)V",
      "Ljava/util/HashMap.remove(Ljava/lang/Object;)Ljava/lang/Object;",
      "Ljava/util/HashMap.size()I",
      "Ljava/util/HashMap.values()Ljava/util/Collection;"
    ]
  },
  {
    "frequency": 3,
    "overriddenMethods": [
      "Ljava/util/HashMap.containsKey(Ljava/lang/Object;)Z",
      "Ljava/util/HashMap.containsValue(Ljava/lang/Object;)Z",
      "Ljava/util/HashMap.keySet()Ljava/util/Set;"
    ]
  },
  {
    "frequency": 28,
    "overriddenMethods": [
      "Ljava/util/HashMap.put(Ljava/lang/Object;Ljava/lang/Object;)Ljava/lang/Object;"
    ]
  },
  {
    "frequency": 1,
    "overriddenMethods": [
      "Ljava/util/AbstractMap.equals(Ljava/lang/Object;)Z",
      "Ljava/util/AbstractMap.hashCode()I",
      "Ljava/util/AbstractMap.toString()Ljava/lang/String;",
      "Ljava/util/HashMap.clear()V",
      "Ljava/util/HashMap.clone()Ljava/lang/Object;",
      "Ljava/util/HashMap.containsKey(Ljava/lang/Object;)Z",
      "Ljava/util/HashMap.containsValue(Ljava/lang/Object;)Z",
      "Ljava/util/HashMap.entrySet()Ljava/util/Set;",
      "Ljava/util/HashMap.get(Ljava/lang/Object;)Ljava/lang/Object;",
      "Ljava/util/HashMap.isEmpty()Z",
      "Ljava/util/HashMap.keySet()Ljava/util/Set;",
      "Ljava/util/HashMap.put(Ljava/lang/Object;Ljava/lang/Object;)Ljava/lang/Object;",
      "Ljava/util/HashMap.putAll(Ljava/util/Map;)V",
      "Ljava/util/HashMap.remove(Ljava/lang/Object;)Ljava/lang/Object;",
      "Ljava/util/HashMap.size()I",
      "Ljava/util/HashMap.values()Ljava/util/Collection;"
    ]
  }
]