[
  {
    "frequency": 12,
    "overriddenMethods": []
  },
  {
    "frequency": 1,
    "overriddenMethods": [
      "Ljava/util/IdentityHashMap.clear()V",
      "Ljava/util/IdentityHashMap.containsValue(Ljava/lang/Object;)Z",
      "Ljava/util/IdentityHashMap.put(Ljava/lang/Object;Ljava/lang/Object;)Ljava/lang/Object;",
      "Ljava/util/IdentityHashMap.remove(Ljava/lang/Object;)Ljava/lang/Object;"
    ]
  },
  {
    "frequency": 1,
    "overriddenMethods": [
      "Ljava/util/IdentityHashMap.put(Ljava/lang/Object;Ljava/lang/Object;)Ljava/lang/Object;"
    ]
  },
  {
    "frequency": 1,
    "overriddenMethods": [
      "Ljava/util/IdentityHashMap.entrySet()Ljava/util/Set;"
    ]
  },
  {
    "frequency": 1,
    "overriddenMethods": [
      "Ljava/util/IdentityHashMap.clear()V",
      "Ljava/util/IdentityHashMap.clone()Ljava/lang/Object;",
      "Ljava/util/IdentityHashMap.entrySet()Ljava/util/Set;",
      "Ljava/util/IdentityHashMap.keySet()Ljava/util/Set;",
      "Ljava/util/IdentityHashMap.put(Ljava/lang/Object;Ljava/lang/Object;)Ljava/lang/Object;",
      "Ljava/util/IdentityHashMap.putAll(Ljava/util/Map;)V",
      "Ljava/util/IdentityHashMap.remove(Ljava/lang/Object;)Ljava/lang/Object;",
      "Ljava/util/IdentityHashMap.values()Ljava/util/Collection;"
    ]
  }
]