[
  {
    "frequency": 1,
    "overriddenMethods": []
  },
  {
    "frequency": 1,
    "overriddenMethods": [
      "Ljava/lang/Object.toString()Ljava/lang/String;",
      "Ljava/util/ResourceBundle.getKeys()Ljava/util/Enumeration;",
      "Ljava/util/ResourceBundle.getLocale()Ljava/util/Locale;",
      "Ljava/util/ResourceBundle.handleGetObject(Ljava/lang/String;)Ljava/lang/Object;"
    ]
  },
  {
    "frequency": 2,
    "overriddenMethods": [
      "Ljava/util/ResourceBundle.containsKey(Ljava/lang/String;)Z",
      "Ljava/util/ResourceBundle.getKeys()Ljava/util/Enumeration;",
      "Ljava/util/ResourceBundle.getLocale()Ljava/util/Locale;",
      "Ljava/util/ResourceBundle.handleGetObject(Ljava/lang/String;)Ljava/lang/Object;"
    ]
  },
  {
    "frequency": 15,
    "overriddenMethods": [
      "Ljava/lang/Object.toString()Ljava/lang/String;",
      "Ljava/util/ResourceBundle.getKeys()Ljava/util/Enumeration;",
      "Ljava/util/ResourceBundle.handleGetObject(Ljava/lang/String;)Ljava/lang/Object;"
    ]
  },
  {
    "frequency": 10,
    "overriddenMethods": [
      "Ljava/util/ResourceBundle.getKeys()Ljava/util/Enumeration;",
      "Ljava/util/ResourceBundle.handleGetObject(Ljava/lang/String;)Ljava/lang/Object;",
      "Ljava/util/ResourceBundle.setParent(Ljava/util/ResourceBundle;)V"
    ]
  },
  {
    "frequency": 1,
    "overriddenMethods": [
      "Ljava/util/ResourceBundle.getKeys()Ljava/util/Enumeration;",
      "Ljava/util/ResourceBundle.getLocale()Ljava/util/Locale;",
      "Ljava/util/ResourceBundle.handleGetObject(Ljava/lang/String;)Ljava/lang/Object;",
      "Ljava/util/ResourceBundle.setParent(Ljava/util/ResourceBundle;)V"
    ]
  },
  {
    "frequency": 19,
    "overriddenMethods": [
      "Ljava/util/ResourceBundle.getKeys()Ljava/util/Enumeration;",
      "Ljava/util/ResourceBundle.getLocale()Ljava/util/Locale;",
      "Ljava/util/ResourceBundle.handleGetObject(Ljava/lang/String;)Ljava/lang/Object;"
    ]
  },
  {
    "frequency": 259,
    "overriddenMethods": [
      "Ljava/util/ResourceBundle.getKeys()Ljava/util/Enumeration;",
      "Ljava/util/ResourceBundle.handleGetObject(Ljava/lang/String;)Ljava/lang/Object;"
    ]
  },
  {
    "frequency": 1,
    "overriddenMethods": [
      "Ljava/util/ResourceBundle.getKeys()Ljava/util/Enumeration;"
    ]
  }
]