[
  {
    "frequency": 12,
    "overriddenMethods": []
  },
  {
    "frequency": 9,
    "overriddenMethods": [
      "Ljava/util/AbstractCollection.containsAll(Ljava/util/Collection;)Z",
      "Ljava/util/AbstractCollection.retainAll(Ljava/util/Collection;)Z",
      "Ljava/util/AbstractCollection.toArray()[Ljava/lang/Object;",
      "Ljava/util/AbstractCollection.toArray([Ljava/lang/Object;)[Ljava/lang/Object;",
      "Ljava/util/AbstractSet.equals(Ljava/lang/Object;)Z",
      "Ljava/util/AbstractSet.hashCode()I",
      "Ljava/util/AbstractSet.removeAll(Ljava/util/Collection;)Z",
      "Ljava/util/TreeSet.add(Ljava/lang/Object;)Z",
      "Ljava/util/TreeSet.addAll(Ljava/util/Collection;)Z",
      "Ljava/util/TreeSet.clear()V",
      "Ljava/util/TreeSet.clone()Ljava/lang/Object;",
      "Ljava/util/TreeSet.comparator()Ljava/util/Comparator;",
      "Ljava/util/TreeSet.contains(Ljava/lang/Object;)Z",
      "Ljava/util/TreeSet.first()Ljava/lang/Object;",
      "Ljava/util/TreeSet.headSet(Ljava/lang/Object;)Ljava/util/SortedSet;",
      "Ljava/util/TreeSet.isEmpty()Z",
      "Ljava/util/TreeSet.iterator()Ljava/util/Iterator;",
      "Ljava/util/TreeSet.last()Ljava/lang/Object;",
      "Ljava/util/TreeSet.remove(Ljava/lang/Object;)Z",
      "Ljava/util/TreeSet.size()I",
      "Ljava/util/TreeSet.subSet(Ljava/lang/Object;Ljava/lang/Object;)Ljava/util/SortedSet;",
      "Ljava/util/TreeSet.tailSet(Ljava/lang/Object;)Ljava/util/SortedSet;"
    ]
  },
  {
    "frequency": 1,
    "overriddenMethods": [
      "Ljava/util/TreeSet.add(Ljava/lang/Object;)Z",
      "Ljava/util/TreeSet.addAll(Ljava/util/Collection;)Z",
      "Ljava/util/TreeSet.contains(Ljava/lang/Object;)Z"
    ]
  },
  {
    "frequency": 1,
    "overriddenMethods": [
      "Ljava/util/AbstractCollection.toString()Ljava/lang/String;"
    ]
  },
  {
    "frequency": 3,
    "overriddenMethods": [
      "Ljava/util/TreeSet.add(Ljava/lang/Object;)Z",
      "Ljava/util/TreeSet.addAll(Ljava/util/Collection;)Z"
    ]
  },
  {
    "frequency": 1,
    "overriddenMethods": [
      "Ljava/util/TreeSet.add(Ljava/lang/Object;)Z",
      "Ljava/util/TreeSet.remove(Ljava/lang/Object;)Z"
    ]
  },
  {
    "frequency": 1,
    "overriddenMethods": [
      "Ljava/util/TreeSet.add(Ljava/lang/Object;)Z"
    ]
  },
  {
    "frequency": 1,
    "overriddenMethods": [
      "Ljava/util/AbstractCollection.retainAll(Ljava/util/Collection;)Z",
      "Ljava/util/AbstractSet.removeAll(Ljava/util/Collection;)Z",
      "Ljava/util/TreeSet.add(Ljava/lang/Object;)Z",
      "Ljava/util/TreeSet.addAll(Ljava/util/Collection;)Z",
      "Ljava/util/TreeSet.clear()V",
      "Ljava/util/TreeSet.clone()Ljava/lang/Object;",
      "Ljava/util/TreeSet.iterator()Ljava/util/Iterator;",
      "Ljava/util/TreeSet.remove(Ljava/lang/Object;)Z"
    ]
  }
]