[
  {
    "frequency": 24,
    "overriddenMethods": []
  },
  {
    "frequency": 1,
    "overriddenMethods": [
      "Ljava/util/TreeMap.get(Ljava/lang/Object;)Ljava/lang/Object;",
      "Ljava/util/TreeMap.put(Ljava/lang/Object;Ljava/lang/Object;)Ljava/lang/Object;"
    ]
  },
  {
    "frequency": 3,
    "overriddenMethods": [
      "Ljava/util/TreeMap.clone()Ljava/lang/Object;",
      "Ljava/util/TreeMap.put(Ljava/lang/Object;Ljava/lang/Object;)Ljava/lang/Object;",
      "Ljava/util/TreeMap.putAll(Ljava/util/Map;)V"
    ]
  },
  {
    "frequency": 32,
    "overriddenMethods": [
      "Ljava/util/AbstractMap.equals(Ljava/lang/Object;)Z",
      "Ljava/util/AbstractMap.hashCode()I",
      "Ljava/util/AbstractMap.isEmpty()Z",
      "Ljava/util/TreeMap.clear()V",
      "Ljava/util/TreeMap.clone()Ljava/lang/Object;",
      "Ljava/util/TreeMap.comparator()Ljava/util/Comparator;",
      "Ljava/util/TreeMap.containsKey(Ljava/lang/Object;)Z",
      "Ljava/util/TreeMap.containsValue(Ljava/lang/Object;)Z",
      "Ljava/util/TreeMap.entrySet()Ljava/util/Set;",
      "Ljava/util/TreeMap.firstKey()Ljava/lang/Object;",
      "Ljava/util/TreeMap.get(Ljava/lang/Object;)Ljava/lang/Object;",
      "Ljava/util/TreeMap.headMap(Ljava/lang/Object;)Ljava/util/SortedMap;",
      "Ljava/util/TreeMap.keySet()Ljava/util/Set;",
      "Ljava/util/TreeMap.lastKey()Ljava/lang/Object;",
      "Ljava/util/TreeMap.put(Ljava/lang/Object;Ljava/lang/Object;)Ljava/lang/Object;",
      "Ljava/util/TreeMap.putAll(Ljava/util/Map;)V",
      "Ljava/util/TreeMap.remove(Ljava/lang/Object;)Ljava/lang/Object;",
      "Ljava/util/TreeMap.size()I",
      "Ljava/util/TreeMap.subMap(Ljava/lang/Object;Ljava/lang/Object;)Ljava/util/SortedMap;",
      "Ljava/util/TreeMap.tailMap(Ljava/lang/Object;)Ljava/util/SortedMap;",
      "Ljava/util/TreeMap.values()Ljava/util/Collection;"
    ]
  },
  {
    "frequency": 18,
    "overriddenMethods": [
      "Ljava/util/TreeMap.clear()V",
      "Ljava/util/TreeMap.containsValue(Ljava/lang/Object;)Z",
      "Ljava/util/TreeMap.entrySet()Ljava/util/Set;",
      "Ljava/util/TreeMap.get(Ljava/lang/Object;)Ljava/lang/Object;",
      "Ljava/util/TreeMap.keySet()Ljava/util/Set;",
      "Ljava/util/TreeMap.put(Ljava/lang/Object;Ljava/lang/Object;)Ljava/lang/Object;",
      "Ljava/util/TreeMap.putAll(Ljava/util/Map;)V",
      "Ljava/util/TreeMap.remove(Ljava/lang/Object;)Ljava/lang/Object;",
      "Ljava/util/TreeMap.values()Ljava/util/Collection;"
    ]
  },
  {
    "frequency": 1,
    "overriddenMethods": [
      "Ljava/util/TreeMap.clone()Ljava/lang/Object;",
      "Ljava/util/TreeMap.entrySet()Ljava/util/Set;",
      "Ljava/util/TreeMap.put(Ljava/lang/Object;Ljava/lang/Object;)Ljava/lang/Object;"
    ]
  },
  {
    "frequency": 2,
    "overriddenMethods": [
      "Ljava/util/TreeMap.containsKey(Ljava/lang/Object;)Z",
      "Ljava/util/TreeMap.get(Ljava/lang/Object;)Ljava/lang/Object;",
      "Ljava/util/TreeMap.put(Ljava/lang/Object;Ljava/lang/Object;)Ljava/lang/Object;"
    ]
  },
  {
    "frequency": 5,
    "overriddenMethods": [
      "Ljava/util/TreeMap.put(Ljava/lang/Object;Ljava/lang/Object;)Ljava/lang/Object;"
    ]
  },
  {
    "frequency": 6,
    "overriddenMethods": [
      "Ljava/util/TreeMap.clone()Ljava/lang/Object;",
      "Ljava/util/TreeMap.put(Ljava/lang/Object;Ljava/lang/Object;)Ljava/lang/Object;",
      "Ljava/util/TreeMap.remove(Ljava/lang/Object;)Ljava/lang/Object;"
    ]
  },
  {
    "frequency": 1,
    "overriddenMethods": [
      "Ljava/util/TreeMap.clear()V",
      "Ljava/util/TreeMap.clone()Ljava/lang/Object;",
      "Ljava/util/TreeMap.entrySet()Ljava/util/Set;",
      "Ljava/util/TreeMap.keySet()Ljava/util/Set;",
      "Ljava/util/TreeMap.put(Ljava/lang/Object;Ljava/lang/Object;)Ljava/lang/Object;",
      "Ljava/util/TreeMap.putAll(Ljava/util/Map;)V",
      "Ljava/util/TreeMap.remove(Ljava/lang/Object;)Ljava/lang/Object;",
      "Ljava/util/TreeMap.values()Ljava/util/Collection;"
    ]
  },
  {
    "frequency": 5,
    "overriddenMethods": [
      "Ljava/util/AbstractMap.toString()Ljava/lang/String;"
    ]
  }
]