[
  {
    "frequency": 2,
    "overriddenMethods": []
  },
  {
    "frequency": 1,
    "overriddenMethods": [
      "Ljava/lang/Object.equals(Ljava/lang/Object;)Z",
      "Ljavax/swing/filechooser/FileFilter.accept(Ljava/io/File;)Z",
      "Ljavax/swing/filechooser/FileFilter.getDescription()Ljava/lang/String;"
    ]
  },
  {
    "frequency": 194,
    "overriddenMethods": [
      "Ljavax/swing/filechooser/FileFilter.accept(Ljava/io/File;)Z",
      "Ljavax/swing/filechooser/FileFilter.getDescription()Ljava/lang/String;"
    ]
  }
]