[
  {
    "frequency": 1,
    "overriddenMethods": [
      "Ljava/util/jar/JarEntry.getAttributes()Ljava/util/jar/Attributes;",
      "Ljava/util/jar/JarEntry.getCertificates()[Ljava/security/cert/Certificate;",
      "Ljava/util/zip/ZipEntry.clone()Ljava/lang/Object;",
      "Ljava/util/zip/ZipEntry.getComment()Ljava/lang/String;",
      "Ljava/util/zip/ZipEntry.getCompressedSize()J",
      "Ljava/util/zip/ZipEntry.getCrc()J",
      "Ljava/util/zip/ZipEntry.getExtra()[B",
      "Ljava/util/zip/ZipEntry.getMethod()I",
      "Ljava/util/zip/ZipEntry.getSize()J",
      "Ljava/util/zip/ZipEntry.getTime()J",
      "Ljava/util/zip/ZipEntry.isDirectory()Z",
      "Ljava/util/zip/ZipEntry.setComment(Ljava/lang/String;)V",
      "Ljava/util/zip/ZipEntry.setCompressedSize(J)V",
      "Ljava/util/zip/ZipEntry.setCrc(J)V",
      "Ljava/util/zip/ZipEntry.setExtra([B)V",
      "Ljava/util/zip/ZipEntry.setMethod(I)V",
      "Ljava/util/zip/ZipEntry.setSize(J)V",
      "Ljava/util/zip/ZipEntry.setTime(J)V"
    ]
  },
  {
    "frequency": 1,
    "overriddenMethods": [
      "Ljava/util/jar/JarEntry.getAttributes()Ljava/util/jar/Attributes;",
      "Ljava/util/jar/JarEntry.getCertificates()[Ljava/security/cert/Certificate;",
      "Ljava/util/zip/ZipEntry.clone()Ljava/lang/Object;",
      "Ljava/util/zip/ZipEntry.getComment()Ljava/lang/String;",
      "Ljava/util/zip/ZipEntry.getCompressedSize()J",
      "Ljava/util/zip/ZipEntry.getCrc()J",
      "Ljava/util/zip/ZipEntry.getExtra()[B",
      "Ljava/util/zip/ZipEntry.getMethod()I",
      "Ljava/util/zip/ZipEntry.getSize()J",
      "Ljava/util/zip/ZipEntry.getTime()J",
      "Ljava/util/zip/ZipEntry.hashCode()I",
      "Ljava/util/zip/ZipEntry.isDirectory()Z",
      "Ljava/util/zip/ZipEntry.setComment(Ljava/lang/String;)V",
      "Ljava/util/zip/ZipEntry.setCompressedSize(J)V",
      "Ljava/util/zip/ZipEntry.setCrc(J)V",
      "Ljava/util/zip/ZipEntry.setExtra([B)V",
      "Ljava/util/zip/ZipEntry.setMethod(I)V",
      "Ljava/util/zip/ZipEntry.setSize(J)V",
      "Ljava/util/zip/ZipEntry.setTime(J)V",
      "Ljava/util/zip/ZipEntry.toString()Ljava/lang/String;"
    ]
  },
  {
    "frequency": 1,
    "overriddenMethods": [
      "Ljava/util/jar/JarEntry.getAttributes()Ljava/util/jar/Attributes;",
      "Ljava/util/jar/JarEntry.getCertificates()[Ljava/security/cert/Certificate;",
      "Ljava/util/jar/JarEntry.getCodeSigners()[Ljava/security/CodeSigner;",
      "Ljava/util/zip/ZipEntry.getSize()J",
      "Ljava/util/zip/ZipEntry.getTime()J",
      "Ljava/util/zip/ZipEntry.isDirectory()Z"
    ]
  }
]