[
  {
    "frequency": 1,
    "overriddenMethods": [
      "Ljava/util/jar/JarFile.getEntry(Ljava/lang/String;)Ljava/util/zip/ZipEntry;",
      "Ljava/util/jar/JarFile.getJarEntry(Ljava/lang/String;)Ljava/util/jar/JarEntry;"
    ]
  },
  {
    "frequency": 1,
    "overriddenMethods": [
      "Ljava/util/jar/JarFile.entries()Ljava/util/Enumeration;",
      "Ljava/util/jar/JarFile.getEntry(Ljava/lang/String;)Ljava/util/zip/ZipEntry;",
      "Ljava/util/jar/JarFile.getInputStream(Ljava/util/zip/ZipEntry;)Ljava/io/InputStream;",
      "Ljava/util/jar/JarFile.getJarEntry(Ljava/lang/String;)Ljava/util/jar/JarEntry;",
      "Ljava/util/jar/JarFile.getManifest()Ljava/util/jar/Manifest;"
    ]
  },
  {
    "frequency": 2,
    "overriddenMethods": [
      "Ljava/util/jar/JarFile.entries()Ljava/util/Enumeration;",
      "Ljava/util/jar/JarFile.getEntry(Ljava/lang/String;)Ljava/util/zip/ZipEntry;",
      "Ljava/util/jar/JarFile.getInputStream(Ljava/util/zip/ZipEntry;)Ljava/io/InputStream;",
      "Ljava/util/jar/JarFile.getJarEntry(Ljava/lang/String;)Ljava/util/jar/JarEntry;",
      "Ljava/util/jar/JarFile.getManifest()Ljava/util/jar/Manifest;",
      "Ljava/util/zip/ZipFile.close()V",
      "Ljava/util/zip/ZipFile.finalize()V",
      "Ljava/util/zip/ZipFile.getName()Ljava/lang/String;",
      "Ljava/util/zip/ZipFile.size()I"
    ]
  }
]