[
  {
    "frequency": 71,
    "overriddenMethods": []
  },
  {
    "frequency": 1,
    "overriddenMethods": [
      "Ljava/lang/Object.toString()Ljava/lang/String;",
      "Ljavax/swing/AbstractListModel.addListDataListener(Ljavax/swing/event/ListDataListener;)V",
      "Ljavax/swing/AbstractListModel.removeListDataListener(Ljavax/swing/event/ListDataListener;)V"
    ]
  },
  {
    "frequency": 3,
    "overriddenMethods": [
      "Ljava/lang/Object.toString()Ljava/lang/String;"
    ]
  },
  {
    "frequency": 1,
    "overriddenMethods": [
      "Ljava/lang/Object.equals(Ljava/lang/Object;)Z",
      "Ljava/lang/Object.hashCode()I"
    ]
  }
]