[
  {
    "frequency": 5,
    "overriddenMethods": []
  },
  {
    "frequency": 1,
    "overriddenMethods": [
      "Ljavax/swing/AbstractSpinnerModel.fireStateChanged()V"
    ]
  },
  {
    "frequency": 1,
    "overriddenMethods": [
      "Ljava/lang/Object.toString()Ljava/lang/String;",
      "Ljavax/swing/AbstractSpinnerModel.addChangeListener(Ljavax/swing/event/ChangeListener;)V",
      "Ljavax/swing/AbstractSpinnerModel.fireStateChanged()V",
      "Ljavax/swing/AbstractSpinnerModel.removeChangeListener(Ljavax/swing/event/ChangeListener;)V"
    ]
  }
]