[
  {
    "frequency": 1,
    "overriddenMethods": [
      "Ljava/lang/Object.toString()Ljava/lang/String;",
      "Ljavax/swing/DefaultCellEditor$EditorDelegate.getCellEditorValue()Ljava/lang/Object;",
      "Ljavax/swing/DefaultCellEditor$EditorDelegate.setValue(Ljava/lang/Object;)V"
    ]
  },
  {
    "frequency": 1,
    "overriddenMethods": [
      "Ljavax/swing/DefaultCellEditor$EditorDelegate.getCellEditorValue()Ljava/lang/Object;",
      "Ljavax/swing/DefaultCellEditor$EditorDelegate.setValue(Ljava/lang/Object;)V"
    ]
  },
  {
    "frequency": 4,
    "overriddenMethods": [
      "Ljavax/swing/DefaultCellEditor$EditorDelegate.getCellEditorValue()Ljava/lang/Object;",
      "Ljavax/swing/DefaultCellEditor$EditorDelegate.setValue(Ljava/lang/Object;)V",
      "Ljavax/swing/DefaultCellEditor$EditorDelegate.stopCellEditing()Z"
    ]
  }
]