[
  {
    "frequency": 1,
    "overriddenMethods": [
      "Ljavax/swing/DefaultDesktopManager.beginDraggingFrame(Ljavax/swing/JComponent;)V",
      "Ljavax/swing/DefaultDesktopManager.dragFrame(Ljavax/swing/JComponent;II)V",
      "Ljavax/swing/DefaultDesktopManager.endDraggingFrame(Ljavax/swing/JComponent;)V",
      "Ljavax/swing/DefaultDesktopManager.endResizingFrame(Ljavax/swing/JComponent;)V",
      "Ljavax/swing/DefaultDesktopManager.resizeFrame(Ljavax/swing/JComponent;IIII)V"
    ]
  },
  {
    "frequency": 2,
    "overriddenMethods": [
      "Ljavax/swing/DefaultDesktopManager.activateFrame(Ljavax/swing/JInternalFrame;)V",
      "Ljavax/swing/DefaultDesktopManager.beginDraggingFrame(Ljavax/swing/JComponent;)V",
      "Ljavax/swing/DefaultDesktopManager.beginResizingFrame(Ljavax/swing/JComponent;I)V",
      "Ljavax/swing/DefaultDesktopManager.closeFrame(Ljavax/swing/JInternalFrame;)V",
      "Ljavax/swing/DefaultDesktopManager.deactivateFrame(Ljavax/swing/JInternalFrame;)V",
      "Ljavax/swing/DefaultDesktopManager.deiconifyFrame(Ljavax/swing/JInternalFrame;)V",
      "Ljavax/swing/DefaultDesktopManager.dragFrame(Ljavax/swing/JComponent;II)V",
      "Ljavax/swing/DefaultDesktopManager.endDraggingFrame(Ljavax/swing/JComponent;)V",
      "Ljavax/swing/DefaultDesktopManager.endResizingFrame(Ljavax/swing/JComponent;)V",
      "Ljavax/swing/DefaultDesktopManager.iconifyFrame(Ljavax/swing/JInternalFrame;)V",
      "Ljavax/swing/DefaultDesktopManager.minimizeFrame(Ljavax/swing/JInternalFrame;)V",
      "Ljavax/swing/DefaultDesktopManager.openFrame(Ljavax/swing/JInternalFrame;)V",
      "Ljavax/swing/DefaultDesktopManager.resizeFrame(Ljavax/swing/JComponent;IIII)V",
      "Ljavax/swing/DefaultDesktopManager.setBoundsForFrame(Ljavax/swing/JComponent;IIII)V"
    ]
  },
  {
    "frequency": 1,
    "overriddenMethods": [
      "Ljavax/swing/DefaultDesktopManager.activateFrame(Ljavax/swing/JInternalFrame;)V",
      "Ljavax/swing/DefaultDesktopManager.closeFrame(Ljavax/swing/JInternalFrame;)V",
      "Ljavax/swing/DefaultDesktopManager.deactivateFrame(Ljavax/swing/JInternalFrame;)V"
    ]
  }
]