[
  {
    "frequency": 1,
    "overriddenMethods": []
  },
  {
    "frequency": 1,
    "overriddenMethods": [
      "Ljavax/swing/DefaultComboBoxModel.addElement(Ljava/lang/Object;)V",
      "Ljavax/swing/DefaultComboBoxModel.insertElementAt(Ljava/lang/Object;I)V",
      "Ljavax/swing/DefaultComboBoxModel.removeAllElements()V",
      "Ljavax/swing/DefaultComboBoxModel.removeElement(Ljava/lang/Object;)V",
      "Ljavax/swing/DefaultComboBoxModel.removeElementAt(I)V"
    ]
  },
  {
    "frequency": 1,
    "overriddenMethods": [
      "Ljavax/swing/DefaultComboBoxModel.addElement(Ljava/lang/Object;)V",
      "Ljavax/swing/DefaultComboBoxModel.insertElementAt(Ljava/lang/Object;I)V"
    ]
  }
]