[
  {
    "frequency": 2,
    "overriddenMethods": [
      "Ljavax/swing/AbstractButton.setAction(Ljavax/swing/Action;)V"
    ]
  },
  {
    "frequency": 13,
    "overriddenMethods": []
  },
  {
    "frequency": 1,
    "overriddenMethods": [
      "Ljavax/swing/JCheckBoxMenuItem.getUIClassID()Ljava/lang/String;"
    ]
  },
  {
    "frequency": 1,
    "overriddenMethods": [
      "Ljavax/swing/JMenuItem.setEnabled(Z)V"
    ]
  },
  {
    "frequency": 2,
    "overriddenMethods": [
      "Ljavax/swing/AbstractButton.fireActionPerformed(Ljava/awt/event/ActionEvent;)V"
    ]
  }
]