[
  {
    "frequency": 4,
    "overriddenMethods": [
      "Ljavax/swing/JComponent$AccessibleJComponent.getAccessibleDescription()Ljava/lang/String;",
      "Ljavax/swing/JComponent$AccessibleJComponent.getAccessibleName()Ljava/lang/String;",
      "Ljavax/swing/JComponent$AccessibleJComponent.getAccessibleRole()Ljavax/accessibility/AccessibleRole;"
    ]
  },
  {
    "frequency": 13,
    "overriddenMethods": [
      "Ljavax/swing/JComponent$AccessibleJComponent.getAccessibleRole()Ljavax/accessibility/AccessibleRole;"
    ]
  },
  {
    "frequency": 2,
    "overriddenMethods": [
      "Ljavax/swing/JComponent$AccessibleJComponent.getAccessibleName()Ljava/lang/String;",
      "Ljavax/swing/JComponent$AccessibleJComponent.getAccessibleRole()Ljavax/accessibility/AccessibleRole;",
      "Ljavax/swing/JComponent$AccessibleJComponent.getToolTipText()Ljava/lang/String;"
    ]
  }
]