[
  {
    "frequency": 2,
    "overriddenMethods": [
      "Ljava/awt/Component.firePropertyChange(Ljava/lang/String;Ljava/lang/Object;Ljava/lang/Object;)V",
      "Ljava/awt/Component.repaint()V",
      "Ljavax/swing/JComponent.revalidate()V",
      "Ljavax/swing/text/JTextComponent.setCaret(Ljavax/swing/text/Caret;)V"
    ]
  },
  {
    "frequency": 1,
    "overriddenMethods": [
      "Ljavax/swing/JEditorPane.setEditorKit(Ljavax/swing/text/EditorKit;)V",
      "Ljavax/swing/text/JTextComponent.getScrollableUnitIncrement(Ljava/awt/Rectangle;II)I",
      "Ljavax/swing/text/JTextComponent.paste()V"
    ]
  },
  {
    "frequency": 1,
    "overriddenMethods": [
      "Ljavax/swing/JEditorPane.getPreferredSize()Ljava/awt/Dimension;"
    ]
  },
  {
    "frequency": 4,
    "overriddenMethods": [
      "Ljavax/swing/JEditorPane.setText(Ljava/lang/String;)V"
    ]
  },
  {
    "frequency": 1,
    "overriddenMethods": [
      "Ljavax/swing/JEditorPane.setText(Ljava/lang/String;)V",
      "Ljavax/swing/text/JTextComponent.setUI(Ljavax/swing/plaf/TextUI;)V"
    ]
  },
  {
    "frequency": 2,
    "overriddenMethods": [
      "Ljava/awt/Component.getForeground()Ljava/awt/Color;",
      "Ljava/awt/Component.setCursor(Ljava/awt/Cursor;)V",
      "Ljavax/swing/JComponent.getToolTipLocation(Ljava/awt/event/MouseEvent;)Ljava/awt/Point;"
    ]
  },
  {
    "frequency": 2,
    "overriddenMethods": [
      "Ljavax/swing/JEditorPane.createDefaultEditorKit()Ljavax/swing/text/EditorKit;"
    ]
  },
  {
    "frequency": 1,
    "overriddenMethods": [
      "Ljavax/swing/JEditorPane.getEditorKitForContentType(Ljava/lang/String;)Ljavax/swing/text/EditorKit;"
    ]
  },
  {
    "frequency": 4,
    "overriddenMethods": [
      "Ljavax/swing/JEditorPane.getScrollableTracksViewportWidth()Z"
    ]
  },
  {
    "frequency": 2,
    "overriddenMethods": [
      "Ljavax/swing/JComponent.paint(Ljava/awt/Graphics;)V",
      "Ljavax/swing/JEditorPane.getPreferredSize()Ljava/awt/Dimension;",
      "Ljavax/swing/JEditorPane.getStream(Ljava/net/URL;)Ljava/io/InputStream;"
    ]
  },
  {
    "frequency": 1,
    "overriddenMethods": [
      "Ljavax/swing/JComponent.paint(Ljava/awt/Graphics;)V",
      "Ljavax/swing/JComponent.paintBorder(Ljava/awt/Graphics;)V",
      "Ljavax/swing/JComponent.paintChildren(Ljava/awt/Graphics;)V",
      "Ljavax/swing/JComponent.paintComponent(Ljava/awt/Graphics;)V"
    ]
  },
  {
    "frequency": 3,
    "overriddenMethods": [
      "Ljavax/swing/JComponent.paintComponent(Ljava/awt/Graphics;)V"
    ]
  },
  {
    "frequency": 1,
    "overriddenMethods": [
      "Ljavax/swing/JEditorPane.getStream(Ljava/net/URL;)Ljava/io/InputStream;"
    ]
  }
]