[
  {
    "frequency": 3,
    "overriddenMethods": []
  },
  {
    "frequency": 6,
    "overriddenMethods": [
      "Ljavax/swing/JFileChooser.createDialog(Ljava/awt/Component;)Ljavax/swing/JDialog;"
    ]
  },
  {
    "frequency": 3,
    "overriddenMethods": [
      "Ljavax/swing/JComponent.addNotify()V",
      "Ljavax/swing/JFileChooser.showDialog(Ljava/awt/Component;Ljava/lang/String;)I",
      "Ljavax/swing/JFileChooser.showOpenDialog(Ljava/awt/Component;)I",
      "Ljavax/swing/JFileChooser.showSaveDialog(Ljava/awt/Component;)I"
    ]
  },
  {
    "frequency": 3,
    "overriddenMethods": [
      "Ljavax/swing/JFileChooser.getCurrentDirectory()Ljava/io/File;",
      "Ljavax/swing/JFileChooser.setCurrentDirectory(Ljava/io/File;)V"
    ]
  },
  {
    "frequency": 3,
    "overriddenMethods": [
      "Ljavax/swing/JComponent.paint(Ljava/awt/Graphics;)V",
      "Ljavax/swing/JFileChooser.getIcon(Ljava/io/File;)Ljavax/swing/Icon;",
      "Ljavax/swing/JFileChooser.getSelectedFile()Ljava/io/File;",
      "Ljavax/swing/JFileChooser.getSelectedFiles()[Ljava/io/File;",
      "Ljavax/swing/JFileChooser.getTypeDescription(Ljava/io/File;)Ljava/lang/String;",
      "Ljavax/swing/JFileChooser.isTraversable(Ljava/io/File;)Z"
    ]
  },
  {
    "frequency": 1,
    "overriddenMethods": [
      "Ljavax/swing/JFileChooser.showOpenDialog(Ljava/awt/Component;)I",
      "Ljavax/swing/JFileChooser.showSaveDialog(Ljava/awt/Component;)I"
    ]
  },
  {
    "frequency": 1,
    "overriddenMethods": [
      "Ljavax/swing/JFileChooser.createDialog(Ljava/awt/Component;)Ljavax/swing/JDialog;",
      "Ljavax/swing/JFileChooser.showOpenDialog(Ljava/awt/Component;)I"
    ]
  },
  {
    "frequency": 1,
    "overriddenMethods": [
      "Ljavax/swing/JComponent.setUI(Ljavax/swing/plaf/ComponentUI;)V",
      "Ljavax/swing/JFileChooser.fireActionPerformed(Ljava/lang/String;)V",
      "Ljavax/swing/JFileChooser.setCurrentDirectory(Ljava/io/File;)V",
      "Ljavax/swing/JFileChooser.setSelectedFiles([Ljava/io/File;)V",
      "Ljavax/swing/JFileChooser.showDialog(Ljava/awt/Component;Ljava/lang/String;)I"
    ]
  }
]