[
  {
    "frequency": 28,
    "overriddenMethods": []
  },
  {
    "frequency": 16,
    "overriddenMethods": [
      "Ljavax/swing/JComponent.setEnabled(Z)V"
    ]
  },
  {
    "frequency": 1,
    "overriddenMethods": [
      "Ljava/awt/Component.toString()Ljava/lang/String;",
      "Ljavax/swing/JComponent.processMouseEvent(Ljava/awt/event/MouseEvent;)V",
      "Ljavax/swing/JComponent.processMouseMotionEvent(Ljava/awt/event/MouseEvent;)V",
      "Ljavax/swing/JInternalFrame.setSelected(Z)V",
      "Ljavax/swing/JInternalFrame.setUI(Ljavax/swing/plaf/InternalFrameUI;)V"
    ]
  },
  {
    "frequency": 2,
    "overriddenMethods": [
      "Ljavax/swing/JComponent.getMaximumSize()Ljava/awt/Dimension;",
      "Ljavax/swing/JComponent.getMinimumSize()Ljava/awt/Dimension;",
      "Ljavax/swing/JComponent.getPreferredSize()Ljava/awt/Dimension;",
      "Ljavax/swing/JComponent.setVisible(Z)V",
      "Ljavax/swing/JInternalFrame.getDesktopPane()Ljavax/swing/JDesktopPane;",
      "Ljavax/swing/JInternalFrame.restoreSubcomponentFocus()V",
      "Ljavax/swing/JInternalFrame.setCursor(Ljava/awt/Cursor;)V",
      "Ljavax/swing/JInternalFrame.setSelected(Z)V"
    ]
  },
  {
    "frequency": 1,
    "overriddenMethods": [
      "Ljavax/swing/JInternalFrame.show()V"
    ]
  },
  {
    "frequency": 16,
    "overriddenMethods": [
      "Ljavax/swing/JInternalFrame.dispose()V"
    ]
  }
]