[
  {
    "frequency": 2,
    "overriddenMethods": [
      "Ljavax/swing/JMenu.getPopupMenuOrigin()Ljava/awt/Point;",
      "Ljavax/swing/JMenu.setPopupMenuVisible(Z)V"
    ]
  },
  {
    "frequency": 24,
    "overriddenMethods": []
  },
  {
    "frequency": 4,
    "overriddenMethods": [
      "Ljavax/swing/JMenu.getPopupMenu()Ljavax/swing/JPopupMenu;"
    ]
  },
  {
    "frequency": 7,
    "overriddenMethods": [
      "Ljavax/swing/JMenu.fireMenuSelected()V"
    ]
  },
  {
    "frequency": 1,
    "overriddenMethods": [
      "Ljavax/swing/JMenu.getItemCount()I"
    ]
  }
]