[
  {
    "frequency": 4,
    "overriddenMethods": [
      "Ljava/awt/Component.removePropertyChangeListener(Ljava/beans/PropertyChangeListener;)V",
      "Ljava/awt/Container.addPropertyChangeListener(Ljava/beans/PropertyChangeListener;)V",
      "Ljavax/swing/JComponent.addVetoableChangeListener(Ljava/beans/VetoableChangeListener;)V",
      "Ljavax/swing/JComponent.removeVetoableChangeListener(Ljava/beans/VetoableChangeListener;)V"
    ]
  },
  {
    "frequency": 23,
    "overriddenMethods": []
  },
  {
    "frequency": 1,
    "overriddenMethods": [
      "Ljavax/swing/JMenuItem.configurePropertiesFromAction(Ljavax/swing/Action;)V"
    ]
  },
  {
    "frequency": 1,
    "overriddenMethods": [
      "Ljavax/swing/JMenuItem.setEnabled(Z)V"
    ]
  },
  {
    "frequency": 2,
    "overriddenMethods": [
      "Ljavax/swing/AbstractButton.doClick(I)V"
    ]
  },
  {
    "frequency": 1,
    "overriddenMethods": [
      "Ljavax/swing/JMenuItem.setUI(Ljavax/swing/plaf/MenuItemUI;)V"
    ]
  },
  {
    "frequency": 12,
    "overriddenMethods": [
      "Ljavax/swing/AbstractButton.fireActionPerformed(Ljava/awt/event/ActionEvent;)V"
    ]
  },
  {
    "frequency": 1,
    "overriddenMethods": [
      "Ljavax/swing/AbstractButton.setText(Ljava/lang/String;)V"
    ]
  },
  {
    "frequency": 6,
    "overriddenMethods": [
      "Ljavax/swing/AbstractButton.getAction()Ljavax/swing/Action;",
      "Ljavax/swing/AbstractButton.setAction(Ljavax/swing/Action;)V",
      "Ljavax/swing/JMenuItem.setEnabled(Z)V"
    ]
  },
  {
    "frequency": 2,
    "overriddenMethods": [
      "Ljavax/swing/JComponent.addNotify()V",
      "Ljavax/swing/JComponent.getInsets()Ljava/awt/Insets;"
    ]
  }
]