[
  {
    "frequency": 1,
    "overriddenMethods": []
  },
  {
    "frequency": 2,
    "overriddenMethods": [
      "Ljava/awt/Container.validate()V"
    ]
  },
  {
    "frequency": 1,
    "overriddenMethods": [
      "Ljava/awt/Container.setLayout(Ljava/awt/LayoutManager;)V",
      "Ljavax/swing/JRootPane.createContentPane()Ljava/awt/Container;",
      "Ljavax/swing/JRootPane.createRootLayout()Ljava/awt/LayoutManager;",
      "Ljavax/swing/JRootPane.setJMenuBar(Ljavax/swing/JMenuBar;)V"
    ]
  },
  {
    "frequency": 2,
    "overriddenMethods": [
      "Ljava/awt/Container.validate()V",
      "Ljavax/swing/JRootPane.createRootLayout()Ljava/awt/LayoutManager;"
    ]
  }
]