[
  {
    "frequency": 19,
    "overriddenMethods": []
  },
  {
    "frequency": 2,
    "overriddenMethods": [
      "Ljavax/swing/JComponent.getMinimumSize()Ljava/awt/Dimension;"
    ]
  },
  {
    "frequency": 1,
    "overriddenMethods": [
      "Ljavax/swing/JComponent.paintComponent(Ljava/awt/Graphics;)V",
      "Ljavax/swing/JScrollPane.setViewportView(Ljava/awt/Component;)V"
    ]
  },
  {
    "frequency": 1,
    "overriddenMethods": [
      "Ljavax/swing/JComponent.getAlignmentX()F",
      "Ljavax/swing/JComponent.getPreferredSize()Ljava/awt/Dimension;"
    ]
  },
  {
    "frequency": 2,
    "overriddenMethods": [
      "Ljavax/swing/JComponent.addNotify()V",
      "Ljavax/swing/JComponent.removeNotify()V",
      "Ljavax/swing/JComponent.requestFocus()V",
      "Ljavax/swing/JComponent.requestFocusInWindow()Z"
    ]
  },
  {
    "frequency": 8,
    "overriddenMethods": [
      "Ljava/awt/Component.toString()Ljava/lang/String;",
      "Ljavax/swing/JComponent.requestFocus()V",
      "Ljavax/swing/JComponent.setFont(Ljava/awt/Font;)V"
    ]
  },
  {
    "frequency": 2,
    "overriddenMethods": [
      "Ljavax/swing/JScrollPane.setViewportView(Ljava/awt/Component;)V"
    ]
  },
  {
    "frequency": 1,
    "overriddenMethods": [
      "Ljavax/swing/JScrollPane.updateUI()V"
    ]
  },
  {
    "frequency": 1,
    "overriddenMethods": [
      "Ljavax/swing/JComponent.paintChildren(Ljava/awt/Graphics;)V",
      "Ljavax/swing/JComponent.paintComponent(Ljava/awt/Graphics;)V"
    ]
  },
  {
    "frequency": 2,
    "overriddenMethods": [
      "Ljava/awt/Component.setSize(II)V",
      "Ljava/awt/Component.setSize(Ljava/awt/Dimension;)V",
      "Ljavax/swing/JComponent.setVisible(Z)V"
    ]
  },
  {
    "frequency": 1,
    "overriddenMethods": [
      "Ljavax/swing/JComponent.getPreferredSize()Ljava/awt/Dimension;"
    ]
  },
  {
    "frequency": 1,
    "overriddenMethods": [
      "Ljavax/swing/JComponent.paint(Ljava/awt/Graphics;)V",
      "Ljavax/swing/JComponent.paintBorder(Ljava/awt/Graphics;)V",
      "Ljavax/swing/JComponent.paintChildren(Ljava/awt/Graphics;)V",
      "Ljavax/swing/JComponent.paintComponent(Ljava/awt/Graphics;)V"
    ]
  },
  {
    "frequency": 2,
    "overriddenMethods": [
      "Ljava/awt/Component.getBackground()Ljava/awt/Color;",
      "Ljavax/swing/JComponent.setBackground(Ljava/awt/Color;)V"
    ]
  },
  {
    "frequency": 1,
    "overriddenMethods": [
      "Ljavax/swing/JScrollPane.setUI(Ljavax/swing/plaf/ScrollPaneUI;)V"
    ]
  }
]