[
  {
    "frequency": 2,
    "overriddenMethods": [
      "Ljava/awt/Component.getFont()Ljava/awt/Font;",
      "Ljavax/swing/JComponent.getBorder()Ljavax/swing/border/Border;"
    ]
  },
  {
    "frequency": 2,
    "overriddenMethods": [
      "Ljavax/swing/JComponent.addNotify()V"
    ]
  },
  {
    "frequency": 42,
    "overriddenMethods": []
  },
  {
    "frequency": 2,
    "overriddenMethods": [
      "Ljava/awt/Component.processFocusEvent(Ljava/awt/event/FocusEvent;)V",
      "Ljavax/swing/text/JTextComponent.setEditable(Z)V"
    ]
  },
  {
    "frequency": 1,
    "overriddenMethods": [
      "Ljavax/swing/JComponent.getMinimumSize()Ljava/awt/Dimension;"
    ]
  },
  {
    "frequency": 2,
    "overriddenMethods": [
      "Ljava/awt/Component.getForeground()Ljava/awt/Color;",
      "Ljava/awt/Component.setCursor(Ljava/awt/Cursor;)V",
      "Ljavax/swing/JComponent.getToolTipLocation(Ljava/awt/event/MouseEvent;)Ljava/awt/Point;",
      "Ljavax/swing/JComponent.paintComponent(Ljava/awt/Graphics;)V"
    ]
  },
  {
    "frequency": 1,
    "overriddenMethods": [
      "Ljavax/swing/JTextField.addActionListener(Ljava/awt/event/ActionListener;)V",
      "Ljavax/swing/JTextField.createDefaultModel()Ljavax/swing/text/Document;",
      "Ljavax/swing/JTextField.removeActionListener(Ljava/awt/event/ActionListener;)V"
    ]
  },
  {
    "frequency": 1,
    "overriddenMethods": [
      "Ljavax/swing/JComponent.paintComponent(Ljava/awt/Graphics;)V"
    ]
  },
  {
    "frequency": 4,
    "overriddenMethods": [
      "Ljavax/swing/JComponent.isManagingFocus()Z",
      "Ljavax/swing/JComponent.processKeyEvent(Ljava/awt/event/KeyEvent;)V"
    ]
  },
  {
    "frequency": 2,
    "overriddenMethods": [
      "Ljavax/swing/JTextField.createDefaultModel()Ljavax/swing/text/Document;",
      "Ljavax/swing/JTextField.getColumns()I",
      "Ljavax/swing/JTextField.setColumns(I)V"
    ]
  },
  {
    "frequency": 3,
    "overriddenMethods": [
      "Ljavax/swing/text/JTextComponent.setText(Ljava/lang/String;)V"
    ]
  },
  {
    "frequency": 1,
    "overriddenMethods": [
      "Ljavax/swing/JTextField.fireActionPerformed()V"
    ]
  },
  {
    "frequency": 1,
    "overriddenMethods": [
      "Ljavax/swing/text/JTextComponent.updateUI()V"
    ]
  },
  {
    "frequency": 2,
    "overriddenMethods": [
      "Ljavax/swing/JComponent.addNotify()V",
      "Ljavax/swing/JComponent.reshape(IIII)V"
    ]
  },
  {
    "frequency": 1,
    "overriddenMethods": [
      "Ljava/awt/Component.processFocusEvent(Ljava/awt/event/FocusEvent;)V",
      "Ljavax/swing/JComponent.addNotify()V",
      "Ljavax/swing/JTextField.setDocument(Ljavax/swing/text/Document;)V",
      "Ljavax/swing/text/JTextComponent.removeNotify()V",
      "Ljavax/swing/text/JTextComponent.setUI(Ljavax/swing/plaf/TextUI;)V"
    ]
  },
  {
    "frequency": 1,
    "overriddenMethods": [
      "Ljavax/swing/JComponent.processKeyBinding(Ljavax/swing/KeyStroke;Ljava/awt/event/KeyEvent;IZ)Z"
    ]
  },
  {
    "frequency": 4,
    "overriddenMethods": [
      "Ljavax/swing/JComponent.getMaximumSize()Ljava/awt/Dimension;"
    ]
  },
  {
    "frequency": 2,
    "overriddenMethods": [
      "Ljavax/swing/JComponent.reshape(IIII)V"
    ]
  },
  {
    "frequency": 10,
    "overriddenMethods": [
      "Ljavax/swing/JTextField.createDefaultModel()Ljavax/swing/text/Document;"
    ]
  },
  {
    "frequency": 1,
    "overriddenMethods": [
      "Ljavax/swing/JTextField.createDefaultModel()Ljavax/swing/text/Document;",
      "Ljavax/swing/text/JTextComponent.setText(Ljava/lang/String;)V"
    ]
  },
  {
    "frequency": 1,
    "overriddenMethods": [
      "Ljavax/swing/text/JTextComponent.replaceSelection(Ljava/lang/String;)V"
    ]
  },
  {
    "frequency": 1,
    "overriddenMethods": [
      "Ljavax/swing/JTextField.createDefaultModel()Ljavax/swing/text/Document;",
      "Ljavax/swing/JTextField.setDocument(Ljavax/swing/text/Document;)V",
      "Ljavax/swing/text/JTextComponent.setEditable(Z)V"
    ]
  },
  {
    "frequency": 2,
    "overriddenMethods": [
      "Ljava/awt/Component.processFocusEvent(Ljava/awt/event/FocusEvent;)V",
      "Ljavax/swing/JComponent.addNotify()V",
      "Ljavax/swing/JComponent.paintComponent(Ljava/awt/Graphics;)V",
      "Ljavax/swing/JComponent.processMouseEvent(Ljava/awt/event/MouseEvent;)V",
      "Ljavax/swing/JTextField.getPreferredSize()Ljava/awt/Dimension;",
      "Ljavax/swing/text/JTextComponent.removeNotify()V"
    ]
  },
  {
    "frequency": 1,
    "overriddenMethods": [
      "Ljavax/swing/JComponent.processKeyEvent(Ljava/awt/event/KeyEvent;)V"
    ]
  },
  {
    "frequency": 2,
    "overriddenMethods": [
      "Ljavax/swing/JComponent.addNotify()V",
      "Ljavax/swing/JComponent.processKeyEvent(Ljava/awt/event/KeyEvent;)V"
    ]
  },
  {
    "frequency": 3,
    "overriddenMethods": [
      "Ljavax/swing/JComponent.getMaximumSize()Ljava/awt/Dimension;",
      "Ljavax/swing/JComponent.getMinimumSize()Ljava/awt/Dimension;",
      "Ljavax/swing/JTextField.getPreferredSize()Ljava/awt/Dimension;"
    ]
  },
  {
    "frequency": 1,
    "overriddenMethods": [
      "Ljava/awt/Component.hasFocus()Z"
    ]
  },
  {
    "frequency": 1,
    "overriddenMethods": [
      "Ljavax/swing/JComponent.paint(Ljava/awt/Graphics;)V",
      "Ljavax/swing/JComponent.paintBorder(Ljava/awt/Graphics;)V",
      "Ljavax/swing/JComponent.paintChildren(Ljava/awt/Graphics;)V",
      "Ljavax/swing/JComponent.paintComponent(Ljava/awt/Graphics;)V"
    ]
  },
  {
    "frequency": 2,
    "overriddenMethods": [
      "Ljava/awt/Component.processFocusEvent(Ljava/awt/event/FocusEvent;)V"
    ]
  }
]