[
  {
    "frequency": 1,
    "overriddenMethods": [
      "Ljava/lang/Object.finalize()V",
      "Ljavax/swing/text/JTextComponent.print()Z"
    ]
  },
  {
    "frequency": 9,
    "overriddenMethods": []
  },
  {
    "frequency": 8,
    "overriddenMethods": [
      "Ljavax/swing/text/JTextComponent.cut()V",
      "Ljavax/swing/text/JTextComponent.paste()V"
    ]
  },
  {
    "frequency": 1,
    "overriddenMethods": [
      "Ljavax/swing/JEditorPane.setPage(Ljava/net/URL;)V",
      "Ljavax/swing/JEditorPane.setText(Ljava/lang/String;)V",
      "Ljavax/swing/JTextPane.setStyledDocument(Ljavax/swing/text/StyledDocument;)V"
    ]
  },
  {
    "frequency": 2,
    "overriddenMethods": [
      "Ljavax/swing/JComponent.processKeyEvent(Ljava/awt/event/KeyEvent;)V"
    ]
  },
  {
    "frequency": 2,
    "overriddenMethods": [
      "Ljava/awt/Component.getForeground()Ljava/awt/Color;",
      "Ljava/awt/Component.setCursor(Ljava/awt/Cursor;)V",
      "Ljavax/swing/JComponent.getToolTipLocation(Ljava/awt/event/MouseEvent;)Ljava/awt/Point;"
    ]
  },
  {
    "frequency": 1,
    "overriddenMethods": [
      "Ljavax/swing/JEditorPane.getScrollableTracksViewportWidth()Z"
    ]
  },
  {
    "frequency": 13,
    "overriddenMethods": [
      "Ljava/awt/Component.setSize(Ljava/awt/Dimension;)V",
      "Ljavax/swing/JEditorPane.getScrollableTracksViewportWidth()Z"
    ]
  },
  {
    "frequency": 9,
    "overriddenMethods": [
      "Ljava/awt/Component.setBounds(IIII)V",
      "Ljavax/swing/JComponent.addNotify()V",
      "Ljavax/swing/JComponent.processKeyEvent(Ljava/awt/event/KeyEvent;)V",
      "Ljavax/swing/JEditorPane.getScrollableTracksViewportWidth()Z",
      "Ljavax/swing/JTextPane.replaceSelection(Ljava/lang/String;)V",
      "Ljavax/swing/text/JTextComponent.removeNotify()V"
    ]
  },
  {
    "frequency": 2,
    "overriddenMethods": [
      "Ljavax/swing/JEditorPane.getText()Ljava/lang/String;",
      "Ljavax/swing/JEditorPane.setText(Ljava/lang/String;)V",
      "Ljavax/swing/text/JTextComponent.getPreferredScrollableViewportSize()Ljava/awt/Dimension;"
    ]
  },
  {
    "frequency": 1,
    "overriddenMethods": [
      "Ljavax/swing/JComponent.paintComponent(Ljava/awt/Graphics;)V",
      "Ljavax/swing/JEditorPane.getText()Ljava/lang/String;"
    ]
  }
]