[
  {
    "frequency": 2,
    "overriddenMethods": [
      "Ljavax/swing/JTree$TreeModelHandler.treeNodesRemoved(Ljavax/swing/event/TreeModelEvent;)V",
      "Ljavax/swing/JTree$TreeModelHandler.treeStructureChanged(Ljavax/swing/event/TreeModelEvent;)V"
    ]
  },
  {
    "frequency": 1,
    "overriddenMethods": [
      "Ljavax/swing/JTree$TreeModelHandler.treeNodesInserted(Ljavax/swing/event/TreeModelEvent;)V"
    ]
  },
  {
    "frequency": 2,
    "overriddenMethods": [
      "Ljavax/swing/JTree$TreeModelHandler.treeNodesRemoved(Ljavax/swing/event/TreeModelEvent;)V"
    ]
  }
]