[
  {
    "frequency": 19,
    "overriddenMethods": []
  },
  {
    "frequency": 1,
    "overriddenMethods": [
      "Ljava/awt/Window.dispose()V",
      "Ljava/awt/Window.paint(Ljava/awt/Graphics;)V"
    ]
  },
  {
    "frequency": 1,
    "overriddenMethods": [
      "Ljava/awt/Window.paint(Ljava/awt/Graphics;)V"
    ]
  },
  {
    "frequency": 1,
    "overriddenMethods": [
      "Ljava/awt/Window.dispose()V"
    ]
  },
  {
    "frequency": 6,
    "overriddenMethods": [
      "Ljava/awt/Window.setVisible(Z)V"
    ]
  },
  {
    "frequency": 2,
    "overriddenMethods": [
      "Ljavax/swing/JWindow.createRootPane()Ljavax/swing/JRootPane;"
    ]
  }
]