[
  {
    "frequency": 1,
    "overriddenMethods": []
  },
  {
    "frequency": 4,
    "overriddenMethods": [
      "Ljavax/swing/ScrollPaneLayout.layoutContainer(Ljava/awt/Container;)V"
    ]
  },
  {
    "frequency": 2,
    "overriddenMethods": [
      "Ljava/lang/Object.equals(Ljava/lang/Object;)Z",
      "Ljava/lang/Object.hashCode()I",
      "Ljava/lang/Object.toString()Ljava/lang/String;",
      "Ljavax/swing/ScrollPaneLayout.addLayoutComponent(Ljava/lang/String;Ljava/awt/Component;)V",
      "Ljavax/swing/ScrollPaneLayout.getColumnHeader()Ljavax/swing/JViewport;",
      "Ljavax/swing/ScrollPaneLayout.getCorner(Ljava/lang/String;)Ljava/awt/Component;",
      "Ljavax/swing/ScrollPaneLayout.getHorizontalScrollBar()Ljavax/swing/JScrollBar;",
      "Ljavax/swing/ScrollPaneLayout.getHorizontalScrollBarPolicy()I",
      "Ljavax/swing/ScrollPaneLayout.getRowHeader()Ljavax/swing/JViewport;",
      "Ljavax/swing/ScrollPaneLayout.getVerticalScrollBar()Ljavax/swing/JScrollBar;",
      "Ljavax/swing/ScrollPaneLayout.getVerticalScrollBarPolicy()I",
      "Ljavax/swing/ScrollPaneLayout.getViewport()Ljavax/swing/JViewport;",
      "Ljavax/swing/ScrollPaneLayout.getViewportBorderBounds(Ljavax/swing/JScrollPane;)Ljava/awt/Rectangle;",
      "Ljavax/swing/ScrollPaneLayout.layoutContainer(Ljava/awt/Container;)V",
      "Ljavax/swing/ScrollPaneLayout.minimumLayoutSize(Ljava/awt/Container;)Ljava/awt/Dimension;",
      "Ljavax/swing/ScrollPaneLayout.preferredLayoutSize(Ljava/awt/Container;)Ljava/awt/Dimension;",
      "Ljavax/swing/ScrollPaneLayout.removeLayoutComponent(Ljava/awt/Component;)V",
      "Ljavax/swing/ScrollPaneLayout.setHorizontalScrollBarPolicy(I)V",
      "Ljavax/swing/ScrollPaneLayout.setVerticalScrollBarPolicy(I)V",
      "Ljavax/swing/ScrollPaneLayout.syncWithScrollPane(Ljavax/swing/JScrollPane;)V"
    ]
  },
  {
    "frequency": 1,
    "overriddenMethods": [
      "Ljavax/swing/ScrollPaneLayout.addLayoutComponent(Ljava/lang/String;Ljava/awt/Component;)V",
      "Ljavax/swing/ScrollPaneLayout.addSingletonComponent(Ljava/awt/Component;Ljava/awt/Component;)Ljava/awt/Component;",
      "Ljavax/swing/ScrollPaneLayout.getColumnHeader()Ljavax/swing/JViewport;",
      "Ljavax/swing/ScrollPaneLayout.getCorner(Ljava/lang/String;)Ljava/awt/Component;",
      "Ljavax/swing/ScrollPaneLayout.getHorizontalScrollBar()Ljavax/swing/JScrollBar;",
      "Ljavax/swing/ScrollPaneLayout.getHorizontalScrollBarPolicy()I",
      "Ljavax/swing/ScrollPaneLayout.getRowHeader()Ljavax/swing/JViewport;",
      "Ljavax/swing/ScrollPaneLayout.getVerticalScrollBar()Ljavax/swing/JScrollBar;",
      "Ljavax/swing/ScrollPaneLayout.getVerticalScrollBarPolicy()I",
      "Ljavax/swing/ScrollPaneLayout.getViewport()Ljavax/swing/JViewport;",
      "Ljavax/swing/ScrollPaneLayout.getViewportBorderBounds(Ljavax/swing/JScrollPane;)Ljava/awt/Rectangle;",
      "Ljavax/swing/ScrollPaneLayout.layoutContainer(Ljava/awt/Container;)V",
      "Ljavax/swing/ScrollPaneLayout.minimumLayoutSize(Ljava/awt/Container;)Ljava/awt/Dimension;",
      "Ljavax/swing/ScrollPaneLayout.preferredLayoutSize(Ljava/awt/Container;)Ljava/awt/Dimension;",
      "Ljavax/swing/ScrollPaneLayout.removeLayoutComponent(Ljava/awt/Component;)V",
      "Ljavax/swing/ScrollPaneLayout.setHorizontalScrollBarPolicy(I)V",
      "Ljavax/swing/ScrollPaneLayout.setVerticalScrollBarPolicy(I)V",
      "Ljavax/swing/ScrollPaneLayout.syncWithScrollPane(Ljavax/swing/JScrollPane;)V"
    ]
  },
  {
    "frequency": 2,
    "overriddenMethods": [
      "Ljavax/swing/ScrollPaneLayout.preferredLayoutSize(Ljava/awt/Container;)Ljava/awt/Dimension;"
    ]
  }
]