[
  {
    "frequency": 4,
    "overriddenMethods": []
  },
  {
    "frequency": 14,
    "overriddenMethods": [
      "Ljava/awt/event/KeyAdapter.keyReleased(Ljava/awt/event/KeyEvent;)V"
    ]
  },
  {
    "frequency": 129,
    "overriddenMethods": [
      "Ljava/awt/event/KeyAdapter.keyPressed(Ljava/awt/event/KeyEvent;)V"
    ]
  },
  {
    "frequency": 2,
    "overriddenMethods": [
      "Ljava/awt/event/KeyAdapter.keyPressed(Ljava/awt/event/KeyEvent;)V",
      "Ljava/awt/event/KeyAdapter.keyReleased(Ljava/awt/event/KeyEvent;)V",
      "Ljava/awt/event/KeyAdapter.keyTyped(Ljava/awt/event/KeyEvent;)V"
    ]
  },
  {
    "frequency": 1,
    "overriddenMethods": [
      "Ljava/awt/event/KeyAdapter.keyPressed(Ljava/awt/event/KeyEvent;)V",
      "Ljava/lang/Object.toString()Ljava/lang/String;"
    ]
  },
  {
    "frequency": 58,
    "overriddenMethods": [
      "Ljava/awt/event/KeyAdapter.keyTyped(Ljava/awt/event/KeyEvent;)V"
    ]
  },
  {
    "frequency": 6,
    "overriddenMethods": [
      "Ljava/awt/event/KeyAdapter.keyPressed(Ljava/awt/event/KeyEvent;)V",
      "Ljava/awt/event/KeyAdapter.keyTyped(Ljava/awt/event/KeyEvent;)V"
    ]
  },
  {
    "frequency": 10,
    "overriddenMethods": [
      "Ljava/awt/event/KeyAdapter.keyPressed(Ljava/awt/event/KeyEvent;)V",
      "Ljava/awt/event/KeyAdapter.keyReleased(Ljava/awt/event/KeyEvent;)V"
    ]
  }
]