[
  {
    "frequency": 3,
    "overriddenMethods": []
  },
  {
    "frequency": 6,
    "overriddenMethods": [
      "Ljava/awt/event/MouseMotionAdapter.mouseDragged(Ljava/awt/event/MouseEvent;)V",
      "Ljava/awt/event/MouseMotionAdapter.mouseMoved(Ljava/awt/event/MouseEvent;)V"
    ]
  },
  {
    "frequency": 32,
    "overriddenMethods": [
      "Ljava/awt/event/MouseMotionAdapter.mouseMoved(Ljava/awt/event/MouseEvent;)V"
    ]
  },
  {
    "frequency": 24,
    "overriddenMethods": [
      "Ljava/awt/event/MouseMotionAdapter.mouseDragged(Ljava/awt/event/MouseEvent;)V"
    ]
  }
]