[
  {
    "frequency": 5,
    "overriddenMethods": []
  },
  {
    "frequency": 1,
    "overriddenMethods": [
      "Ljava/applet/Applet.destroy()V",
      "Ljava/applet/Applet.init()V",
      "Ljava/applet/Applet.start()V",
      "Ljava/applet/Applet.stop()V",
      "Ljava/awt/Container.paint(Ljava/awt/Graphics;)V"
    ]
  },
  {
    "frequency": 3,
    "overriddenMethods": [
      "Ljava/applet/Applet.destroy()V",
      "Ljava/applet/Applet.init()V",
      "Ljava/applet/Applet.start()V",
      "Ljava/applet/Applet.stop()V",
      "Ljava/awt/Component.isDoubleBuffered()Z",
      "Ljava/awt/Container.paint(Ljava/awt/Graphics;)V",
      "Ljava/awt/Container.update(Ljava/awt/Graphics;)V"
    ]
  },
  {
    "frequency": 54,
    "overriddenMethods": [
      "Ljava/applet/Applet.init()V"
    ]
  },
  {
    "frequency": 19,
    "overriddenMethods": [
      "Ljava/applet/Applet.destroy()V",
      "Ljava/applet/Applet.getAppletInfo()Ljava/lang/String;",
      "Ljava/applet/Applet.getParameterInfo()[[Ljava/lang/String;",
      "Ljava/applet/Applet.init()V",
      "Ljava/applet/Applet.start()V",
      "Ljava/applet/Applet.stop()V",
      "Ljava/awt/Container.paint(Ljava/awt/Graphics;)V"
    ]
  },
  {
    "frequency": 1,
    "overriddenMethods": [
      "Ljava/applet/Applet.init()V",
      "Ljava/applet/Applet.start()V",
      "Ljava/awt/Container.paint(Ljava/awt/Graphics;)V"
    ]
  },
  {
    "frequency": 2,
    "overriddenMethods": [
      "Ljava/applet/Applet.start()V"
    ]
  },
  {
    "frequency": 2,
    "overriddenMethods": [
      "Ljava/applet/Applet.init()V",
      "Ljava/awt/Container.getInsets()Ljava/awt/Insets;",
      "Ljava/awt/Container.paint(Ljava/awt/Graphics;)V"
    ]
  },
  {
    "frequency": 1,
    "overriddenMethods": [
      "Ljava/applet/Applet.destroy()V",
      "Ljava/applet/Applet.start()V",
      "Ljava/applet/Applet.stop()V",
      "Ljava/lang/Object.equals(Ljava/lang/Object;)Z"
    ]
  },
  {
    "frequency": 1,
    "overriddenMethods": [
      "Ljava/applet/Applet.destroy()V",
      "Ljava/applet/Applet.getImage(Ljava/net/URL;)Ljava/awt/Image;",
      "Ljava/applet/Applet.init()V",
      "Ljava/applet/Applet.start()V",
      "Ljava/applet/Applet.stop()V",
      "Ljava/awt/Component.imageUpdate(Ljava/awt/Image;IIIII)Z",
      "Ljava/awt/Container.paint(Ljava/awt/Graphics;)V"
    ]
  },
  {
    "frequency": 1,
    "overriddenMethods": [
      "Ljava/applet/Applet.getCodeBase()Ljava/net/URL;",
      "Ljava/applet/Applet.getDocumentBase()Ljava/net/URL;",
      "Ljava/applet/Applet.getParameter(Ljava/lang/String;)Ljava/lang/String;",
      "Ljava/applet/Applet.showStatus(Ljava/lang/String;)V",
      "Ljava/awt/Component.setSize(II)V",
      "Ljava/awt/Component.size()Ljava/awt/Dimension;",
      "Ljava/awt/Container.add(Ljava/awt/Component;)Ljava/awt/Component;",
      "Ljava/awt/Container.add(Ljava/awt/Component;I)Ljava/awt/Component;",
      "Ljava/lang/Object.equals(Ljava/lang/Object;)Z"
    ]
  },
  {
    "frequency": 5,
    "overriddenMethods": [
      "Ljava/applet/Applet.destroy()V",
      "Ljava/applet/Applet.init()V",
      "Ljava/awt/Component.repaint()V"
    ]
  },
  {
    "frequency": 1,
    "overriddenMethods": [
      "Ljava/applet/Applet.destroy()V",
      "Ljava/applet/Applet.init()V",
      "Ljava/applet/Applet.stop()V",
      "Ljava/awt/Container.doLayout()V",
      "Ljava/awt/Container.paint(Ljava/awt/Graphics;)V",
      "Ljava/awt/Container.update(Ljava/awt/Graphics;)V"
    ]
  },
  {
    "frequency": 1,
    "overriddenMethods": [
      "Ljava/applet/Applet.destroy()V",
      "Ljava/applet/Applet.init()V",
      "Ljava/applet/Applet.start()V",
      "Ljava/applet/Applet.stop()V",
      "Ljava/lang/Object.equals(Ljava/lang/Object;)Z"
    ]
  },
  {
    "frequency": 1,
    "overriddenMethods": [
      "Ljava/applet/Applet.destroy()V",
      "Ljava/applet/Applet.getParameterInfo()[[Ljava/lang/String;",
      "Ljava/applet/Applet.init()V"
    ]
  },
  {
    "frequency": 4,
    "overriddenMethods": [
      "Ljava/applet/Applet.destroy()V",
      "Ljava/applet/Applet.init()V",
      "Ljava/applet/Applet.start()V",
      "Ljava/applet/Applet.stop()V"
    ]
  },
  {
    "frequency": 1,
    "overriddenMethods": [
      "Ljava/applet/Applet.getAppletInfo()Ljava/lang/String;",
      "Ljava/applet/Applet.init()V",
      "Ljava/applet/Applet.start()V",
      "Ljava/applet/Applet.stop()V"
    ]
  },
  {
    "frequency": 1,
    "overriddenMethods": [
      "Ljava/applet/Applet.getAppletInfo()Ljava/lang/String;",
      "Ljava/applet/Applet.init()V"
    ]
  },
  {
    "frequency": 1,
    "overriddenMethods": [
      "Ljava/applet/Applet.destroy()V",
      "Ljava/applet/Applet.getAppletInfo()Ljava/lang/String;",
      "Ljava/applet/Applet.getParameterInfo()[[Ljava/lang/String;",
      "Ljava/applet/Applet.init()V",
      "Ljava/applet/Applet.start()V",
      "Ljava/applet/Applet.stop()V",
      "Ljava/awt/Container.update(Ljava/awt/Graphics;)V"
    ]
  },
  {
    "frequency": 5,
    "overriddenMethods": [
      "Ljava/applet/Applet.destroy()V",
      "Ljava/applet/Applet.init()V",
      "Ljava/applet/Applet.start()V",
      "Ljava/awt/Container.paint(Ljava/awt/Graphics;)V"
    ]
  },
  {
    "frequency": 1,
    "overriddenMethods": [
      "Ljava/applet/Applet.init()V",
      "Ljava/awt/Component.processMouseEvent(Ljava/awt/event/MouseEvent;)V",
      "Ljava/awt/Component.setSize(II)V",
      "Ljava/awt/Component.setSize(Ljava/awt/Dimension;)V",
      "Ljava/awt/Container.getPreferredSize()Ljava/awt/Dimension;",
      "Ljava/awt/Container.paint(Ljava/awt/Graphics;)V"
    ]
  },
  {
    "frequency": 1,
    "overriddenMethods": [
      "Ljava/applet/Applet.init()V",
      "Ljava/awt/Component.handleEvent(Ljava/awt/Event;)Z"
    ]
  }
]