[
  {
    "frequency": 9,
    "overriddenMethods": [
      "Ljava/sql/Date.setTime(J)V",
      "Ljava/util/Date.clone()Ljava/lang/Object;",
      "Ljava/util/Date.setDate(I)V",
      "Ljava/util/Date.setMonth(I)V",
      "Ljava/util/Date.setYear(I)V"
    ]
  },
  {
    "frequency": 1,
    "overriddenMethods": [
      "Ljava/sql/Date.toString()Ljava/lang/String;",
      "Ljava/util/Date.getDate()I",
      "Ljava/util/Date.getMonth()I",
      "Ljava/util/Date.getYear()I"
    ]
  },
  {
    "frequency": 1,
    "overriddenMethods": [
      "Ljava/sql/Date.setHours(I)V",
      "Ljava/sql/Date.setMinutes(I)V",
      "Ljava/sql/Date.setSeconds(I)V",
      "Ljava/sql/Date.setTime(J)V",
      "Ljava/util/Date.clone()Ljava/lang/Object;",
      "Ljava/util/Date.setDate(I)V",
      "Ljava/util/Date.setMonth(I)V",
      "Ljava/util/Date.setYear(I)V"
    ]
  }
]