[
  {
    "frequency": 1,
    "overriddenMethods": []
  },
  {
    "frequency": 1,
    "overriddenMethods": [
      "Ljava/lang/Throwable.getMessage()Ljava/lang/String;",
      "Ljava/lang/Throwable.printStackTrace()V",
      "Ljava/lang/Throwable.printStackTrace(Ljava/io/PrintStream;)V",
      "Ljava/lang/Throwable.printStackTrace(Ljava/io/PrintWriter;)V",
      "Ljava/sql/SQLException.getErrorCode()I"
    ]
  },
  {
    "frequency": 1,
    "overriddenMethods": [
      "Ljava/lang/Throwable.getMessage()Ljava/lang/String;",
      "Ljava/sql/SQLException.getErrorCode()I",
      "Ljava/sql/SQLException.getSQLState()Ljava/lang/String;"
    ]
  },
  {
    "frequency": 3,
    "overriddenMethods": [
      "Ljava/lang/Throwable.toString()Ljava/lang/String;"
    ]
  },
  {
    "frequency": 4,
    "overriddenMethods": [
      "Ljava/lang/Throwable.getMessage()Ljava/lang/String;",
      "Ljava/lang/Throwable.toString()Ljava/lang/String;",
      "Ljava/sql/SQLException.getSQLState()Ljava/lang/String;"
    ]
  }
]