[
  {
    "frequency": 2,
    "overriddenMethods": []
  },
  {
    "frequency": 1,
    "overriddenMethods": [
      "Ljava/awt/Component.getMaximumSize()Ljava/awt/Dimension;",
      "Ljava/awt/Component.getMinimumSize()Ljava/awt/Dimension;",
      "Ljava/awt/Component.getPreferredSize()Ljava/awt/Dimension;"
    ]
  },
  {
    "frequency": 2,
    "overriddenMethods": [
      "Ljava/awt/Canvas.addNotify()V",
      "Ljava/awt/Component.removeNotify()V"
    ]
  },
  {
    "frequency": 17,
    "overriddenMethods": [
      "Ljava/awt/Canvas.paint(Ljava/awt/Graphics;)V"
    ]
  },
  {
    "frequency": 1,
    "overriddenMethods": [
      "Ljava/awt/Canvas.paint(Ljava/awt/Graphics;)V",
      "Ljava/awt/Component.getHeight()I",
      "Ljava/awt/Component.getWidth()I",
      "Ljava/awt/Component.inside(II)Z",
      "Ljava/awt/Component.minimumSize()Ljava/awt/Dimension;",
      "Ljava/awt/Component.preferredSize()Ljava/awt/Dimension;",
      "Ljava/awt/Component.reshape(IIII)V",
      "Ljava/awt/Component.resize(II)V"
    ]
  },
  {
    "frequency": 6,
    "overriddenMethods": [
      "Ljava/awt/Canvas.paint(Ljava/awt/Graphics;)V",
      "Ljava/awt/Canvas.update(Ljava/awt/Graphics;)V"
    ]
  },
  {
    "frequency": 1,
    "overriddenMethods": [
      "Ljava/awt/Canvas.paint(Ljava/awt/Graphics;)V",
      "Ljava/awt/Canvas.update(Ljava/awt/Graphics;)V",
      "Ljava/awt/Component.getPreferredSize()Ljava/awt/Dimension;",
      "Ljava/awt/Component.isDoubleBuffered()Z"
    ]
  },
  {
    "frequency": 1,
    "overriddenMethods": [
      "Ljava/awt/Canvas.paint(Ljava/awt/Graphics;)V",
      "Ljava/awt/Canvas.update(Ljava/awt/Graphics;)V",
      "Ljava/awt/Component.getMinimumSize()Ljava/awt/Dimension;",
      "Ljava/awt/Component.minimumSize()Ljava/awt/Dimension;"
    ]
  },
  {
    "frequency": 2,
    "overriddenMethods": [
      "Ljava/awt/Component.removeNotify()V"
    ]
  },
  {
    "frequency": 8,
    "overriddenMethods": [
      "Ljava/awt/Canvas.paint(Ljava/awt/Graphics;)V",
      "Ljava/awt/Component.setBounds(IIII)V"
    ]
  },
  {
    "frequency": 4,
    "overriddenMethods": [
      "Ljava/awt/Canvas.paint(Ljava/awt/Graphics;)V",
      "Ljava/awt/Component.getPreferredSize()Ljava/awt/Dimension;"
    ]
  },
  {
    "frequency": 1,
    "overriddenMethods": [
      "Ljava/awt/Canvas.paint(Ljava/awt/Graphics;)V",
      "Ljava/awt/Canvas.update(Ljava/awt/Graphics;)V",
      "Ljava/awt/Component.getPreferredSize()Ljava/awt/Dimension;",
      "Ljava/awt/Component.imageUpdate(Ljava/awt/Image;IIIII)Z"
    ]
  },
  {
    "frequency": 1,
    "overriddenMethods": [
      "Ljava/awt/Canvas.paint(Ljava/awt/Graphics;)V",
      "Ljava/awt/Canvas.update(Ljava/awt/Graphics;)V",
      "Ljava/awt/Component.getMaximumSize()Ljava/awt/Dimension;",
      "Ljava/awt/Component.getMinimumSize()Ljava/awt/Dimension;",
      "Ljava/awt/Component.getPreferredSize()Ljava/awt/Dimension;"
    ]
  },
  {
    "frequency": 2,
    "overriddenMethods": [
      "Ljava/awt/Canvas.paint(Ljava/awt/Graphics;)V",
      "Ljava/awt/Component.addPropertyChangeListener(Ljava/beans/PropertyChangeListener;)V",
      "Ljava/awt/Component.getMinimumSize()Ljava/awt/Dimension;",
      "Ljava/awt/Component.getPreferredSize()Ljava/awt/Dimension;",
      "Ljava/awt/Component.removePropertyChangeListener(Ljava/beans/PropertyChangeListener;)V",
      "Ljava/awt/Component.setForeground(Ljava/awt/Color;)V"
    ]
  },
  {
    "frequency": 1,
    "overriddenMethods": [
      "Ljava/awt/Canvas.addNotify()V",
      "Ljava/awt/Canvas.update(Ljava/awt/Graphics;)V",
      "Ljava/awt/Component.removeNotify()V",
      "Ljava/awt/Component.setBounds(IIII)V",
      "Ljava/awt/Component.setLocation(II)V",
      "Ljava/awt/Component.setLocation(Ljava/awt/Point;)V",
      "Ljava/awt/Component.setSize(II)V",
      "Ljava/awt/Component.setSize(Ljava/awt/Dimension;)V"
    ]
  }
]