[
  {
    "frequency": 44,
    "overriddenMethods": []
  },
  {
    "frequency": 1,
    "overriddenMethods": [
      "Ljava/awt/Component.paint(Ljava/awt/Graphics;)V",
      "Ljava/awt/Component.setBounds(IIII)V",
      "Ljava/awt/Component.update(Ljava/awt/Graphics;)V"
    ]
  },
  {
    "frequency": 1,
    "overriddenMethods": [
      "Ljava/awt/Component.getPreferredSize()Ljava/awt/Dimension;",
      "Ljava/awt/Component.paint(Ljava/awt/Graphics;)V"
    ]
  },
  {
    "frequency": 1,
    "overriddenMethods": [
      "Ljava/awt/Component.getMinimumSize()Ljava/awt/Dimension;",
      "Ljava/awt/Component.getPreferredSize()Ljava/awt/Dimension;",
      "Ljava/awt/Component.paint(Ljava/awt/Graphics;)V",
      "Ljava/awt/Component.processFocusEvent(Ljava/awt/event/FocusEvent;)V",
      "Ljava/awt/Component.processKeyEvent(Ljava/awt/event/KeyEvent;)V",
      "Ljava/awt/Component.processMouseEvent(Ljava/awt/event/MouseEvent;)V"
    ]
  },
  {
    "frequency": 2,
    "overriddenMethods": [
      "Ljava/awt/Component.toString()Ljava/lang/String;"
    ]
  },
  {
    "frequency": 1,
    "overriddenMethods": [
      "Ljava/awt/Component.isShowing()Z"
    ]
  },
  {
    "frequency": 1,
    "overriddenMethods": [
      "Ljava/awt/Component.getPreferredSize()Ljava/awt/Dimension;"
    ]
  },
  {
    "frequency": 1,
    "overriddenMethods": [
      "Ljava/awt/Component.getMinimumSize()Ljava/awt/Dimension;",
      "Ljava/awt/Component.getPreferredSize()Ljava/awt/Dimension;",
      "Ljava/awt/Component.paint(Ljava/awt/Graphics;)V"
    ]
  }
]