[
  {
    "frequency": 1,
    "overriddenMethods": [
      "Ljava/awt/Component.isFocusTraversable()Z",
      "Ljava/awt/Container.getPreferredSize()Ljava/awt/Dimension;",
      "Ljava/awt/Container.paint(Ljava/awt/Graphics;)V",
      "Ljava/awt/Container.processEvent(Ljava/awt/AWTEvent;)V",
      "Ljava/awt/Container.setFont(Ljava/awt/Font;)V",
      "Ljava/awt/Container.update(Ljava/awt/Graphics;)V"
    ]
  },
  {
    "frequency": 2,
    "overriddenMethods": [
      "Ljava/awt/Container.doLayout()V",
      "Ljava/awt/Container.getPreferredSize()Ljava/awt/Dimension;",
      "Ljava/awt/Container.paint(Ljava/awt/Graphics;)V"
    ]
  },
  {
    "frequency": 1,
    "overriddenMethods": [
      "Ljava/awt/Component.removePropertyChangeListener(Ljava/beans/PropertyChangeListener;)V",
      "Ljava/awt/Component.setBounds(IIII)V",
      "Ljava/awt/Container.addPropertyChangeListener(Ljava/beans/PropertyChangeListener;)V",
      "Ljava/awt/Container.getPreferredSize()Ljava/awt/Dimension;"
    ]
  }
]