[
  {
    "frequency": 1,
    "overriddenMethods": []
  },
  {
    "frequency": 1,
    "overriddenMethods": [
      "Ljava/awt/FlowLayout.layoutContainer(Ljava/awt/Container;)V"
    ]
  },
  {
    "frequency": 8,
    "overriddenMethods": [
      "Ljava/awt/FlowLayout.layoutContainer(Ljava/awt/Container;)V",
      "Ljava/awt/FlowLayout.minimumLayoutSize(Ljava/awt/Container;)Ljava/awt/Dimension;",
      "Ljava/awt/FlowLayout.preferredLayoutSize(Ljava/awt/Container;)Ljava/awt/Dimension;"
    ]
  }
]