[
  {
    "frequency": 1,
    "overriddenMethods": []
  },
  {
    "frequency": 1,
    "overriddenMethods": [
      "Ljava/awt/Image.flush()V",
      "Ljava/awt/Image.getGraphics()Ljava/awt/Graphics;",
      "Ljava/awt/Image.getHeight(Ljava/awt/image/ImageObserver;)I",
      "Ljava/awt/Image.getProperty(Ljava/lang/String;Ljava/awt/image/ImageObserver;)Ljava/lang/Object;",
      "Ljava/awt/Image.getScaledInstance(III)Ljava/awt/Image;",
      "Ljava/awt/Image.getSource()Ljava/awt/image/ImageProducer;",
      "Ljava/awt/Image.getWidth(Ljava/awt/image/ImageObserver;)I"
    ]
  },
  {
    "frequency": 1,
    "overriddenMethods": [
      "Ljava/awt/Image.flush()V",
      "Ljava/awt/Image.getAccelerationPriority()F",
      "Ljava/awt/Image.getCapabilities(Ljava/awt/GraphicsConfiguration;)Ljava/awt/ImageCapabilities;",
      "Ljava/awt/Image.getGraphics()Ljava/awt/Graphics;",
      "Ljava/awt/Image.getHeight(Ljava/awt/image/ImageObserver;)I",
      "Ljava/awt/Image.getProperty(Ljava/lang/String;Ljava/awt/image/ImageObserver;)Ljava/lang/Object;",
      "Ljava/awt/Image.getScaledInstance(III)Ljava/awt/Image;",
      "Ljava/awt/Image.getSource()Ljava/awt/image/ImageProducer;",
      "Ljava/awt/Image.getWidth(Ljava/awt/image/ImageObserver;)I"
    ]
  }
]