[
  {
    "frequency": 2,
    "overriddenMethods": [
      "Ljavax/swing/tree/DefaultTreeCellEditor.actionPerformed(Ljava/awt/event/ActionEvent;)V",
      "Ljavax/swing/tree/DefaultTreeCellEditor.createTreeCellEditor()Ljavax/swing/tree/TreeCellEditor;",
      "Ljavax/swing/tree/DefaultTreeCellEditor.determineOffset(Ljavax/swing/JTree;Ljava/lang/Object;ZZZI)V",
      "Ljavax/swing/tree/DefaultTreeCellEditor.isCellEditable(Ljava/util/EventObject;)Z",
      "Ljavax/swing/tree/DefaultTreeCellEditor.prepareForEditing()V",
      "Ljavax/swing/tree/DefaultTreeCellEditor.setTree(Ljavax/swing/JTree;)V",
      "Ljavax/swing/tree/DefaultTreeCellEditor.startEditingTimer()V"
    ]
  },
  {
    "frequency": 1,
    "overriddenMethods": [
      "Ljavax/swing/tree/DefaultTreeCellEditor.createContainer()Ljava/awt/Container;",
      "Ljavax/swing/tree/DefaultTreeCellEditor.prepareForEditing()V"
    ]
  },
  {
    "frequency": 19,
    "overriddenMethods": [
      "Ljavax/swing/tree/DefaultTreeCellEditor.canEditImmediately(Ljava/util/EventObject;)Z",
      "Ljavax/swing/tree/DefaultTreeCellEditor.determineOffset(Ljavax/swing/JTree;Ljava/lang/Object;ZZZI)V",
      "Ljavax/swing/tree/DefaultTreeCellEditor.shouldSelectCell(Ljava/util/EventObject;)Z"
    ]
  }
]