[
  {
    "frequency": 16,
    "overriddenMethods": []
  },
  {
    "frequency": 21,
    "overriddenMethods": [
      "Ljavax/swing/tree/DefaultMutableTreeNode.toString()Ljava/lang/String;"
    ]
  },
  {
    "frequency": 1,
    "overriddenMethods": [
      "Ljavax/swing/tree/DefaultMutableTreeNode.isLeaf()Z"
    ]
  },
  {
    "frequency": 21,
    "overriddenMethods": [
      "Ljava/lang/Object.equals(Ljava/lang/Object;)Z",
      "Ljava/lang/Object.hashCode()I",
      "Ljavax/swing/tree/DefaultMutableTreeNode.toString()Ljava/lang/String;"
    ]
  },
  {
    "frequency": 3,
    "overriddenMethods": [
      "Ljavax/swing/tree/DefaultMutableTreeNode.clone()Ljava/lang/Object;"
    ]
  },
  {
    "frequency": 1,
    "overriddenMethods": [
      "Ljavax/swing/tree/DefaultMutableTreeNode.getAllowsChildren()Z"
    ]
  },
  {
    "frequency": 1,
    "overriddenMethods": [
      "Ljavax/swing/tree/DefaultMutableTreeNode.insert(Ljavax/swing/tree/MutableTreeNode;I)V",
      "Ljavax/swing/tree/DefaultMutableTreeNode.remove(I)V",
      "Ljavax/swing/tree/DefaultMutableTreeNode.toString()Ljava/lang/String;"
    ]
  },
  {
    "frequency": 1,
    "overriddenMethods": [
      "Ljavax/swing/tree/DefaultMutableTreeNode.getChildAt(I)Ljavax/swing/tree/TreeNode;",
      "Ljavax/swing/tree/DefaultMutableTreeNode.getChildCount()I",
      "Ljavax/swing/tree/DefaultMutableTreeNode.getLeafCount()I",
      "Ljavax/swing/tree/DefaultMutableTreeNode.getParent()Ljavax/swing/tree/TreeNode;",
      "Ljavax/swing/tree/DefaultMutableTreeNode.isLeaf()Z",
      "Ljavax/swing/tree/DefaultMutableTreeNode.toString()Ljava/lang/String;"
    ]
  }
]