[
  {
    "frequency": 1,
    "overriddenMethods": [
      "Ljavax/swing/tree/DefaultTreeCellRenderer.getFont()Ljava/awt/Font;",
      "Ljavax/swing/tree/DefaultTreeCellRenderer.getTreeCellRendererComponent(Ljavax/swing/JTree;Ljava/lang/Object;ZZZIZ)Ljava/awt/Component;"
    ]
  },
  {
    "frequency": 1,
    "overriddenMethods": [
      "Ljavax/swing/tree/DefaultTreeCellRenderer.getLeafIcon()Ljavax/swing/Icon;",
      "Ljavax/swing/tree/DefaultTreeCellRenderer.getTreeCellRendererComponent(Ljavax/swing/JTree;Ljava/lang/Object;ZZZIZ)Ljava/awt/Component;"
    ]
  },
  {
    "frequency": 1,
    "overriddenMethods": [
      "Ljavax/swing/JComponent.createToolTip()Ljavax/swing/JToolTip;",
      "Ljavax/swing/tree/DefaultTreeCellRenderer.getTreeCellRendererComponent(Ljavax/swing/JTree;Ljava/lang/Object;ZZZIZ)Ljava/awt/Component;"
    ]
  },
  {
    "frequency": 1,
    "overriddenMethods": [
      "Ljava/awt/Component.hasFocus()Z",
      "Ljavax/swing/JComponent.paintBorder(Ljava/awt/Graphics;)V",
      "Ljavax/swing/tree/DefaultTreeCellRenderer.firePropertyChange(Ljava/lang/String;BB)V",
      "Ljavax/swing/tree/DefaultTreeCellRenderer.firePropertyChange(Ljava/lang/String;CC)V",
      "Ljavax/swing/tree/DefaultTreeCellRenderer.firePropertyChange(Ljava/lang/String;DD)V",
      "Ljavax/swing/tree/DefaultTreeCellRenderer.firePropertyChange(Ljava/lang/String;FF)V",
      "Ljavax/swing/tree/DefaultTreeCellRenderer.firePropertyChange(Ljava/lang/String;II)V",
      "Ljavax/swing/tree/DefaultTreeCellRenderer.firePropertyChange(Ljava/lang/String;JJ)V",
      "Ljavax/swing/tree/DefaultTreeCellRenderer.firePropertyChange(Ljava/lang/String;Ljava/lang/Object;Ljava/lang/Object;)V",
      "Ljavax/swing/tree/DefaultTreeCellRenderer.firePropertyChange(Ljava/lang/String;SS)V",
      "Ljavax/swing/tree/DefaultTreeCellRenderer.firePropertyChange(Ljava/lang/String;ZZ)V",
      "Ljavax/swing/tree/DefaultTreeCellRenderer.getBackgroundNonSelectionColor()Ljava/awt/Color;",
      "Ljavax/swing/tree/DefaultTreeCellRenderer.getBackgroundSelectionColor()Ljava/awt/Color;",
      "Ljavax/swing/tree/DefaultTreeCellRenderer.getBorderSelectionColor()Ljava/awt/Color;",
      "Ljavax/swing/tree/DefaultTreeCellRenderer.getClosedIcon()Ljavax/swing/Icon;",
      "Ljavax/swing/tree/DefaultTreeCellRenderer.getDefaultClosedIcon()Ljavax/swing/Icon;",
      "Ljavax/swing/tree/DefaultTreeCellRenderer.getDefaultLeafIcon()Ljavax/swing/Icon;",
      "Ljavax/swing/tree/DefaultTreeCellRenderer.getDefaultOpenIcon()Ljavax/swing/Icon;",
      "Ljavax/swing/tree/DefaultTreeCellRenderer.getLabelStart()I",
      "Ljavax/swing/tree/DefaultTreeCellRenderer.getLeafIcon()Ljavax/swing/Icon;",
      "Ljavax/swing/tree/DefaultTreeCellRenderer.getOpenIcon()Ljavax/swing/Icon;",
      "Ljavax/swing/tree/DefaultTreeCellRenderer.getPreferredSize()Ljava/awt/Dimension;",
      "Ljavax/swing/tree/DefaultTreeCellRenderer.getTextNonSelectionColor()Ljava/awt/Color;",
      "Ljavax/swing/tree/DefaultTreeCellRenderer.getTextSelectionColor()Ljava/awt/Color;",
      "Ljavax/swing/tree/DefaultTreeCellRenderer.getTreeCellRendererComponent(Ljavax/swing/JTree;Ljava/lang/Object;ZZZIZ)Ljava/awt/Component;",
      "Ljavax/swing/tree/DefaultTreeCellRenderer.paint(Ljava/awt/Graphics;)V",
      "Ljavax/swing/tree/DefaultTreeCellRenderer.repaint(JIIII)V",
      "Ljavax/swing/tree/DefaultTreeCellRenderer.repaint(Ljava/awt/Rectangle;)V",
      "Ljavax/swing/tree/DefaultTreeCellRenderer.revalidate()V",
      "Ljavax/swing/tree/DefaultTreeCellRenderer.setBackground(Ljava/awt/Color;)V",
      "Ljavax/swing/tree/DefaultTreeCellRenderer.setBackgroundNonSelectionColor(Ljava/awt/Color;)V",
      "Ljavax/swing/tree/DefaultTreeCellRenderer.setBackgroundSelectionColor(Ljava/awt/Color;)V",
      "Ljavax/swing/tree/DefaultTreeCellRenderer.setBorderSelectionColor(Ljava/awt/Color;)V",
      "Ljavax/swing/tree/DefaultTreeCellRenderer.setClosedIcon(Ljavax/swing/Icon;)V",
      "Ljavax/swing/tree/DefaultTreeCellRenderer.setFont(Ljava/awt/Font;)V",
      "Ljavax/swing/tree/DefaultTreeCellRenderer.setLeafIcon(Ljavax/swing/Icon;)V",
      "Ljavax/swing/tree/DefaultTreeCellRenderer.setOpenIcon(Ljavax/swing/Icon;)V",
      "Ljavax/swing/tree/DefaultTreeCellRenderer.setTextNonSelectionColor(Ljava/awt/Color;)V",
      "Ljavax/swing/tree/DefaultTreeCellRenderer.setTextSelectionColor(Ljava/awt/Color;)V",
      "Ljavax/swing/tree/DefaultTreeCellRenderer.validate()V"
    ]
  },
  {
    "frequency": 4,
    "overriddenMethods": [
      "Ljavax/swing/tree/DefaultTreeCellRenderer.getClosedIcon()Ljavax/swing/Icon;",
      "Ljavax/swing/tree/DefaultTreeCellRenderer.getLeafIcon()Ljavax/swing/Icon;",
      "Ljavax/swing/tree/DefaultTreeCellRenderer.getOpenIcon()Ljavax/swing/Icon;",
      "Ljavax/swing/tree/DefaultTreeCellRenderer.getTreeCellRendererComponent(Ljavax/swing/JTree;Ljava/lang/Object;ZZZIZ)Ljava/awt/Component;"
    ]
  },
  {
    "frequency": 89,
    "overriddenMethods": [
      "Ljavax/swing/tree/DefaultTreeCellRenderer.getTreeCellRendererComponent(Ljavax/swing/JTree;Ljava/lang/Object;ZZZIZ)Ljava/awt/Component;"
    ]
  },
  {
    "frequency": 1,
    "overriddenMethods": [
      "Ljavax/swing/JLabel.getDisabledIcon()Ljavax/swing/Icon;",
      "Ljavax/swing/tree/DefaultTreeCellRenderer.getClosedIcon()Ljavax/swing/Icon;",
      "Ljavax/swing/tree/DefaultTreeCellRenderer.getLeafIcon()Ljavax/swing/Icon;",
      "Ljavax/swing/tree/DefaultTreeCellRenderer.getOpenIcon()Ljavax/swing/Icon;"
    ]
  },
  {
    "frequency": 1,
    "overriddenMethods": [
      "Ljavax/swing/tree/DefaultTreeCellRenderer.updateUI()V"
    ]
  },
  {
    "frequency": 2,
    "overriddenMethods": [
      "Ljavax/swing/tree/DefaultTreeCellRenderer.getTextNonSelectionColor()Ljava/awt/Color;",
      "Ljavax/swing/tree/DefaultTreeCellRenderer.getTreeCellRendererComponent(Ljavax/swing/JTree;Ljava/lang/Object;ZZZIZ)Ljava/awt/Component;"
    ]
  },
  {
    "frequency": 2,
    "overriddenMethods": [
      "Ljavax/swing/tree/DefaultTreeCellRenderer.getPreferredSize()Ljava/awt/Dimension;",
      "Ljavax/swing/tree/DefaultTreeCellRenderer.getTreeCellRendererComponent(Ljavax/swing/JTree;Ljava/lang/Object;ZZZIZ)Ljava/awt/Component;"
    ]
  },
  {
    "frequency": 1,
    "overriddenMethods": [
      "Ljavax/swing/tree/DefaultTreeCellRenderer.getTreeCellRendererComponent(Ljavax/swing/JTree;Ljava/lang/Object;ZZZIZ)Ljava/awt/Component;",
      "Ljavax/swing/tree/DefaultTreeCellRenderer.paint(Ljava/awt/Graphics;)V"
    ]
  },
  {
    "frequency": 1,
    "overriddenMethods": [
      "Ljavax/swing/tree/DefaultTreeCellRenderer.getClosedIcon()Ljavax/swing/Icon;",
      "Ljavax/swing/tree/DefaultTreeCellRenderer.getLeafIcon()Ljavax/swing/Icon;",
      "Ljavax/swing/tree/DefaultTreeCellRenderer.getOpenIcon()Ljavax/swing/Icon;",
      "Ljavax/swing/tree/DefaultTreeCellRenderer.paint(Ljava/awt/Graphics;)V"
    ]
  }
]