[
  {
    "frequency": 1,
    "overriddenMethods": [
      "Ljava/security/Policy.getParameters()Ljava/security/Policy$Parameters;",
      "Ljava/security/Policy.getPermissions(Ljava/security/CodeSource;)Ljava/security/PermissionCollection;",
      "Ljava/security/Policy.getPermissions(Ljava/security/ProtectionDomain;)Ljava/security/PermissionCollection;",
      "Ljava/security/Policy.getProvider()Ljava/security/Provider;",
      "Ljava/security/Policy.getType()Ljava/lang/String;",
      "Ljava/security/Policy.implies(Ljava/security/ProtectionDomain;Ljava/security/Permission;)Z",
      "Ljava/security/Policy.refresh()V"
    ]
  },
  {
    "frequency": 2,
    "overriddenMethods": [
      "Ljava/security/Policy.getPermissions(Ljava/security/ProtectionDomain;)Ljava/security/PermissionCollection;",
      "Ljava/security/Policy.implies(Ljava/security/ProtectionDomain;Ljava/security/Permission;)Z",
      "Ljava/security/Policy.refresh()V"
    ]
  },
  {
    "frequency": 1,
    "overriddenMethods": [
      "Ljava/security/Policy.getPermissions(Ljava/security/CodeSource;)Ljava/security/PermissionCollection;",
      "Ljava/security/Policy.refresh()V"
    ]
  },
  {
    "frequency": 13,
    "overriddenMethods": [
      "Ljava/security/Policy.getPermissions(Ljava/security/CodeSource;)Ljava/security/PermissionCollection;",
      "Ljava/security/Policy.getPermissions(Ljava/security/ProtectionDomain;)Ljava/security/PermissionCollection;",
      "Ljava/security/Policy.implies(Ljava/security/ProtectionDomain;Ljava/security/Permission;)Z",
      "Ljava/security/Policy.refresh()V"
    ]
  },
  {
    "frequency": 1,
    "overriddenMethods": [
      "Ljava/security/Policy.getPermissions(Ljava/security/CodeSource;)Ljava/security/PermissionCollection;",
      "Ljava/security/Policy.implies(Ljava/security/ProtectionDomain;Ljava/security/Permission;)Z",
      "Ljava/security/Policy.refresh()V"
    ]
  }
]