[
  {
    "frequency": 6,
    "overriddenMethods": []
  },
  {
    "frequency": 1,
    "overriddenMethods": [
      "Ljava/lang/Object.equals(Ljava/lang/Object;)Z",
      "Ljava/lang/Object.hashCode()I",
      "Ljava/security/ProtectionDomain.implies(Ljava/security/Permission;)Z",
      "Ljava/security/ProtectionDomain.toString()Ljava/lang/String;"
    ]
  },
  {
    "frequency": 5,
    "overriddenMethods": [
      "Ljava/security/ProtectionDomain.implies(Ljava/security/Permission;)Z"
    ]
  }
]