[
  {
    "frequency": 19,
    "overriddenMethods": [
      "Ljava/security/SignatureSpi.engineGetParameter(Ljava/lang/String;)Ljava/lang/Object;",
      "Ljava/security/SignatureSpi.engineInitSign(Ljava/security/PrivateKey;)V",
      "Ljava/security/SignatureSpi.engineInitSign(Ljava/security/PrivateKey;Ljava/security/SecureRandom;)V",
      "Ljava/security/SignatureSpi.engineInitVerify(Ljava/security/PublicKey;)V",
      "Ljava/security/SignatureSpi.engineSetParameter(Ljava/lang/String;Ljava/lang/Object;)V",
      "Ljava/security/SignatureSpi.engineSetParameter(Ljava/security/spec/AlgorithmParameterSpec;)V",
      "Ljava/security/SignatureSpi.engineSign()[B",
      "Ljava/security/SignatureSpi.engineUpdate(B)V",
      "Ljava/security/SignatureSpi.engineUpdate([BII)V",
      "Ljava/security/SignatureSpi.engineVerify([B)Z"
    ]
  },
  {
    "frequency": 14,
    "overriddenMethods": [
      "Ljava/security/SignatureSpi.engineGetParameter(Ljava/lang/String;)Ljava/lang/Object;",
      "Ljava/security/SignatureSpi.engineInitSign(Ljava/security/PrivateKey;)V",
      "Ljava/security/SignatureSpi.engineInitVerify(Ljava/security/PublicKey;)V",
      "Ljava/security/SignatureSpi.engineSetParameter(Ljava/lang/String;Ljava/lang/Object;)V",
      "Ljava/security/SignatureSpi.engineSetParameter(Ljava/security/spec/AlgorithmParameterSpec;)V",
      "Ljava/security/SignatureSpi.engineSign()[B",
      "Ljava/security/SignatureSpi.engineUpdate(B)V",
      "Ljava/security/SignatureSpi.engineUpdate([BII)V",
      "Ljava/security/SignatureSpi.engineVerify([B)Z"
    ]
  },
  {
    "frequency": 6,
    "overriddenMethods": [
      "Ljava/security/SignatureSpi.engineGetParameter(Ljava/lang/String;)Ljava/lang/Object;",
      "Ljava/security/SignatureSpi.engineGetParameters()Ljava/security/AlgorithmParameters;",
      "Ljava/security/SignatureSpi.engineInitSign(Ljava/security/PrivateKey;)V",
      "Ljava/security/SignatureSpi.engineInitVerify(Ljava/security/PublicKey;)V",
      "Ljava/security/SignatureSpi.engineSetParameter(Ljava/lang/String;Ljava/lang/Object;)V",
      "Ljava/security/SignatureSpi.engineSetParameter(Ljava/security/spec/AlgorithmParameterSpec;)V",
      "Ljava/security/SignatureSpi.engineSign()[B",
      "Ljava/security/SignatureSpi.engineUpdate(B)V",
      "Ljava/security/SignatureSpi.engineUpdate([BII)V",
      "Ljava/security/SignatureSpi.engineVerify([B)Z"
    ]
  },
  {
    "frequency": 7,
    "overriddenMethods": [
      "Ljava/security/SignatureSpi.engineGetParameter(Ljava/lang/String;)Ljava/lang/Object;",
      "Ljava/security/SignatureSpi.engineGetParameters()Ljava/security/AlgorithmParameters;",
      "Ljava/security/SignatureSpi.engineInitSign(Ljava/security/PrivateKey;)V",
      "Ljava/security/SignatureSpi.engineInitSign(Ljava/security/PrivateKey;Ljava/security/SecureRandom;)V",
      "Ljava/security/SignatureSpi.engineInitVerify(Ljava/security/PublicKey;)V",
      "Ljava/security/SignatureSpi.engineSetParameter(Ljava/lang/String;Ljava/lang/Object;)V",
      "Ljava/security/SignatureSpi.engineSetParameter(Ljava/security/spec/AlgorithmParameterSpec;)V",
      "Ljava/security/SignatureSpi.engineSign()[B",
      "Ljava/security/SignatureSpi.engineUpdate(B)V",
      "Ljava/security/SignatureSpi.engineUpdate([BII)V",
      "Ljava/security/SignatureSpi.engineVerify([B)Z"
    ]
  }
]