[
  {
    "frequency": 1,
    "overriddenMethods": [
      "Ljava/nio/charset/CharsetEncoder.canEncode(C)Z",
      "Ljava/nio/charset/CharsetEncoder.isLegalReplacement([B)Z"
    ]
  },
  {
    "frequency": 1,
    "overriddenMethods": [
      "Ljava/nio/charset/CharsetEncoder.encodeLoop(Ljava/nio/CharBuffer;Ljava/nio/ByteBuffer;)Ljava/nio/charset/CoderResult;",
      "Ljava/nio/charset/CharsetEncoder.implFlush(Ljava/nio/ByteBuffer;)Ljava/nio/charset/CoderResult;",
      "Ljava/nio/charset/CharsetEncoder.implReset()V"
    ]
  },
  {
    "frequency": 4,
    "overriddenMethods": [
      "Ljava/nio/charset/CharsetEncoder.encodeLoop(Ljava/nio/CharBuffer;Ljava/nio/ByteBuffer;)Ljava/nio/charset/CoderResult;"
    ]
  }
]