[
  {
    "frequency": 3,
    "overriddenMethods": [
      "Ljava/net/URLStreamHandler.openConnection(Ljava/net/URL;)Ljava/net/URLConnection;",
      "Ljava/net/URLStreamHandler.parseURL(Ljava/net/URL;Ljava/lang/String;II)V",
      "Ljava/net/URLStreamHandler.toExternalForm(Ljava/net/URL;)Ljava/lang/String;"
    ]
  },
  {
    "frequency": 1,
    "overriddenMethods": [
      "Ljava/lang/Object.toString()Ljava/lang/String;",
      "Ljava/net/URLStreamHandler.equals(Ljava/net/URL;Ljava/net/URL;)Z",
      "Ljava/net/URLStreamHandler.getDefaultPort()I",
      "Ljava/net/URLStreamHandler.getHostAddress(Ljava/net/URL;)Ljava/net/InetAddress;",
      "Ljava/net/URLStreamHandler.hashCode(Ljava/net/URL;)I",
      "Ljava/net/URLStreamHandler.hostsEqual(Ljava/net/URL;Ljava/net/URL;)Z",
      "Ljava/net/URLStreamHandler.openConnection(Ljava/net/URL;)Ljava/net/URLConnection;",
      "Ljava/net/URLStreamHandler.parseURL(Ljava/net/URL;Ljava/lang/String;II)V",
      "Ljava/net/URLStreamHandler.sameFile(Ljava/net/URL;Ljava/net/URL;)Z",
      "Ljava/net/URLStreamHandler.setURL(Ljava/net/URL;Ljava/lang/String;Ljava/lang/String;ILjava/lang/String;Ljava/lang/String;)V",
      "Ljava/net/URLStreamHandler.setURL(Ljava/net/URL;Ljava/lang/String;Ljava/lang/String;ILjava/lang/String;Ljava/lang/String;Ljava/lang/String;Ljava/lang/String;Ljava/lang/String;)V",
      "Ljava/net/URLStreamHandler.toExternalForm(Ljava/net/URL;)Ljava/lang/String;"
    ]
  },
  {
    "frequency": 1,
    "overriddenMethods": [
      "Ljava/net/URLStreamHandler.getHostAddress(Ljava/net/URL;)Ljava/net/InetAddress;",
      "Ljava/net/URLStreamHandler.openConnection(Ljava/net/URL;)Ljava/net/URLConnection;",
      "Ljava/net/URLStreamHandler.parseURL(Ljava/net/URL;Ljava/lang/String;II)V",
      "Ljava/net/URLStreamHandler.toExternalForm(Ljava/net/URL;)Ljava/lang/String;"
    ]
  },
  {
    "frequency": 1,
    "overriddenMethods": [
      "Ljava/net/URLStreamHandler.equals(Ljava/net/URL;Ljava/net/URL;)Z",
      "Ljava/net/URLStreamHandler.getDefaultPort()I",
      "Ljava/net/URLStreamHandler.getHostAddress(Ljava/net/URL;)Ljava/net/InetAddress;",
      "Ljava/net/URLStreamHandler.hashCode(Ljava/net/URL;)I",
      "Ljava/net/URLStreamHandler.hostsEqual(Ljava/net/URL;Ljava/net/URL;)Z",
      "Ljava/net/URLStreamHandler.openConnection(Ljava/net/URL;)Ljava/net/URLConnection;",
      "Ljava/net/URLStreamHandler.openConnection(Ljava/net/URL;Ljava/net/Proxy;)Ljava/net/URLConnection;",
      "Ljava/net/URLStreamHandler.parseURL(Ljava/net/URL;Ljava/lang/String;II)V",
      "Ljava/net/URLStreamHandler.sameFile(Ljava/net/URL;Ljava/net/URL;)Z",
      "Ljava/net/URLStreamHandler.setURL(Ljava/net/URL;Ljava/lang/String;Ljava/lang/String;ILjava/lang/String;Ljava/lang/String;)V",
      "Ljava/net/URLStreamHandler.setURL(Ljava/net/URL;Ljava/lang/String;Ljava/lang/String;ILjava/lang/String;Ljava/lang/String;Ljava/lang/String;Ljava/lang/String;Ljava/lang/String;)V",
      "Ljava/net/URLStreamHandler.toExternalForm(Ljava/net/URL;)Ljava/lang/String;"
    ]
  },
  {
    "frequency": 156,
    "overriddenMethods": [
      "Ljava/net/URLStreamHandler.openConnection(Ljava/net/URL;)Ljava/net/URLConnection;"
    ]
  },
  {
    "frequency": 2,
    "overriddenMethods": [
      "Ljava/net/URLStreamHandler.getDefaultPort()I",
      "Ljava/net/URLStreamHandler.hashCode(Ljava/net/URL;)I",
      "Ljava/net/URLStreamHandler.openConnection(Ljava/net/URL;)Ljava/net/URLConnection;",
      "Ljava/net/URLStreamHandler.parseURL(Ljava/net/URL;Ljava/lang/String;II)V",
      "Ljava/net/URLStreamHandler.sameFile(Ljava/net/URL;Ljava/net/URL;)Z"
    ]
  },
  {
    "frequency": 9,
    "overriddenMethods": [
      "Ljava/net/URLStreamHandler.equals(Ljava/net/URL;Ljava/net/URL;)Z",
      "Ljava/net/URLStreamHandler.getDefaultPort()I",
      "Ljava/net/URLStreamHandler.getHostAddress(Ljava/net/URL;)Ljava/net/InetAddress;",
      "Ljava/net/URLStreamHandler.hashCode(Ljava/net/URL;)I",
      "Ljava/net/URLStreamHandler.hostsEqual(Ljava/net/URL;Ljava/net/URL;)Z",
      "Ljava/net/URLStreamHandler.openConnection(Ljava/net/URL;)Ljava/net/URLConnection;",
      "Ljava/net/URLStreamHandler.parseURL(Ljava/net/URL;Ljava/lang/String;II)V",
      "Ljava/net/URLStreamHandler.sameFile(Ljava/net/URL;Ljava/net/URL;)Z",
      "Ljava/net/URLStreamHandler.setURL(Ljava/net/URL;Ljava/lang/String;Ljava/lang/String;ILjava/lang/String;Ljava/lang/String;Ljava/lang/String;Ljava/lang/String;Ljava/lang/String;)V",
      "Ljava/net/URLStreamHandler.toExternalForm(Ljava/net/URL;)Ljava/lang/String;"
    ]
  },
  {
    "frequency": 13,
    "overriddenMethods": [
      "Ljava/net/URLStreamHandler.openConnection(Ljava/net/URL;)Ljava/net/URLConnection;",
      "Ljava/net/URLStreamHandler.toExternalForm(Ljava/net/URL;)Ljava/lang/String;"
    ]
  },
  {
    "frequency": 3,
    "overriddenMethods": [
      "Ljava/net/URLStreamHandler.getHostAddress(Ljava/net/URL;)Ljava/net/InetAddress;",
      "Ljava/net/URLStreamHandler.openConnection(Ljava/net/URL;)Ljava/net/URLConnection;"
    ]
  },
  {
    "frequency": 1,
    "overriddenMethods": [
      "Ljava/net/URLStreamHandler.openConnection(Ljava/net/URL;)Ljava/net/URLConnection;",
      "Ljava/net/URLStreamHandler.setURL(Ljava/net/URL;Ljava/lang/String;Ljava/lang/String;ILjava/lang/String;Ljava/lang/String;Ljava/lang/String;Ljava/lang/String;Ljava/lang/String;)V"
    ]
  },
  {
    "frequency": 3,
    "overriddenMethods": [
      "Ljava/net/URLStreamHandler.getHostAddress(Ljava/net/URL;)Ljava/net/InetAddress;",
      "Ljava/net/URLStreamHandler.openConnection(Ljava/net/URL;)Ljava/net/URLConnection;",
      "Ljava/net/URLStreamHandler.openConnection(Ljava/net/URL;Ljava/net/Proxy;)Ljava/net/URLConnection;"
    ]
  },
  {
    "frequency": 1,
    "overriddenMethods": [
      "Ljava/net/URLStreamHandler.openConnection(Ljava/net/URL;)Ljava/net/URLConnection;",
      "Ljava/net/URLStreamHandler.openConnection(Ljava/net/URL;Ljava/net/Proxy;)Ljava/net/URLConnection;"
    ]
  },
  {
    "frequency": 12,
    "overriddenMethods": [
      "Ljava/net/URLStreamHandler.equals(Ljava/net/URL;Ljava/net/URL;)Z",
      "Ljava/net/URLStreamHandler.getDefaultPort()I",
      "Ljava/net/URLStreamHandler.getHostAddress(Ljava/net/URL;)Ljava/net/InetAddress;",
      "Ljava/net/URLStreamHandler.hashCode(Ljava/net/URL;)I",
      "Ljava/net/URLStreamHandler.hostsEqual(Ljava/net/URL;Ljava/net/URL;)Z",
      "Ljava/net/URLStreamHandler.openConnection(Ljava/net/URL;)Ljava/net/URLConnection;",
      "Ljava/net/URLStreamHandler.parseURL(Ljava/net/URL;Ljava/lang/String;II)V",
      "Ljava/net/URLStreamHandler.sameFile(Ljava/net/URL;Ljava/net/URL;)Z",
      "Ljava/net/URLStreamHandler.setURL(Ljava/net/URL;Ljava/lang/String;Ljava/lang/String;ILjava/lang/String;Ljava/lang/String;)V",
      "Ljava/net/URLStreamHandler.setURL(Ljava/net/URL;Ljava/lang/String;Ljava/lang/String;ILjava/lang/String;Ljava/lang/String;Ljava/lang/String;Ljava/lang/String;Ljava/lang/String;)V",
      "Ljava/net/URLStreamHandler.toExternalForm(Ljava/net/URL;)Ljava/lang/String;"
    ]
  },
  {
    "frequency": 25,
    "overriddenMethods": [
      "Ljava/net/URLStreamHandler.openConnection(Ljava/net/URL;)Ljava/net/URLConnection;",
      "Ljava/net/URLStreamHandler.parseURL(Ljava/net/URL;Ljava/lang/String;II)V"
    ]
  },
  {
    "frequency": 1,
    "overriddenMethods": [
      "Ljava/net/URLStreamHandler.equals(Ljava/net/URL;Ljava/net/URL;)Z",
      "Ljava/net/URLStreamHandler.getHostAddress(Ljava/net/URL;)Ljava/net/InetAddress;",
      "Ljava/net/URLStreamHandler.hashCode(Ljava/net/URL;)I",
      "Ljava/net/URLStreamHandler.hostsEqual(Ljava/net/URL;Ljava/net/URL;)Z",
      "Ljava/net/URLStreamHandler.openConnection(Ljava/net/URL;)Ljava/net/URLConnection;",
      "Ljava/net/URLStreamHandler.parseURL(Ljava/net/URL;Ljava/lang/String;II)V",
      "Ljava/net/URLStreamHandler.sameFile(Ljava/net/URL;Ljava/net/URL;)Z",
      "Ljava/net/URLStreamHandler.toExternalForm(Ljava/net/URL;)Ljava/lang/String;"
    ]
  }
]