[
  {
    "frequency": 1,
    "overriddenMethods": [
      "Ljavax/swing/LookAndFeel.getDescription()Ljava/lang/String;",
      "Ljavax/swing/LookAndFeel.getDisabledIcon(Ljavax/swing/JComponent;Ljavax/swing/Icon;)Ljavax/swing/Icon;",
      "Ljavax/swing/LookAndFeel.getDisabledSelectedIcon(Ljavax/swing/JComponent;Ljavax/swing/Icon;)Ljavax/swing/Icon;",
      "Ljavax/swing/LookAndFeel.getID()Ljava/lang/String;",
      "Ljavax/swing/LookAndFeel.getName()Ljava/lang/String;",
      "Ljavax/swing/LookAndFeel.getSupportsWindowDecorations()Z",
      "Ljavax/swing/LookAndFeel.isNativeLookAndFeel()Z",
      "Ljavax/swing/LookAndFeel.isSupportedLookAndFeel()Z",
      "Ljavax/swing/plaf/basic/BasicLookAndFeel.initClassDefaults(Ljavax/swing/UIDefaults;)V",
      "Ljavax/swing/plaf/basic/BasicLookAndFeel.initComponentDefaults(Ljavax/swing/UIDefaults;)V",
      "Ljavax/swing/plaf/basic/BasicLookAndFeel.initSystemColorDefaults(Ljavax/swing/UIDefaults;)V",
      "Ljavax/swing/plaf/basic/BasicLookAndFeel.initialize()V",
      "Ljavax/swing/plaf/basic/BasicLookAndFeel.uninitialize()V"
    ]
  },
  {
    "frequency": 1,
    "overriddenMethods": [
      "Ljavax/swing/LookAndFeel.getDescription()Ljava/lang/String;",
      "Ljavax/swing/LookAndFeel.getID()Ljava/lang/String;",
      "Ljavax/swing/LookAndFeel.getName()Ljava/lang/String;",
      "Ljavax/swing/LookAndFeel.getSupportsWindowDecorations()Z",
      "Ljavax/swing/LookAndFeel.isNativeLookAndFeel()Z",
      "Ljavax/swing/plaf/basic/BasicLookAndFeel.initClassDefaults(Ljavax/swing/UIDefaults;)V",
      "Ljavax/swing/plaf/basic/BasicLookAndFeel.initComponentDefaults(Ljavax/swing/UIDefaults;)V",
      "Ljavax/swing/plaf/basic/BasicLookAndFeel.initSystemColorDefaults(Ljavax/swing/UIDefaults;)V"
    ]
  },
  {
    "frequency": 1,
    "overriddenMethods": [
      "Ljavax/swing/LookAndFeel.getDescription()Ljava/lang/String;",
      "Ljavax/swing/LookAndFeel.getID()Ljava/lang/String;",
      "Ljavax/swing/LookAndFeel.getName()Ljava/lang/String;",
      "Ljavax/swing/LookAndFeel.getSupportsWindowDecorations()Z",
      "Ljavax/swing/LookAndFeel.isNativeLookAndFeel()Z",
      "Ljavax/swing/LookAndFeel.isSupportedLookAndFeel()Z",
      "Ljavax/swing/plaf/basic/BasicLookAndFeel.initClassDefaults(Ljavax/swing/UIDefaults;)V",
      "Ljavax/swing/plaf/basic/BasicLookAndFeel.initComponentDefaults(Ljavax/swing/UIDefaults;)V",
      "Ljavax/swing/plaf/basic/BasicLookAndFeel.initSystemColorDefaults(Ljavax/swing/UIDefaults;)V",
      "Ljavax/swing/plaf/basic/BasicLookAndFeel.initialize()V"
    ]
  }
]