[
  {
    "frequency": 2,
    "overriddenMethods": [
      "Ljavax/swing/JComponent.addNotify()V",
      "Ljavax/swing/JComponent.removeNotify()V",
      "Ljavax/swing/plaf/basic/BasicInternalFrameTitlePane.createActions()V",
      "Ljavax/swing/plaf/basic/BasicInternalFrameTitlePane.createButtons()V",
      "Ljavax/swing/plaf/basic/BasicInternalFrameTitlePane.createLayout()Ljava/awt/LayoutManager;",
      "Ljavax/swing/plaf/basic/BasicInternalFrameTitlePane.enableActions()V",
      "Ljavax/swing/plaf/basic/BasicInternalFrameTitlePane.installDefaults()V",
      "Ljavax/swing/plaf/basic/BasicInternalFrameTitlePane.installListeners()V",
      "Ljavax/swing/plaf/basic/BasicInternalFrameTitlePane.paintComponent(Ljava/awt/Graphics;)V",
      "Ljavax/swing/plaf/basic/BasicInternalFrameTitlePane.setButtonIcons()V",
      "Ljavax/swing/plaf/basic/BasicInternalFrameTitlePane.uninstallListeners()V"
    ]
  },
  {
    "frequency": 1,
    "overriddenMethods": [
      "Ljavax/swing/JComponent.paint(Ljava/awt/Graphics;)V",
      "Ljavax/swing/plaf/basic/BasicInternalFrameTitlePane.addSubComponents()V",
      "Ljavax/swing/plaf/basic/BasicInternalFrameTitlePane.addSystemMenuItems(Ljavax/swing/JMenu;)V",
      "Ljavax/swing/plaf/basic/BasicInternalFrameTitlePane.assembleSystemMenu()V",
      "Ljavax/swing/plaf/basic/BasicInternalFrameTitlePane.createButtons()V",
      "Ljavax/swing/plaf/basic/BasicInternalFrameTitlePane.createLayout()Ljava/awt/LayoutManager;",
      "Ljavax/swing/plaf/basic/BasicInternalFrameTitlePane.createPropertyChangeListener()Ljava/beans/PropertyChangeListener;",
      "Ljavax/swing/plaf/basic/BasicInternalFrameTitlePane.installDefaults()V"
    ]
  },
  {
    "frequency": 1,
    "overriddenMethods": [
      "Ljava/awt/Component.getFont()Ljava/awt/Font;",
      "Ljavax/swing/JComponent.getMinimumSize()Ljava/awt/Dimension;",
      "Ljavax/swing/plaf/basic/BasicInternalFrameTitlePane.addSubComponents()V",
      "Ljavax/swing/plaf/basic/BasicInternalFrameTitlePane.createButtons()V",
      "Ljavax/swing/plaf/basic/BasicInternalFrameTitlePane.createLayout()Ljava/awt/LayoutManager;",
      "Ljavax/swing/plaf/basic/BasicInternalFrameTitlePane.installDefaults()V",
      "Ljavax/swing/plaf/basic/BasicInternalFrameTitlePane.paintComponent(Ljava/awt/Graphics;)V",
      "Ljavax/swing/plaf/basic/BasicInternalFrameTitlePane.paintTitleBackground(Ljava/awt/Graphics;)V",
      "Ljavax/swing/plaf/basic/BasicInternalFrameTitlePane.setButtonIcons()V",
      "Ljavax/swing/plaf/basic/BasicInternalFrameTitlePane.uninstallDefaults()V"
    ]
  },
  {
    "frequency": 2,
    "overriddenMethods": [
      "Ljava/awt/Component.getFont()Ljava/awt/Font;",
      "Ljavax/swing/JComponent.getMinimumSize()Ljava/awt/Dimension;",
      "Ljavax/swing/plaf/basic/BasicInternalFrameTitlePane.addSystemMenuItems(Ljavax/swing/JMenu;)V",
      "Ljavax/swing/plaf/basic/BasicInternalFrameTitlePane.createButtons()V",
      "Ljavax/swing/plaf/basic/BasicInternalFrameTitlePane.createLayout()Ljava/awt/LayoutManager;",
      "Ljavax/swing/plaf/basic/BasicInternalFrameTitlePane.createPropertyChangeListener()Ljava/beans/PropertyChangeListener;",
      "Ljavax/swing/plaf/basic/BasicInternalFrameTitlePane.createSystemMenu()Ljavax/swing/JMenu;",
      "Ljavax/swing/plaf/basic/BasicInternalFrameTitlePane.paintComponent(Ljava/awt/Graphics;)V",
      "Ljavax/swing/plaf/basic/BasicInternalFrameTitlePane.paintTitleBackground(Ljava/awt/Graphics;)V",
      "Ljavax/swing/plaf/basic/BasicInternalFrameTitlePane.setButtonIcons()V"
    ]
  },
  {
    "frequency": 1,
    "overriddenMethods": [
      "Ljavax/swing/JComponent.paint(Ljava/awt/Graphics;)V",
      "Ljavax/swing/plaf/basic/BasicInternalFrameTitlePane.createButtons()V",
      "Ljavax/swing/plaf/basic/BasicInternalFrameTitlePane.createLayout()Ljava/awt/LayoutManager;",
      "Ljavax/swing/plaf/basic/BasicInternalFrameTitlePane.paintTitleBackground(Ljava/awt/Graphics;)V",
      "Ljavax/swing/plaf/basic/BasicInternalFrameTitlePane.setButtonIcons()V"
    ]
  },
  {
    "frequency": 1,
    "overriddenMethods": [
      "Ljavax/swing/JComponent.getMinimumSize()Ljava/awt/Dimension;",
      "Ljavax/swing/JComponent.getPreferredSize()Ljava/awt/Dimension;",
      "Ljavax/swing/plaf/basic/BasicInternalFrameTitlePane.addSystemMenuItems(Ljavax/swing/JMenu;)V",
      "Ljavax/swing/plaf/basic/BasicInternalFrameTitlePane.createActions()V",
      "Ljavax/swing/plaf/basic/BasicInternalFrameTitlePane.createButtons()V",
      "Ljavax/swing/plaf/basic/BasicInternalFrameTitlePane.createLayout()Ljava/awt/LayoutManager;",
      "Ljavax/swing/plaf/basic/BasicInternalFrameTitlePane.createPropertyChangeListener()Ljava/beans/PropertyChangeListener;",
      "Ljavax/swing/plaf/basic/BasicInternalFrameTitlePane.createSystemMenuBar()Ljavax/swing/JMenuBar;",
      "Ljavax/swing/plaf/basic/BasicInternalFrameTitlePane.enableActions()V",
      "Ljavax/swing/plaf/basic/BasicInternalFrameTitlePane.installDefaults()V",
      "Ljavax/swing/plaf/basic/BasicInternalFrameTitlePane.installListeners()V",
      "Ljavax/swing/plaf/basic/BasicInternalFrameTitlePane.installTitlePane()V",
      "Ljavax/swing/plaf/basic/BasicInternalFrameTitlePane.paintComponent(Ljava/awt/Graphics;)V",
      "Ljavax/swing/plaf/basic/BasicInternalFrameTitlePane.setButtonIcons()V",
      "Ljavax/swing/plaf/basic/BasicInternalFrameTitlePane.uninstallListeners()V"
    ]
  },
  {
    "frequency": 1,
    "overriddenMethods": [
      "Ljavax/swing/plaf/basic/BasicInternalFrameTitlePane.createButtons()V"
    ]
  }
]