[
  {
    "frequency": 1,
    "overriddenMethods": [
      "Ljavax/swing/plaf/ComponentUI.update(Ljava/awt/Graphics;Ljavax/swing/JComponent;)V",
      "Ljavax/swing/plaf/basic/BasicScrollBarUI.createDecreaseButton(I)Ljavax/swing/JButton;",
      "Ljavax/swing/plaf/basic/BasicScrollBarUI.createIncreaseButton(I)Ljavax/swing/JButton;",
      "Ljavax/swing/plaf/basic/BasicScrollBarUI.installUI(Ljavax/swing/JComponent;)V",
      "Ljavax/swing/plaf/basic/BasicScrollBarUI.paintThumb(Ljava/awt/Graphics;Ljavax/swing/JComponent;Ljava/awt/Rectangle;)V",
      "Ljavax/swing/plaf/basic/BasicScrollBarUI.paintTrack(Ljava/awt/Graphics;Ljavax/swing/JComponent;Ljava/awt/Rectangle;)V",
      "Ljavax/swing/plaf/basic/BasicScrollBarUI.uninstallUI(Ljavax/swing/JComponent;)V"
    ]
  },
  {
    "frequency": 1,
    "overriddenMethods": [
      "Ljavax/swing/plaf/basic/BasicScrollBarUI.createDecreaseButton(I)Ljavax/swing/JButton;",
      "Ljavax/swing/plaf/basic/BasicScrollBarUI.createIncreaseButton(I)Ljavax/swing/JButton;",
      "Ljavax/swing/plaf/basic/BasicScrollBarUI.createTrackListener()Ljavax/swing/plaf/basic/BasicScrollBarUI$TrackListener;",
      "Ljavax/swing/plaf/basic/BasicScrollBarUI.getPreferredSize(Ljavax/swing/JComponent;)Ljava/awt/Dimension;",
      "Ljavax/swing/plaf/basic/BasicScrollBarUI.installDefaults()V",
      "Ljavax/swing/plaf/basic/BasicScrollBarUI.layoutHScrollbar(Ljavax/swing/JScrollBar;)V",
      "Ljavax/swing/plaf/basic/BasicScrollBarUI.layoutVScrollbar(Ljavax/swing/JScrollBar;)V",
      "Ljavax/swing/plaf/basic/BasicScrollBarUI.paint(Ljava/awt/Graphics;Ljavax/swing/JComponent;)V"
    ]
  },
  {
    "frequency": 2,
    "overriddenMethods": [
      "Ljavax/swing/plaf/basic/BasicScrollBarUI.createTrackListener()Ljavax/swing/plaf/basic/BasicScrollBarUI$TrackListener;",
      "Ljavax/swing/plaf/basic/BasicScrollBarUI.getThumbBounds()Ljava/awt/Rectangle;",
      "Ljavax/swing/plaf/basic/BasicScrollBarUI.getTrackBounds()Ljava/awt/Rectangle;",
      "Ljavax/swing/plaf/basic/BasicScrollBarUI.layoutHScrollbar(Ljavax/swing/JScrollBar;)V",
      "Ljavax/swing/plaf/basic/BasicScrollBarUI.layoutVScrollbar(Ljavax/swing/JScrollBar;)V",
      "Ljavax/swing/plaf/basic/BasicScrollBarUI.setThumbBounds(IIII)V"
    ]
  },
  {
    "frequency": 2,
    "overriddenMethods": [
      "Ljavax/swing/plaf/basic/BasicScrollBarUI.createDecreaseButton(I)Ljavax/swing/JButton;",
      "Ljavax/swing/plaf/basic/BasicScrollBarUI.createIncreaseButton(I)Ljavax/swing/JButton;",
      "Ljavax/swing/plaf/basic/BasicScrollBarUI.createTrackListener()Ljavax/swing/plaf/basic/BasicScrollBarUI$TrackListener;",
      "Ljavax/swing/plaf/basic/BasicScrollBarUI.getPreferredSize(Ljavax/swing/JComponent;)Ljava/awt/Dimension;",
      "Ljavax/swing/plaf/basic/BasicScrollBarUI.installDefaults()V",
      "Ljavax/swing/plaf/basic/BasicScrollBarUI.layoutHScrollbar(Ljavax/swing/JScrollBar;)V",
      "Ljavax/swing/plaf/basic/BasicScrollBarUI.layoutVScrollbar(Ljavax/swing/JScrollBar;)V",
      "Ljavax/swing/plaf/basic/BasicScrollBarUI.paintThumb(Ljava/awt/Graphics;Ljavax/swing/JComponent;Ljava/awt/Rectangle;)V",
      "Ljavax/swing/plaf/basic/BasicScrollBarUI.paintTrack(Ljava/awt/Graphics;Ljavax/swing/JComponent;Ljava/awt/Rectangle;)V"
    ]
  },
  {
    "frequency": 2,
    "overriddenMethods": [
      "Ljavax/swing/plaf/ComponentUI.update(Ljava/awt/Graphics;Ljavax/swing/JComponent;)V",
      "Ljavax/swing/plaf/basic/BasicScrollBarUI.createArrowButtonListener()Ljavax/swing/plaf/basic/BasicScrollBarUI$ArrowButtonListener;",
      "Ljavax/swing/plaf/basic/BasicScrollBarUI.createDecreaseButton(I)Ljavax/swing/JButton;",
      "Ljavax/swing/plaf/basic/BasicScrollBarUI.createIncreaseButton(I)Ljavax/swing/JButton;",
      "Ljavax/swing/plaf/basic/BasicScrollBarUI.createTrackListener()Ljavax/swing/plaf/basic/BasicScrollBarUI$TrackListener;",
      "Ljavax/swing/plaf/basic/BasicScrollBarUI.getPreferredSize(Ljavax/swing/JComponent;)Ljava/awt/Dimension;",
      "Ljavax/swing/plaf/basic/BasicScrollBarUI.installComponents()V",
      "Ljavax/swing/plaf/basic/BasicScrollBarUI.installDefaults()V",
      "Ljavax/swing/plaf/basic/BasicScrollBarUI.installListeners()V",
      "Ljavax/swing/plaf/basic/BasicScrollBarUI.installUI(Ljavax/swing/JComponent;)V",
      "Ljavax/swing/plaf/basic/BasicScrollBarUI.layoutHScrollbar(Ljavax/swing/JScrollBar;)V",
      "Ljavax/swing/plaf/basic/BasicScrollBarUI.layoutVScrollbar(Ljavax/swing/JScrollBar;)V",
      "Ljavax/swing/plaf/basic/BasicScrollBarUI.paint(Ljava/awt/Graphics;Ljavax/swing/JComponent;)V",
      "Ljavax/swing/plaf/basic/BasicScrollBarUI.paintThumb(Ljava/awt/Graphics;Ljavax/swing/JComponent;Ljava/awt/Rectangle;)V",
      "Ljavax/swing/plaf/basic/BasicScrollBarUI.paintTrack(Ljava/awt/Graphics;Ljavax/swing/JComponent;Ljava/awt/Rectangle;)V",
      "Ljavax/swing/plaf/basic/BasicScrollBarUI.scrollByBlock(I)V",
      "Ljavax/swing/plaf/basic/BasicScrollBarUI.uninstallComponents()V",
      "Ljavax/swing/plaf/basic/BasicScrollBarUI.uninstallDefaults()V",
      "Ljavax/swing/plaf/basic/BasicScrollBarUI.uninstallListeners()V",
      "Ljavax/swing/plaf/basic/BasicScrollBarUI.uninstallUI(Ljavax/swing/JComponent;)V"
    ]
  },
  {
    "frequency": 1,
    "overriddenMethods": [
      "Ljavax/swing/plaf/basic/BasicScrollBarUI.configureScrollBarColors()V",
      "Ljavax/swing/plaf/basic/BasicScrollBarUI.createDecreaseButton(I)Ljavax/swing/JButton;",
      "Ljavax/swing/plaf/basic/BasicScrollBarUI.createIncreaseButton(I)Ljavax/swing/JButton;",
      "Ljavax/swing/plaf/basic/BasicScrollBarUI.createPropertyChangeListener()Ljava/beans/PropertyChangeListener;",
      "Ljavax/swing/plaf/basic/BasicScrollBarUI.getMinimumThumbSize()Ljava/awt/Dimension;",
      "Ljavax/swing/plaf/basic/BasicScrollBarUI.getPreferredSize(Ljavax/swing/JComponent;)Ljava/awt/Dimension;",
      "Ljavax/swing/plaf/basic/BasicScrollBarUI.installDefaults()V",
      "Ljavax/swing/plaf/basic/BasicScrollBarUI.installListeners()V",
      "Ljavax/swing/plaf/basic/BasicScrollBarUI.installUI(Ljavax/swing/JComponent;)V",
      "Ljavax/swing/plaf/basic/BasicScrollBarUI.paintThumb(Ljava/awt/Graphics;Ljavax/swing/JComponent;Ljava/awt/Rectangle;)V",
      "Ljavax/swing/plaf/basic/BasicScrollBarUI.paintTrack(Ljava/awt/Graphics;Ljavax/swing/JComponent;Ljava/awt/Rectangle;)V",
      "Ljavax/swing/plaf/basic/BasicScrollBarUI.setThumbBounds(IIII)V"
    ]
  }
]