[
  {
    "frequency": 1,
    "overriddenMethods": [
      "Ljavax/swing/plaf/basic/BasicComboBoxUI.createPopup()Ljavax/swing/plaf/basic/ComboPopup;"
    ]
  },
  {
    "frequency": 1,
    "overriddenMethods": [
      "Ljavax/swing/plaf/basic/BasicComboBoxUI.configureEditor()V",
      "Ljavax/swing/plaf/basic/BasicComboBoxUI.createArrowButton()Ljavax/swing/JButton;",
      "Ljavax/swing/plaf/basic/BasicComboBoxUI.createLayoutManager()Ljava/awt/LayoutManager;",
      "Ljavax/swing/plaf/basic/BasicComboBoxUI.createPropertyChangeListener()Ljava/beans/PropertyChangeListener;",
      "Ljavax/swing/plaf/basic/BasicComboBoxUI.getInsets()Ljava/awt/Insets;",
      "Ljavax/swing/plaf/basic/BasicComboBoxUI.getMinimumSize(Ljavax/swing/JComponent;)Ljava/awt/Dimension;",
      "Ljavax/swing/plaf/basic/BasicComboBoxUI.getPreferredSize(Ljavax/swing/JComponent;)Ljava/awt/Dimension;",
      "Ljavax/swing/plaf/basic/BasicComboBoxUI.installComponents()V",
      "Ljavax/swing/plaf/basic/BasicComboBoxUI.installKeyboardActions()V",
      "Ljavax/swing/plaf/basic/BasicComboBoxUI.installListeners()V",
      "Ljavax/swing/plaf/basic/BasicComboBoxUI.paint(Ljava/awt/Graphics;Ljavax/swing/JComponent;)V",
      "Ljavax/swing/plaf/basic/BasicComboBoxUI.rectangleForCurrentValue()Ljava/awt/Rectangle;",
      "Ljavax/swing/plaf/basic/BasicComboBoxUI.unconfigureEditor()V",
      "Ljavax/swing/plaf/basic/BasicComboBoxUI.uninstallKeyboardActions()V",
      "Ljavax/swing/plaf/basic/BasicComboBoxUI.uninstallListeners()V"
    ]
  },
  {
    "frequency": 1,
    "overriddenMethods": [
      "Ljavax/swing/plaf/ComponentUI.update(Ljava/awt/Graphics;Ljavax/swing/JComponent;)V",
      "Ljavax/swing/plaf/basic/BasicComboBoxUI.createArrowButton()Ljavax/swing/JButton;",
      "Ljavax/swing/plaf/basic/BasicComboBoxUI.installUI(Ljavax/swing/JComponent;)V",
      "Ljavax/swing/plaf/basic/BasicComboBoxUI.paintCurrentValueBackground(Ljava/awt/Graphics;Ljava/awt/Rectangle;Z)V",
      "Ljavax/swing/plaf/basic/BasicComboBoxUI.uninstallUI(Ljavax/swing/JComponent;)V"
    ]
  },
  {
    "frequency": 2,
    "overriddenMethods": [
      "Ljavax/swing/plaf/basic/BasicComboBoxUI.createArrowButton()Ljavax/swing/JButton;",
      "Ljavax/swing/plaf/basic/BasicComboBoxUI.createEditor()Ljavax/swing/ComboBoxEditor;",
      "Ljavax/swing/plaf/basic/BasicComboBoxUI.createLayoutManager()Ljava/awt/LayoutManager;",
      "Ljavax/swing/plaf/basic/BasicComboBoxUI.createPropertyChangeListener()Ljava/beans/PropertyChangeListener;",
      "Ljavax/swing/plaf/basic/BasicComboBoxUI.getDisplaySize()Ljava/awt/Dimension;",
      "Ljavax/swing/plaf/basic/BasicComboBoxUI.getMinimumSize(Ljavax/swing/JComponent;)Ljava/awt/Dimension;",
      "Ljavax/swing/plaf/basic/BasicComboBoxUI.installComponents()V",
      "Ljavax/swing/plaf/basic/BasicComboBoxUI.paint(Ljava/awt/Graphics;Ljavax/swing/JComponent;)V"
    ]
  },
  {
    "frequency": 2,
    "overriddenMethods": [
      "Ljavax/swing/plaf/basic/BasicComboBoxUI.createArrowButton()Ljavax/swing/JButton;",
      "Ljavax/swing/plaf/basic/BasicComboBoxUI.createEditor()Ljavax/swing/ComboBoxEditor;",
      "Ljavax/swing/plaf/basic/BasicComboBoxUI.createFocusListener()Ljava/awt/event/FocusListener;",
      "Ljavax/swing/plaf/basic/BasicComboBoxUI.createPopup()Ljavax/swing/plaf/basic/ComboPopup;",
      "Ljavax/swing/plaf/basic/BasicComboBoxUI.getInsets()Ljava/awt/Insets;",
      "Ljavax/swing/plaf/basic/BasicComboBoxUI.installDefaults()V",
      "Ljavax/swing/plaf/basic/BasicComboBoxUI.installKeyboardActions()V",
      "Ljavax/swing/plaf/basic/BasicComboBoxUI.paint(Ljava/awt/Graphics;Ljavax/swing/JComponent;)V",
      "Ljavax/swing/plaf/basic/BasicComboBoxUI.paintCurrentValue(Ljava/awt/Graphics;Ljava/awt/Rectangle;Z)V",
      "Ljavax/swing/plaf/basic/BasicComboBoxUI.rectangleForCurrentValue()Ljava/awt/Rectangle;"
    ]
  },
  {
    "frequency": 2,
    "overriddenMethods": [
      "Ljavax/swing/plaf/ComponentUI.update(Ljava/awt/Graphics;Ljavax/swing/JComponent;)V",
      "Ljavax/swing/plaf/basic/BasicComboBoxUI.configureArrowButton()V",
      "Ljavax/swing/plaf/basic/BasicComboBoxUI.configureEditor()V",
      "Ljavax/swing/plaf/basic/BasicComboBoxUI.createArrowButton()Ljavax/swing/JButton;",
      "Ljavax/swing/plaf/basic/BasicComboBoxUI.createEditor()Ljavax/swing/ComboBoxEditor;",
      "Ljavax/swing/plaf/basic/BasicComboBoxUI.createLayoutManager()Ljava/awt/LayoutManager;",
      "Ljavax/swing/plaf/basic/BasicComboBoxUI.createPopup()Ljavax/swing/plaf/basic/ComboPopup;",
      "Ljavax/swing/plaf/basic/BasicComboBoxUI.createRenderer()Ljavax/swing/ListCellRenderer;",
      "Ljavax/swing/plaf/basic/BasicComboBoxUI.getDefaultSize()Ljava/awt/Dimension;",
      "Ljavax/swing/plaf/basic/BasicComboBoxUI.getMinimumSize(Ljavax/swing/JComponent;)Ljava/awt/Dimension;",
      "Ljavax/swing/plaf/basic/BasicComboBoxUI.installComponents()V",
      "Ljavax/swing/plaf/basic/BasicComboBoxUI.installDefaults()V",
      "Ljavax/swing/plaf/basic/BasicComboBoxUI.installListeners()V",
      "Ljavax/swing/plaf/basic/BasicComboBoxUI.installUI(Ljavax/swing/JComponent;)V",
      "Ljavax/swing/plaf/basic/BasicComboBoxUI.paint(Ljava/awt/Graphics;Ljavax/swing/JComponent;)V",
      "Ljavax/swing/plaf/basic/BasicComboBoxUI.paintCurrentValue(Ljava/awt/Graphics;Ljava/awt/Rectangle;Z)V",
      "Ljavax/swing/plaf/basic/BasicComboBoxUI.paintCurrentValueBackground(Ljava/awt/Graphics;Ljava/awt/Rectangle;Z)V",
      "Ljavax/swing/plaf/basic/BasicComboBoxUI.unconfigureArrowButton()V",
      "Ljavax/swing/plaf/basic/BasicComboBoxUI.uninstallComponents()V",
      "Ljavax/swing/plaf/basic/BasicComboBoxUI.uninstallDefaults()V",
      "Ljavax/swing/plaf/basic/BasicComboBoxUI.uninstallListeners()V",
      "Ljavax/swing/plaf/basic/BasicComboBoxUI.uninstallUI(Ljavax/swing/JComponent;)V"
    ]
  },
  {
    "frequency": 1,
    "overriddenMethods": [
      "Ljavax/swing/plaf/basic/BasicComboBoxUI.configureEditor()V",
      "Ljavax/swing/plaf/basic/BasicComboBoxUI.createArrowButton()Ljavax/swing/JButton;",
      "Ljavax/swing/plaf/basic/BasicComboBoxUI.createEditor()Ljavax/swing/ComboBoxEditor;",
      "Ljavax/swing/plaf/basic/BasicComboBoxUI.createLayoutManager()Ljava/awt/LayoutManager;",
      "Ljavax/swing/plaf/basic/BasicComboBoxUI.createPopup()Ljavax/swing/plaf/basic/ComboPopup;",
      "Ljavax/swing/plaf/basic/BasicComboBoxUI.createPropertyChangeListener()Ljava/beans/PropertyChangeListener;",
      "Ljavax/swing/plaf/basic/BasicComboBoxUI.getMinimumSize(Ljavax/swing/JComponent;)Ljava/awt/Dimension;",
      "Ljavax/swing/plaf/basic/BasicComboBoxUI.installUI(Ljavax/swing/JComponent;)V",
      "Ljavax/swing/plaf/basic/BasicComboBoxUI.paint(Ljava/awt/Graphics;Ljavax/swing/JComponent;)V",
      "Ljavax/swing/plaf/basic/BasicComboBoxUI.unconfigureEditor()V",
      "Ljavax/swing/plaf/basic/BasicComboBoxUI.uninstallUI(Ljavax/swing/JComponent;)V"
    ]
  }
]