[
  {
    "frequency": 1,
    "overriddenMethods": [
      "Ljavax/swing/plaf/ComponentUI.update(Ljava/awt/Graphics;Ljavax/swing/JComponent;)V"
    ]
  },
  {
    "frequency": 1,
    "overriddenMethods": [
      "Ljavax/swing/plaf/ComponentUI.update(Ljava/awt/Graphics;Ljavax/swing/JComponent;)V",
      "Ljavax/swing/plaf/basic/BasicMenuBarUI.installUI(Ljavax/swing/JComponent;)V",
      "Ljavax/swing/plaf/basic/BasicMenuBarUI.uninstallUI(Ljavax/swing/JComponent;)V"
    ]
  },
  {
    "frequency": 1,
    "overriddenMethods": [
      "Ljavax/swing/plaf/ComponentUI.paint(Ljava/awt/Graphics;Ljavax/swing/JComponent;)V",
      "Ljavax/swing/plaf/basic/BasicMenuBarUI.installDefaults()V"
    ]
  },
  {
    "frequency": 4,
    "overriddenMethods": [
      "Ljavax/swing/plaf/ComponentUI.update(Ljava/awt/Graphics;Ljavax/swing/JComponent;)V",
      "Ljavax/swing/plaf/basic/BasicMenuBarUI.installDefaults()V",
      "Ljavax/swing/plaf/basic/BasicMenuBarUI.installListeners()V",
      "Ljavax/swing/plaf/basic/BasicMenuBarUI.uninstallListeners()V"
    ]
  },
  {
    "frequency": 1,
    "overriddenMethods": [
      "Ljavax/swing/plaf/ComponentUI.getPreferredSize(Ljavax/swing/JComponent;)Ljava/awt/Dimension;",
      "Ljavax/swing/plaf/basic/BasicMenuBarUI.createChangeListener()Ljavax/swing/event/ChangeListener;",
      "Ljavax/swing/plaf/basic/BasicMenuBarUI.createContainerListener()Ljava/awt/event/ContainerListener;",
      "Ljavax/swing/plaf/basic/BasicMenuBarUI.getMaximumSize(Ljavax/swing/JComponent;)Ljava/awt/Dimension;",
      "Ljavax/swing/plaf/basic/BasicMenuBarUI.getMinimumSize(Ljavax/swing/JComponent;)Ljava/awt/Dimension;",
      "Ljavax/swing/plaf/basic/BasicMenuBarUI.installDefaults()V",
      "Ljavax/swing/plaf/basic/BasicMenuBarUI.installKeyboardActions()V",
      "Ljavax/swing/plaf/basic/BasicMenuBarUI.installListeners()V",
      "Ljavax/swing/plaf/basic/BasicMenuBarUI.installUI(Ljavax/swing/JComponent;)V",
      "Ljavax/swing/plaf/basic/BasicMenuBarUI.uninstallDefaults()V",
      "Ljavax/swing/plaf/basic/BasicMenuBarUI.uninstallKeyboardActions()V",
      "Ljavax/swing/plaf/basic/BasicMenuBarUI.uninstallListeners()V",
      "Ljavax/swing/plaf/basic/BasicMenuBarUI.uninstallUI(Ljavax/swing/JComponent;)V"
    ]
  },
  {
    "frequency": 2,
    "overriddenMethods": [
      "Ljavax/swing/plaf/ComponentUI.update(Ljava/awt/Graphics;Ljavax/swing/JComponent;)V",
      "Ljavax/swing/plaf/basic/BasicMenuBarUI.installDefaults()V",
      "Ljavax/swing/plaf/basic/BasicMenuBarUI.installListeners()V",
      "Ljavax/swing/plaf/basic/BasicMenuBarUI.installUI(Ljavax/swing/JComponent;)V",
      "Ljavax/swing/plaf/basic/BasicMenuBarUI.uninstallDefaults()V",
      "Ljavax/swing/plaf/basic/BasicMenuBarUI.uninstallListeners()V",
      "Ljavax/swing/plaf/basic/BasicMenuBarUI.uninstallUI(Ljavax/swing/JComponent;)V"
    ]
  },
  {
    "frequency": 7,
    "overriddenMethods": [
      "Ljavax/swing/plaf/ComponentUI.paint(Ljava/awt/Graphics;Ljavax/swing/JComponent;)V"
    ]
  }
]