[
  {
    "frequency": 1,
    "overriddenMethods": [
      "Ljavax/swing/plaf/ComponentUI.update(Ljava/awt/Graphics;Ljavax/swing/JComponent;)V",
      "Ljavax/swing/plaf/basic/BasicDesktopIconUI.installComponents()V",
      "Ljavax/swing/plaf/basic/BasicDesktopIconUI.installUI(Ljavax/swing/JComponent;)V",
      "Ljavax/swing/plaf/basic/BasicDesktopIconUI.uninstallUI(Ljavax/swing/JComponent;)V"
    ]
  },
  {
    "frequency": 1,
    "overriddenMethods": [
      "Ljavax/swing/plaf/basic/BasicDesktopIconUI.getMaximumSize(Ljavax/swing/JComponent;)Ljava/awt/Dimension;",
      "Ljavax/swing/plaf/basic/BasicDesktopIconUI.getMinimumSize(Ljavax/swing/JComponent;)Ljava/awt/Dimension;",
      "Ljavax/swing/plaf/basic/BasicDesktopIconUI.getPreferredSize(Ljavax/swing/JComponent;)Ljava/awt/Dimension;",
      "Ljavax/swing/plaf/basic/BasicDesktopIconUI.installComponents()V",
      "Ljavax/swing/plaf/basic/BasicDesktopIconUI.installListeners()V",
      "Ljavax/swing/plaf/basic/BasicDesktopIconUI.uninstallComponents()V",
      "Ljavax/swing/plaf/basic/BasicDesktopIconUI.uninstallListeners()V"
    ]
  },
  {
    "frequency": 1,
    "overriddenMethods": [
      "Ljavax/swing/plaf/ComponentUI.update(Ljava/awt/Graphics;Ljavax/swing/JComponent;)V",
      "Ljavax/swing/plaf/basic/BasicDesktopIconUI.getPreferredSize(Ljavax/swing/JComponent;)Ljava/awt/Dimension;",
      "Ljavax/swing/plaf/basic/BasicDesktopIconUI.installComponents()V",
      "Ljavax/swing/plaf/basic/BasicDesktopIconUI.installDefaults()V",
      "Ljavax/swing/plaf/basic/BasicDesktopIconUI.uninstallComponents()V"
    ]
  },
  {
    "frequency": 2,
    "overriddenMethods": [
      "Ljavax/swing/plaf/ComponentUI.update(Ljava/awt/Graphics;Ljavax/swing/JComponent;)V",
      "Ljavax/swing/plaf/basic/BasicDesktopIconUI.getMaximumSize(Ljavax/swing/JComponent;)Ljava/awt/Dimension;",
      "Ljavax/swing/plaf/basic/BasicDesktopIconUI.getMinimumSize(Ljavax/swing/JComponent;)Ljava/awt/Dimension;",
      "Ljavax/swing/plaf/basic/BasicDesktopIconUI.getPreferredSize(Ljavax/swing/JComponent;)Ljava/awt/Dimension;",
      "Ljavax/swing/plaf/basic/BasicDesktopIconUI.installComponents()V",
      "Ljavax/swing/plaf/basic/BasicDesktopIconUI.installDefaults()V",
      "Ljavax/swing/plaf/basic/BasicDesktopIconUI.installListeners()V",
      "Ljavax/swing/plaf/basic/BasicDesktopIconUI.installUI(Ljavax/swing/JComponent;)V",
      "Ljavax/swing/plaf/basic/BasicDesktopIconUI.uninstallComponents()V",
      "Ljavax/swing/plaf/basic/BasicDesktopIconUI.uninstallDefaults()V",
      "Ljavax/swing/plaf/basic/BasicDesktopIconUI.uninstallListeners()V",
      "Ljavax/swing/plaf/basic/BasicDesktopIconUI.uninstallUI(Ljavax/swing/JComponent;)V"
    ]
  },
  {
    "frequency": 2,
    "overriddenMethods": [
      "Ljavax/swing/plaf/ComponentUI.paint(Ljava/awt/Graphics;Ljavax/swing/JComponent;)V",
      "Ljavax/swing/plaf/ComponentUI.update(Ljava/awt/Graphics;Ljavax/swing/JComponent;)V",
      "Ljavax/swing/plaf/basic/BasicDesktopIconUI.getMaximumSize(Ljavax/swing/JComponent;)Ljava/awt/Dimension;",
      "Ljavax/swing/plaf/basic/BasicDesktopIconUI.getMinimumSize(Ljavax/swing/JComponent;)Ljava/awt/Dimension;",
      "Ljavax/swing/plaf/basic/BasicDesktopIconUI.getPreferredSize(Ljavax/swing/JComponent;)Ljava/awt/Dimension;",
      "Ljavax/swing/plaf/basic/BasicDesktopIconUI.installComponents()V",
      "Ljavax/swing/plaf/basic/BasicDesktopIconUI.installDefaults()V",
      "Ljavax/swing/plaf/basic/BasicDesktopIconUI.installListeners()V",
      "Ljavax/swing/plaf/basic/BasicDesktopIconUI.uninstallComponents()V",
      "Ljavax/swing/plaf/basic/BasicDesktopIconUI.uninstallListeners()V"
    ]
  },
  {
    "frequency": 1,
    "overriddenMethods": [
      "Ljavax/swing/plaf/basic/BasicDesktopIconUI.getMaximumSize(Ljavax/swing/JComponent;)Ljava/awt/Dimension;",
      "Ljavax/swing/plaf/basic/BasicDesktopIconUI.getMinimumSize(Ljavax/swing/JComponent;)Ljava/awt/Dimension;",
      "Ljavax/swing/plaf/basic/BasicDesktopIconUI.getPreferredSize(Ljavax/swing/JComponent;)Ljava/awt/Dimension;",
      "Ljavax/swing/plaf/basic/BasicDesktopIconUI.installComponents()V",
      "Ljavax/swing/plaf/basic/BasicDesktopIconUI.installDefaults()V",
      "Ljavax/swing/plaf/basic/BasicDesktopIconUI.installListeners()V",
      "Ljavax/swing/plaf/basic/BasicDesktopIconUI.uninstallComponents()V",
      "Ljavax/swing/plaf/basic/BasicDesktopIconUI.uninstallListeners()V"
    ]
  }
]