[
  {
    "frequency": 2,
    "overriddenMethods": [
      "Ljavax/swing/plaf/ComponentUI.update(Ljava/awt/Graphics;Ljavax/swing/JComponent;)V",
      "Ljavax/swing/plaf/basic/BasicTreeUI.createDefaultCellRenderer()Ljavax/swing/tree/TreeCellRenderer;",
      "Ljavax/swing/plaf/basic/BasicTreeUI.installComponents()V",
      "Ljavax/swing/plaf/basic/BasicTreeUI.installDefaults()V",
      "Ljavax/swing/plaf/basic/BasicTreeUI.installListeners()V",
      "Ljavax/swing/plaf/basic/BasicTreeUI.installUI(Ljavax/swing/JComponent;)V",
      "Ljavax/swing/plaf/basic/BasicTreeUI.paintExpandControl(Ljava/awt/Graphics;Ljava/awt/Rectangle;Ljava/awt/Insets;Ljava/awt/Rectangle;Ljavax/swing/tree/TreePath;IZZZ)V",
      "Ljavax/swing/plaf/basic/BasicTreeUI.paintHorizontalPartOfLeg(Ljava/awt/Graphics;Ljava/awt/Rectangle;Ljava/awt/Insets;Ljava/awt/Rectangle;Ljavax/swing/tree/TreePath;IZZZ)V",
      "Ljavax/swing/plaf/basic/BasicTreeUI.paintRow(Ljava/awt/Graphics;Ljava/awt/Rectangle;Ljava/awt/Insets;Ljava/awt/Rectangle;Ljavax/swing/tree/TreePath;IZZZ)V",
      "Ljavax/swing/plaf/basic/BasicTreeUI.paintVerticalPartOfLeg(Ljava/awt/Graphics;Ljava/awt/Rectangle;Ljava/awt/Insets;Ljavax/swing/tree/TreePath;)V",
      "Ljavax/swing/plaf/basic/BasicTreeUI.uninstallComponents()V",
      "Ljavax/swing/plaf/basic/BasicTreeUI.uninstallDefaults()V",
      "Ljavax/swing/plaf/basic/BasicTreeUI.uninstallListeners()V",
      "Ljavax/swing/plaf/basic/BasicTreeUI.uninstallUI(Ljavax/swing/JComponent;)V"
    ]
  },
  {
    "frequency": 1,
    "overriddenMethods": [
      "Ljavax/swing/plaf/basic/BasicTreeUI.paintHorizontalLine(Ljava/awt/Graphics;Ljavax/swing/JComponent;III)V",
      "Ljavax/swing/plaf/basic/BasicTreeUI.paintVerticalLine(Ljava/awt/Graphics;Ljavax/swing/JComponent;III)V"
    ]
  },
  {
    "frequency": 2,
    "overriddenMethods": [
      "Ljavax/swing/plaf/basic/BasicTreeUI.paintExpandControl(Ljava/awt/Graphics;Ljava/awt/Rectangle;Ljava/awt/Insets;Ljava/awt/Rectangle;Ljavax/swing/tree/TreePath;IZZZ)V"
    ]
  },
  {
    "frequency": 4,
    "overriddenMethods": [
      "Ljavax/swing/plaf/basic/BasicTreeUI.drawCentered(Ljava/awt/Component;Ljava/awt/Graphics;Ljavax/swing/Icon;II)V",
      "Ljavax/swing/plaf/basic/BasicTreeUI.installUI(Ljavax/swing/JComponent;)V",
      "Ljavax/swing/plaf/basic/BasicTreeUI.paintHorizontalLine(Ljava/awt/Graphics;Ljavax/swing/JComponent;III)V",
      "Ljavax/swing/plaf/basic/BasicTreeUI.paintVerticalLine(Ljava/awt/Graphics;Ljavax/swing/JComponent;III)V",
      "Ljavax/swing/plaf/basic/BasicTreeUI.uninstallUI(Ljavax/swing/JComponent;)V"
    ]
  },
  {
    "frequency": 1,
    "overriddenMethods": [
      "Ljavax/swing/plaf/ComponentUI.update(Ljava/awt/Graphics;Ljavax/swing/JComponent;)V",
      "Ljavax/swing/plaf/basic/BasicTreeUI.createDefaultCellRenderer()Ljavax/swing/tree/TreeCellRenderer;",
      "Ljavax/swing/plaf/basic/BasicTreeUI.getHashColor()Ljava/awt/Color;",
      "Ljavax/swing/plaf/basic/BasicTreeUI.installUI(Ljavax/swing/JComponent;)V",
      "Ljavax/swing/plaf/basic/BasicTreeUI.paintHorizontalLine(Ljava/awt/Graphics;Ljavax/swing/JComponent;III)V",
      "Ljavax/swing/plaf/basic/BasicTreeUI.paintHorizontalPartOfLeg(Ljava/awt/Graphics;Ljava/awt/Rectangle;Ljava/awt/Insets;Ljava/awt/Rectangle;Ljavax/swing/tree/TreePath;IZZZ)V",
      "Ljavax/swing/plaf/basic/BasicTreeUI.paintVerticalLine(Ljava/awt/Graphics;Ljavax/swing/JComponent;III)V",
      "Ljavax/swing/plaf/basic/BasicTreeUI.paintVerticalPartOfLeg(Ljava/awt/Graphics;Ljava/awt/Rectangle;Ljava/awt/Insets;Ljavax/swing/tree/TreePath;)V",
      "Ljavax/swing/plaf/basic/BasicTreeUI.uninstallUI(Ljavax/swing/JComponent;)V"
    ]
  }
]