[
  {
    "frequency": 4,
    "overriddenMethods": [
      "Ljavax/swing/plaf/basic/BasicInternalFrameUI.createNorthPane(Ljavax/swing/JInternalFrame;)Ljavax/swing/JComponent;",
      "Ljavax/swing/plaf/basic/BasicInternalFrameUI.installDefaults()V",
      "Ljavax/swing/plaf/basic/BasicInternalFrameUI.installKeyboardActions()V",
      "Ljavax/swing/plaf/basic/BasicInternalFrameUI.installUI(Ljavax/swing/JComponent;)V",
      "Ljavax/swing/plaf/basic/BasicInternalFrameUI.uninstallKeyboardActions()V",
      "Ljavax/swing/plaf/basic/BasicInternalFrameUI.uninstallUI(Ljavax/swing/JComponent;)V"
    ]
  },
  {
    "frequency": 1,
    "overriddenMethods": [
      "Ljavax/swing/plaf/basic/BasicInternalFrameUI.createBorderListener(Ljavax/swing/JInternalFrame;)Ljavax/swing/event/MouseInputAdapter;",
      "Ljavax/swing/plaf/basic/BasicInternalFrameUI.createLayoutManager()Ljava/awt/LayoutManager;",
      "Ljavax/swing/plaf/basic/BasicInternalFrameUI.createNorthPane(Ljavax/swing/JInternalFrame;)Ljavax/swing/JComponent;",
      "Ljavax/swing/plaf/basic/BasicInternalFrameUI.installUI(Ljavax/swing/JComponent;)V"
    ]
  },
  {
    "frequency": 1,
    "overriddenMethods": [
      "Ljavax/swing/plaf/basic/BasicInternalFrameUI.createNorthPane(Ljavax/swing/JInternalFrame;)Ljavax/swing/JComponent;"
    ]
  },
  {
    "frequency": 1,
    "overriddenMethods": [
      "Ljavax/swing/plaf/basic/BasicInternalFrameUI.createBorderListener(Ljavax/swing/JInternalFrame;)Ljavax/swing/event/MouseInputAdapter;",
      "Ljavax/swing/plaf/basic/BasicInternalFrameUI.installMouseHandlers(Ljavax/swing/JComponent;)V"
    ]
  },
  {
    "frequency": 1,
    "overriddenMethods": [
      "Ljavax/swing/plaf/ComponentUI.update(Ljava/awt/Graphics;Ljavax/swing/JComponent;)V",
      "Ljavax/swing/plaf/basic/BasicInternalFrameUI.createNorthPane(Ljavax/swing/JInternalFrame;)Ljavax/swing/JComponent;",
      "Ljavax/swing/plaf/basic/BasicInternalFrameUI.installUI(Ljavax/swing/JComponent;)V",
      "Ljavax/swing/plaf/basic/BasicInternalFrameUI.uninstallUI(Ljavax/swing/JComponent;)V"
    ]
  },
  {
    "frequency": 2,
    "overriddenMethods": [
      "Ljavax/swing/plaf/basic/BasicInternalFrameUI.activateFrame(Ljavax/swing/JInternalFrame;)V",
      "Ljavax/swing/plaf/basic/BasicInternalFrameUI.createNorthPane(Ljavax/swing/JInternalFrame;)Ljavax/swing/JComponent;",
      "Ljavax/swing/plaf/basic/BasicInternalFrameUI.createPropertyChangeListener()Ljava/beans/PropertyChangeListener;",
      "Ljavax/swing/plaf/basic/BasicInternalFrameUI.deactivateFrame(Ljavax/swing/JInternalFrame;)V",
      "Ljavax/swing/plaf/basic/BasicInternalFrameUI.installUI(Ljavax/swing/JComponent;)V"
    ]
  },
  {
    "frequency": 1,
    "overriddenMethods": [
      "Ljavax/swing/plaf/basic/BasicInternalFrameUI.activateFrame(Ljavax/swing/JInternalFrame;)V",
      "Ljavax/swing/plaf/basic/BasicInternalFrameUI.createDesktopManager()Ljavax/swing/DesktopManager;",
      "Ljavax/swing/plaf/basic/BasicInternalFrameUI.createNorthPane(Ljavax/swing/JInternalFrame;)Ljavax/swing/JComponent;",
      "Ljavax/swing/plaf/basic/BasicInternalFrameUI.deactivateFrame(Ljavax/swing/JInternalFrame;)V",
      "Ljavax/swing/plaf/basic/BasicInternalFrameUI.getDesktopManager()Ljavax/swing/DesktopManager;",
      "Ljavax/swing/plaf/basic/BasicInternalFrameUI.installUI(Ljavax/swing/JComponent;)V",
      "Ljavax/swing/plaf/basic/BasicInternalFrameUI.uninstallUI(Ljavax/swing/JComponent;)V"
    ]
  },
  {
    "frequency": 2,
    "overriddenMethods": [
      "Ljavax/swing/plaf/ComponentUI.update(Ljava/awt/Graphics;Ljavax/swing/JComponent;)V",
      "Ljavax/swing/plaf/basic/BasicInternalFrameUI.createNorthPane(Ljavax/swing/JInternalFrame;)Ljavax/swing/JComponent;",
      "Ljavax/swing/plaf/basic/BasicInternalFrameUI.installComponents()V",
      "Ljavax/swing/plaf/basic/BasicInternalFrameUI.installDefaults()V",
      "Ljavax/swing/plaf/basic/BasicInternalFrameUI.installListeners()V",
      "Ljavax/swing/plaf/basic/BasicInternalFrameUI.installUI(Ljavax/swing/JComponent;)V",
      "Ljavax/swing/plaf/basic/BasicInternalFrameUI.uninstallComponents()V",
      "Ljavax/swing/plaf/basic/BasicInternalFrameUI.uninstallDefaults()V",
      "Ljavax/swing/plaf/basic/BasicInternalFrameUI.uninstallListeners()V",
      "Ljavax/swing/plaf/basic/BasicInternalFrameUI.uninstallUI(Ljavax/swing/JComponent;)V"
    ]
  }
]