[
  {
    "frequency": 2,
    "overriddenMethods": [
      "Ljavax/swing/plaf/basic/BasicEditorPaneUI.installUI(Ljavax/swing/JComponent;)V",
      "Ljavax/swing/plaf/basic/BasicEditorPaneUI.uninstallUI(Ljavax/swing/JComponent;)V",
      "Ljavax/swing/plaf/basic/BasicTextUI.installDefaults()V",
      "Ljavax/swing/plaf/basic/BasicTextUI.installListeners()V",
      "Ljavax/swing/plaf/basic/BasicTextUI.paintBackground(Ljava/awt/Graphics;)V",
      "Ljavax/swing/plaf/basic/BasicTextUI.uninstallDefaults()V",
      "Ljavax/swing/plaf/basic/BasicTextUI.uninstallListeners()V",
      "Ljavax/swing/plaf/basic/BasicTextUI.update(Ljava/awt/Graphics;Ljavax/swing/JComponent;)V"
    ]
  },
  {
    "frequency": 2,
    "overriddenMethods": [
      "Ljavax/swing/plaf/basic/BasicEditorPaneUI.installUI(Ljavax/swing/JComponent;)V",
      "Ljavax/swing/plaf/basic/BasicTextUI.installDefaults()V"
    ]
  },
  {
    "frequency": 1,
    "overriddenMethods": [
      "Ljavax/swing/plaf/basic/BasicEditorPaneUI.installUI(Ljavax/swing/JComponent;)V",
      "Ljavax/swing/plaf/basic/BasicEditorPaneUI.uninstallUI(Ljavax/swing/JComponent;)V",
      "Ljavax/swing/plaf/basic/BasicTextUI.update(Ljava/awt/Graphics;Ljavax/swing/JComponent;)V"
    ]
  }
]