[
  {
    "frequency": 1,
    "overriddenMethods": [
      "Ljavax/swing/plaf/ComponentUI.paint(Ljava/awt/Graphics;Ljavax/swing/JComponent;)V",
      "Ljavax/swing/plaf/basic/BasicToolBarUI.installDefaults()V"
    ]
  },
  {
    "frequency": 1,
    "overriddenMethods": [
      "Ljavax/swing/plaf/ComponentUI.getMaximumSize(Ljavax/swing/JComponent;)Ljava/awt/Dimension;",
      "Ljavax/swing/plaf/ComponentUI.getMinimumSize(Ljavax/swing/JComponent;)Ljava/awt/Dimension;",
      "Ljavax/swing/plaf/ComponentUI.getPreferredSize(Ljavax/swing/JComponent;)Ljava/awt/Dimension;",
      "Ljavax/swing/plaf/basic/BasicToolBarUI.canDock(Ljava/awt/Component;Ljava/awt/Point;)Z",
      "Ljavax/swing/plaf/basic/BasicToolBarUI.createDockingListener()Ljavax/swing/event/MouseInputListener;",
      "Ljavax/swing/plaf/basic/BasicToolBarUI.createFloatingFrame(Ljavax/swing/JToolBar;)Ljavax/swing/JFrame;",
      "Ljavax/swing/plaf/basic/BasicToolBarUI.createFloatingWindow(Ljavax/swing/JToolBar;)Ljavax/swing/RootPaneContainer;",
      "Ljavax/swing/plaf/basic/BasicToolBarUI.createFrameListener()Ljava/awt/event/WindowListener;",
      "Ljavax/swing/plaf/basic/BasicToolBarUI.createNonRolloverBorder()Ljavax/swing/border/Border;",
      "Ljavax/swing/plaf/basic/BasicToolBarUI.createPropertyListener()Ljava/beans/PropertyChangeListener;",
      "Ljavax/swing/plaf/basic/BasicToolBarUI.createRolloverBorder()Ljavax/swing/border/Border;",
      "Ljavax/swing/plaf/basic/BasicToolBarUI.createToolBarContListener()Ljava/awt/event/ContainerListener;",
      "Ljavax/swing/plaf/basic/BasicToolBarUI.createToolBarFocusListener()Ljava/awt/event/FocusListener;",
      "Ljavax/swing/plaf/basic/BasicToolBarUI.dragTo(Ljava/awt/Point;Ljava/awt/Point;)V",
      "Ljavax/swing/plaf/basic/BasicToolBarUI.floatAt(Ljava/awt/Point;Ljava/awt/Point;)V",
      "Ljavax/swing/plaf/basic/BasicToolBarUI.getDockingColor()Ljava/awt/Color;",
      "Ljavax/swing/plaf/basic/BasicToolBarUI.getFloatingColor()Ljava/awt/Color;",
      "Ljavax/swing/plaf/basic/BasicToolBarUI.installComponents()V",
      "Ljavax/swing/plaf/basic/BasicToolBarUI.installDefaults()V",
      "Ljavax/swing/plaf/basic/BasicToolBarUI.installKeyboardActions()V",
      "Ljavax/swing/plaf/basic/BasicToolBarUI.installListeners()V",
      "Ljavax/swing/plaf/basic/BasicToolBarUI.installNonRolloverBorders(Ljavax/swing/JComponent;)V",
      "Ljavax/swing/plaf/basic/BasicToolBarUI.installNormalBorders(Ljavax/swing/JComponent;)V",
      "Ljavax/swing/plaf/basic/BasicToolBarUI.installRolloverBorders(Ljavax/swing/JComponent;)V",
      "Ljavax/swing/plaf/basic/BasicToolBarUI.installUI(Ljavax/swing/JComponent;)V",
      "Ljavax/swing/plaf/basic/BasicToolBarUI.isFloating()Z",
      "Ljavax/swing/plaf/basic/BasicToolBarUI.isRolloverBorders()Z",
      "Ljavax/swing/plaf/basic/BasicToolBarUI.navigateFocusedComp(I)V",
      "Ljavax/swing/plaf/basic/BasicToolBarUI.setBorderToNonRollover(Ljava/awt/Component;)V",
      "Ljavax/swing/plaf/basic/BasicToolBarUI.setBorderToNormal(Ljava/awt/Component;)V",
      "Ljavax/swing/plaf/basic/BasicToolBarUI.setBorderToRollover(Ljava/awt/Component;)V",
      "Ljavax/swing/plaf/basic/BasicToolBarUI.setDockingColor(Ljava/awt/Color;)V",
      "Ljavax/swing/plaf/basic/BasicToolBarUI.setFloating(ZLjava/awt/Point;)V",
      "Ljavax/swing/plaf/basic/BasicToolBarUI.setFloatingColor(Ljava/awt/Color;)V",
      "Ljavax/swing/plaf/basic/BasicToolBarUI.setFloatingLocation(II)V",
      "Ljavax/swing/plaf/basic/BasicToolBarUI.setOrientation(I)V",
      "Ljavax/swing/plaf/basic/BasicToolBarUI.setRolloverBorders(Z)V",
      "Ljavax/swing/plaf/basic/BasicToolBarUI.uninstallComponents()V",
      "Ljavax/swing/plaf/basic/BasicToolBarUI.uninstallDefaults()V",
      "Ljavax/swing/plaf/basic/BasicToolBarUI.uninstallKeyboardActions()V",
      "Ljavax/swing/plaf/basic/BasicToolBarUI.uninstallListeners()V",
      "Ljavax/swing/plaf/basic/BasicToolBarUI.uninstallUI(Ljavax/swing/JComponent;)V"
    ]
  },
  {
    "frequency": 1,
    "overriddenMethods": [
      "Ljavax/swing/plaf/ComponentUI.update(Ljava/awt/Graphics;Ljavax/swing/JComponent;)V",
      "Ljavax/swing/plaf/basic/BasicToolBarUI.installUI(Ljavax/swing/JComponent;)V",
      "Ljavax/swing/plaf/basic/BasicToolBarUI.uninstallUI(Ljavax/swing/JComponent;)V"
    ]
  },
  {
    "frequency": 1,
    "overriddenMethods": [
      "Ljavax/swing/plaf/ComponentUI.paint(Ljava/awt/Graphics;Ljavax/swing/JComponent;)V",
      "Ljavax/swing/plaf/basic/BasicToolBarUI.installUI(Ljavax/swing/JComponent;)V",
      "Ljavax/swing/plaf/basic/BasicToolBarUI.setBorderToNormal(Ljava/awt/Component;)V",
      "Ljavax/swing/plaf/basic/BasicToolBarUI.setBorderToRollover(Ljava/awt/Component;)V"
    ]
  },
  {
    "frequency": 2,
    "overriddenMethods": [
      "Ljavax/swing/plaf/ComponentUI.update(Ljava/awt/Graphics;Ljavax/swing/JComponent;)V",
      "Ljavax/swing/plaf/basic/BasicToolBarUI.installComponents()V",
      "Ljavax/swing/plaf/basic/BasicToolBarUI.installDefaults()V",
      "Ljavax/swing/plaf/basic/BasicToolBarUI.installListeners()V",
      "Ljavax/swing/plaf/basic/BasicToolBarUI.installUI(Ljavax/swing/JComponent;)V",
      "Ljavax/swing/plaf/basic/BasicToolBarUI.setBorderToNonRollover(Ljava/awt/Component;)V",
      "Ljavax/swing/plaf/basic/BasicToolBarUI.setBorderToNormal(Ljava/awt/Component;)V",
      "Ljavax/swing/plaf/basic/BasicToolBarUI.setBorderToRollover(Ljava/awt/Component;)V",
      "Ljavax/swing/plaf/basic/BasicToolBarUI.uninstallComponents()V",
      "Ljavax/swing/plaf/basic/BasicToolBarUI.uninstallDefaults()V",
      "Ljavax/swing/plaf/basic/BasicToolBarUI.uninstallListeners()V",
      "Ljavax/swing/plaf/basic/BasicToolBarUI.uninstallUI(Ljavax/swing/JComponent;)V"
    ]
  }
]