[
  {
    "frequency": 2,
    "overriddenMethods": [
      "Ljavax/swing/plaf/ComponentUI.update(Ljava/awt/Graphics;Ljavax/swing/JComponent;)V",
      "Ljavax/swing/plaf/basic/BasicPopupMenuSeparatorUI.getPreferredSize(Ljavax/swing/JComponent;)Ljava/awt/Dimension;",
      "Ljavax/swing/plaf/basic/BasicPopupMenuSeparatorUI.paint(Ljava/awt/Graphics;Ljavax/swing/JComponent;)V",
      "Ljavax/swing/plaf/basic/BasicSeparatorUI.installDefaults(Ljavax/swing/JSeparator;)V",
      "Ljavax/swing/plaf/basic/BasicSeparatorUI.installListeners(Ljavax/swing/JSeparator;)V",
      "Ljavax/swing/plaf/basic/BasicSeparatorUI.installUI(Ljavax/swing/JComponent;)V",
      "Ljavax/swing/plaf/basic/BasicSeparatorUI.uninstallDefaults(Ljavax/swing/JSeparator;)V",
      "Ljavax/swing/plaf/basic/BasicSeparatorUI.uninstallListeners(Ljavax/swing/JSeparator;)V",
      "Ljavax/swing/plaf/basic/BasicSeparatorUI.uninstallUI(Ljavax/swing/JComponent;)V"
    ]
  },
  {
    "frequency": 4,
    "overriddenMethods": [
      "Ljavax/swing/plaf/basic/BasicPopupMenuSeparatorUI.getPreferredSize(Ljavax/swing/JComponent;)Ljava/awt/Dimension;",
      "Ljavax/swing/plaf/basic/BasicPopupMenuSeparatorUI.paint(Ljava/awt/Graphics;Ljavax/swing/JComponent;)V",
      "Ljavax/swing/plaf/basic/BasicSeparatorUI.installDefaults(Ljavax/swing/JSeparator;)V"
    ]
  },
  {
    "frequency": 1,
    "overriddenMethods": [
      "Ljavax/swing/plaf/ComponentUI.update(Ljava/awt/Graphics;Ljavax/swing/JComponent;)V",
      "Ljavax/swing/plaf/basic/BasicPopupMenuSeparatorUI.getPreferredSize(Ljavax/swing/JComponent;)Ljava/awt/Dimension;",
      "Ljavax/swing/plaf/basic/BasicPopupMenuSeparatorUI.paint(Ljava/awt/Graphics;Ljavax/swing/JComponent;)V",
      "Ljavax/swing/plaf/basic/BasicSeparatorUI.installUI(Ljavax/swing/JComponent;)V",
      "Ljavax/swing/plaf/basic/BasicSeparatorUI.uninstallUI(Ljavax/swing/JComponent;)V"
    ]
  }
]