[
  {
    "frequency": 5,
    "overriddenMethods": [
      "Ljava/awt/event/MouseAdapter.mouseEntered(Ljava/awt/event/MouseEvent;)V",
      "Ljavax/swing/plaf/basic/BasicScrollBarUI$TrackListener.mouseDragged(Ljava/awt/event/MouseEvent;)V",
      "Ljavax/swing/plaf/basic/BasicScrollBarUI$TrackListener.mouseExited(Ljava/awt/event/MouseEvent;)V",
      "Ljavax/swing/plaf/basic/BasicScrollBarUI$TrackListener.mouseMoved(Ljava/awt/event/MouseEvent;)V",
      "Ljavax/swing/plaf/basic/BasicScrollBarUI$TrackListener.mousePressed(Ljava/awt/event/MouseEvent;)V",
      "Ljavax/swing/plaf/basic/BasicScrollBarUI$TrackListener.mouseReleased(Ljava/awt/event/MouseEvent;)V"
    ]
  },
  {
    "frequency": 2,
    "overriddenMethods": [
      "Ljavax/swing/plaf/basic/BasicScrollBarUI$TrackListener.mouseDragged(Ljava/awt/event/MouseEvent;)V"
    ]
  },
  {
    "frequency": 2,
    "overriddenMethods": [
      "Ljavax/swing/plaf/basic/BasicScrollBarUI$TrackListener.mouseDragged(Ljava/awt/event/MouseEvent;)V",
      "Ljavax/swing/plaf/basic/BasicScrollBarUI$TrackListener.mouseExited(Ljava/awt/event/MouseEvent;)V",
      "Ljavax/swing/plaf/basic/BasicScrollBarUI$TrackListener.mouseMoved(Ljava/awt/event/MouseEvent;)V",
      "Ljavax/swing/plaf/basic/BasicScrollBarUI$TrackListener.mousePressed(Ljava/awt/event/MouseEvent;)V",
      "Ljavax/swing/plaf/basic/BasicScrollBarUI$TrackListener.mouseReleased(Ljava/awt/event/MouseEvent;)V"
    ]
  }
]