[
  {
    "frequency": 3,
    "overriddenMethods": [
      "Ljavax/swing/plaf/basic/BasicTabbedPaneUI$TabbedPaneLayout.calculateTabRects(II)V"
    ]
  },
  {
    "frequency": 1,
    "overriddenMethods": [
      "Ljavax/swing/plaf/basic/BasicTabbedPaneUI$TabbedPaneLayout.calculateTabRects(II)V",
      "Ljavax/swing/plaf/basic/BasicTabbedPaneUI$TabbedPaneLayout.layoutContainer(Ljava/awt/Container;)V",
      "Ljavax/swing/plaf/basic/BasicTabbedPaneUI$TabbedPaneLayout.preferredTabAreaHeight(II)I",
      "Ljavax/swing/plaf/basic/BasicTabbedPaneUI$TabbedPaneLayout.preferredTabAreaWidth(II)I"
    ]
  },
  {
    "frequency": 2,
    "overriddenMethods": [
      "Ljavax/swing/plaf/basic/BasicTabbedPaneUI$TabbedPaneLayout.rotateTabRuns(II)V"
    ]
  },
  {
    "frequency": 2,
    "overriddenMethods": [
      "Ljavax/swing/plaf/basic/BasicTabbedPaneUI$TabbedPaneLayout.normalizeTabRuns(IIII)V",
      "Ljavax/swing/plaf/basic/BasicTabbedPaneUI$TabbedPaneLayout.padSelectedTab(II)V",
      "Ljavax/swing/plaf/basic/BasicTabbedPaneUI$TabbedPaneLayout.rotateTabRuns(II)V"
    ]
  },
  {
    "frequency": 1,
    "overriddenMethods": [
      "Ljavax/swing/plaf/basic/BasicTabbedPaneUI$TabbedPaneLayout.calculateTabRects(II)V",
      "Ljavax/swing/plaf/basic/BasicTabbedPaneUI$TabbedPaneLayout.padSelectedTab(II)V"
    ]
  }
]