[
  {
    "frequency": 1,
    "overriddenMethods": [
      "Ljavax/swing/plaf/ComponentUI.update(Ljava/awt/Graphics;Ljavax/swing/JComponent;)V",
      "Ljavax/swing/plaf/basic/BasicTableHeaderUI.installUI(Ljavax/swing/JComponent;)V",
      "Ljavax/swing/plaf/basic/BasicTableHeaderUI.uninstallUI(Ljavax/swing/JComponent;)V"
    ]
  },
  {
    "frequency": 4,
    "overriddenMethods": [
      "Ljavax/swing/plaf/basic/BasicTableHeaderUI.paint(Ljava/awt/Graphics;Ljavax/swing/JComponent;)V"
    ]
  },
  {
    "frequency": 1,
    "overriddenMethods": [
      "Ljavax/swing/plaf/basic/BasicTableHeaderUI.createMouseInputListener()Ljavax/swing/event/MouseInputListener;",
      "Ljavax/swing/plaf/basic/BasicTableHeaderUI.getMaximumSize(Ljavax/swing/JComponent;)Ljava/awt/Dimension;",
      "Ljavax/swing/plaf/basic/BasicTableHeaderUI.getMinimumSize(Ljavax/swing/JComponent;)Ljava/awt/Dimension;",
      "Ljavax/swing/plaf/basic/BasicTableHeaderUI.getPreferredSize(Ljavax/swing/JComponent;)Ljava/awt/Dimension;",
      "Ljavax/swing/plaf/basic/BasicTableHeaderUI.installDefaults()V",
      "Ljavax/swing/plaf/basic/BasicTableHeaderUI.installKeyboardActions()V",
      "Ljavax/swing/plaf/basic/BasicTableHeaderUI.installListeners()V",
      "Ljavax/swing/plaf/basic/BasicTableHeaderUI.installUI(Ljavax/swing/JComponent;)V",
      "Ljavax/swing/plaf/basic/BasicTableHeaderUI.paint(Ljava/awt/Graphics;Ljavax/swing/JComponent;)V",
      "Ljavax/swing/plaf/basic/BasicTableHeaderUI.uninstallDefaults()V",
      "Ljavax/swing/plaf/basic/BasicTableHeaderUI.uninstallKeyboardActions()V",
      "Ljavax/swing/plaf/basic/BasicTableHeaderUI.uninstallListeners()V",
      "Ljavax/swing/plaf/basic/BasicTableHeaderUI.uninstallUI(Ljavax/swing/JComponent;)V"
    ]
  },
  {
    "frequency": 1,
    "overriddenMethods": [
      "Ljavax/swing/plaf/basic/BasicTableHeaderUI.installUI(Ljavax/swing/JComponent;)V"
    ]
  },
  {
    "frequency": 1,
    "overriddenMethods": [
      "Ljavax/swing/plaf/ComponentUI.update(Ljava/awt/Graphics;Ljavax/swing/JComponent;)V",
      "Ljavax/swing/plaf/basic/BasicTableHeaderUI.paint(Ljava/awt/Graphics;Ljavax/swing/JComponent;)V"
    ]
  },
  {
    "frequency": 2,
    "overriddenMethods": [
      "Ljavax/swing/plaf/ComponentUI.update(Ljava/awt/Graphics;Ljavax/swing/JComponent;)V",
      "Ljavax/swing/plaf/basic/BasicTableHeaderUI.installDefaults()V",
      "Ljavax/swing/plaf/basic/BasicTableHeaderUI.installListeners()V",
      "Ljavax/swing/plaf/basic/BasicTableHeaderUI.installUI(Ljavax/swing/JComponent;)V",
      "Ljavax/swing/plaf/basic/BasicTableHeaderUI.paint(Ljava/awt/Graphics;Ljavax/swing/JComponent;)V",
      "Ljavax/swing/plaf/basic/BasicTableHeaderUI.uninstallDefaults()V",
      "Ljavax/swing/plaf/basic/BasicTableHeaderUI.uninstallListeners()V",
      "Ljavax/swing/plaf/basic/BasicTableHeaderUI.uninstallUI(Ljavax/swing/JComponent;)V"
    ]
  },
  {
    "frequency": 2,
    "overriddenMethods": [
      "Ljavax/swing/plaf/basic/BasicTableHeaderUI.getPreferredSize(Ljavax/swing/JComponent;)Ljava/awt/Dimension;",
      "Ljavax/swing/plaf/basic/BasicTableHeaderUI.installListeners()V",
      "Ljavax/swing/plaf/basic/BasicTableHeaderUI.uninstallListeners()V"
    ]
  },
  {
    "frequency": 1,
    "overriddenMethods": [
      "Ljavax/swing/plaf/basic/BasicTableHeaderUI.installDefaults()V"
    ]
  }
]