[
  {
    "frequency": 1,
    "overriddenMethods": [
      "Ljavax/swing/plaf/ComponentUI.update(Ljava/awt/Graphics;Ljavax/swing/JComponent;)V",
      "Ljavax/swing/plaf/basic/BasicTabbedPaneUI.createMouseListener()Ljava/awt/event/MouseListener;",
      "Ljavax/swing/plaf/basic/BasicTabbedPaneUI.getTabLabelShiftX(IIZ)I",
      "Ljavax/swing/plaf/basic/BasicTabbedPaneUI.getTabLabelShiftY(IIZ)I",
      "Ljavax/swing/plaf/basic/BasicTabbedPaneUI.installListeners()V",
      "Ljavax/swing/plaf/basic/BasicTabbedPaneUI.paint(Ljava/awt/Graphics;Ljavax/swing/JComponent;)V",
      "Ljavax/swing/plaf/basic/BasicTabbedPaneUI.paintContentBorder(Ljava/awt/Graphics;II)V",
      "Ljavax/swing/plaf/basic/BasicTabbedPaneUI.paintFocusIndicator(Ljava/awt/Graphics;I[Ljava/awt/Rectangle;ILjava/awt/Rectangle;Ljava/awt/Rectangle;Z)V",
      "Ljavax/swing/plaf/basic/BasicTabbedPaneUI.paintTabBackground(Ljava/awt/Graphics;IIIIIIZ)V",
      "Ljavax/swing/plaf/basic/BasicTabbedPaneUI.paintTabBorder(Ljava/awt/Graphics;IIIIIIZ)V",
      "Ljavax/swing/plaf/basic/BasicTabbedPaneUI.paintText(Ljava/awt/Graphics;ILjava/awt/Font;Ljava/awt/FontMetrics;ILjava/lang/String;Ljava/awt/Rectangle;Z)V"
    ]
  },
  {
    "frequency": 1,
    "overriddenMethods": [
      "Ljavax/swing/plaf/basic/BasicTabbedPaneUI.paintContentBorder(Ljava/awt/Graphics;II)V",
      "Ljavax/swing/plaf/basic/BasicTabbedPaneUI.paintTabBackground(Ljava/awt/Graphics;IIIIIIZ)V",
      "Ljavax/swing/plaf/basic/BasicTabbedPaneUI.paintTabBorder(Ljava/awt/Graphics;IIIIIIZ)V"
    ]
  },
  {
    "frequency": 1,
    "overriddenMethods": [
      "Ljavax/swing/plaf/ComponentUI.getPreferredSize(Ljavax/swing/JComponent;)Ljava/awt/Dimension;",
      "Ljavax/swing/plaf/basic/BasicTabbedPaneUI.assureRectsCreated(I)V",
      "Ljavax/swing/plaf/basic/BasicTabbedPaneUI.calculateMaxTabHeight(I)I",
      "Ljavax/swing/plaf/basic/BasicTabbedPaneUI.calculateMaxTabWidth(I)I",
      "Ljavax/swing/plaf/basic/BasicTabbedPaneUI.calculateTabAreaHeight(III)I",
      "Ljavax/swing/plaf/basic/BasicTabbedPaneUI.calculateTabAreaWidth(III)I",
      "Ljavax/swing/plaf/basic/BasicTabbedPaneUI.calculateTabHeight(III)I",
      "Ljavax/swing/plaf/basic/BasicTabbedPaneUI.calculateTabWidth(IILjava/awt/FontMetrics;)I",
      "Ljavax/swing/plaf/basic/BasicTabbedPaneUI.createChangeListener()Ljavax/swing/event/ChangeListener;",
      "Ljavax/swing/plaf/basic/BasicTabbedPaneUI.createFocusListener()Ljava/awt/event/FocusListener;",
      "Ljavax/swing/plaf/basic/BasicTabbedPaneUI.createLayoutManager()Ljava/awt/LayoutManager;",
      "Ljavax/swing/plaf/basic/BasicTabbedPaneUI.createMouseListener()Ljava/awt/event/MouseListener;",
      "Ljavax/swing/plaf/basic/BasicTabbedPaneUI.createPropertyChangeListener()Ljava/beans/PropertyChangeListener;",
      "Ljavax/swing/plaf/basic/BasicTabbedPaneUI.expandTabRunsArray()V",
      "Ljavax/swing/plaf/basic/BasicTabbedPaneUI.getContentBorderInsets(I)Ljava/awt/Insets;",
      "Ljavax/swing/plaf/basic/BasicTabbedPaneUI.getFontMetrics()Ljava/awt/FontMetrics;",
      "Ljavax/swing/plaf/basic/BasicTabbedPaneUI.getIconForTab(I)Ljavax/swing/Icon;",
      "Ljavax/swing/plaf/basic/BasicTabbedPaneUI.getMaximumSize(Ljavax/swing/JComponent;)Ljava/awt/Dimension;",
      "Ljavax/swing/plaf/basic/BasicTabbedPaneUI.getMinimumSize(Ljavax/swing/JComponent;)Ljava/awt/Dimension;",
      "Ljavax/swing/plaf/basic/BasicTabbedPaneUI.getNextTabIndex(I)I",
      "Ljavax/swing/plaf/basic/BasicTabbedPaneUI.getNextTabIndexInRun(II)I",
      "Ljavax/swing/plaf/basic/BasicTabbedPaneUI.getNextTabRun(I)I",
      "Ljavax/swing/plaf/basic/BasicTabbedPaneUI.getPreviousTabIndex(I)I",
      "Ljavax/swing/plaf/basic/BasicTabbedPaneUI.getPreviousTabIndexInRun(II)I",
      "Ljavax/swing/plaf/basic/BasicTabbedPaneUI.getPreviousTabRun(I)I",
      "Ljavax/swing/plaf/basic/BasicTabbedPaneUI.getRunForTab(II)I",
      "Ljavax/swing/plaf/basic/BasicTabbedPaneUI.getSelectedTabPadInsets(I)Ljava/awt/Insets;",
      "Ljavax/swing/plaf/basic/BasicTabbedPaneUI.getTabAreaInsets(I)Ljava/awt/Insets;",
      "Ljavax/swing/plaf/basic/BasicTabbedPaneUI.getTabBounds(ILjava/awt/Rectangle;)Ljava/awt/Rectangle;",
      "Ljavax/swing/plaf/basic/BasicTabbedPaneUI.getTabBounds(Ljavax/swing/JTabbedPane;I)Ljava/awt/Rectangle;",
      "Ljavax/swing/plaf/basic/BasicTabbedPaneUI.getTabInsets(II)Ljava/awt/Insets;",
      "Ljavax/swing/plaf/basic/BasicTabbedPaneUI.getTabLabelShiftX(IIZ)I",
      "Ljavax/swing/plaf/basic/BasicTabbedPaneUI.getTabLabelShiftY(IIZ)I",
      "Ljavax/swing/plaf/basic/BasicTabbedPaneUI.getTabRunCount(Ljavax/swing/JTabbedPane;)I",
      "Ljavax/swing/plaf/basic/BasicTabbedPaneUI.getTabRunIndent(II)I",
      "Ljavax/swing/plaf/basic/BasicTabbedPaneUI.getTabRunOffset(IIIZ)I",
      "Ljavax/swing/plaf/basic/BasicTabbedPaneUI.getTabRunOverlay(I)I",
      "Ljavax/swing/plaf/basic/BasicTabbedPaneUI.getTextViewForTab(I)Ljavax/swing/text/View;",
      "Ljavax/swing/plaf/basic/BasicTabbedPaneUI.getVisibleComponent()Ljava/awt/Component;",
      "Ljavax/swing/plaf/basic/BasicTabbedPaneUI.installComponents()V",
      "Ljavax/swing/plaf/basic/BasicTabbedPaneUI.installDefaults()V",
      "Ljavax/swing/plaf/basic/BasicTabbedPaneUI.installKeyboardActions()V",
      "Ljavax/swing/plaf/basic/BasicTabbedPaneUI.installListeners()V",
      "Ljavax/swing/plaf/basic/BasicTabbedPaneUI.installUI(Ljavax/swing/JComponent;)V",
      "Ljavax/swing/plaf/basic/BasicTabbedPaneUI.lastTabInRun(II)I",
      "Ljavax/swing/plaf/basic/BasicTabbedPaneUI.layoutLabel(ILjava/awt/FontMetrics;ILjava/lang/String;Ljavax/swing/Icon;Ljava/awt/Rectangle;Ljava/awt/Rectangle;Ljava/awt/Rectangle;Z)V",
      "Ljavax/swing/plaf/basic/BasicTabbedPaneUI.navigateSelectedTab(I)V",
      "Ljavax/swing/plaf/basic/BasicTabbedPaneUI.paint(Ljava/awt/Graphics;Ljavax/swing/JComponent;)V",
      "Ljavax/swing/plaf/basic/BasicTabbedPaneUI.paintContentBorder(Ljava/awt/Graphics;II)V",
      "Ljavax/swing/plaf/basic/BasicTabbedPaneUI.paintContentBorderBottomEdge(Ljava/awt/Graphics;IIIIII)V",
      "Ljavax/swing/plaf/basic/BasicTabbedPaneUI.paintContentBorderLeftEdge(Ljava/awt/Graphics;IIIIII)V",
      "Ljavax/swing/plaf/basic/BasicTabbedPaneUI.paintContentBorderRightEdge(Ljava/awt/Graphics;IIIIII)V",
      "Ljavax/swing/plaf/basic/BasicTabbedPaneUI.paintContentBorderTopEdge(Ljava/awt/Graphics;IIIIII)V",
      "Ljavax/swing/plaf/basic/BasicTabbedPaneUI.paintFocusIndicator(Ljava/awt/Graphics;I[Ljava/awt/Rectangle;ILjava/awt/Rectangle;Ljava/awt/Rectangle;Z)V",
      "Ljavax/swing/plaf/basic/BasicTabbedPaneUI.paintIcon(Ljava/awt/Graphics;IILjavax/swing/Icon;Ljava/awt/Rectangle;Z)V",
      "Ljavax/swing/plaf/basic/BasicTabbedPaneUI.paintTab(Ljava/awt/Graphics;I[Ljava/awt/Rectangle;ILjava/awt/Rectangle;Ljava/awt/Rectangle;)V",
      "Ljavax/swing/plaf/basic/BasicTabbedPaneUI.paintTabArea(Ljava/awt/Graphics;II)V",
      "Ljavax/swing/plaf/basic/BasicTabbedPaneUI.paintTabBackground(Ljava/awt/Graphics;IIIIIIZ)V",
      "Ljavax/swing/plaf/basic/BasicTabbedPaneUI.paintTabBorder(Ljava/awt/Graphics;IIIIIIZ)V",
      "Ljavax/swing/plaf/basic/BasicTabbedPaneUI.paintText(Ljava/awt/Graphics;ILjava/awt/Font;Ljava/awt/FontMetrics;ILjava/lang/String;Ljava/awt/Rectangle;Z)V",
      "Ljavax/swing/plaf/basic/BasicTabbedPaneUI.selectAdjacentRunTab(III)V",
      "Ljavax/swing/plaf/basic/BasicTabbedPaneUI.selectNextTab(I)V",
      "Ljavax/swing/plaf/basic/BasicTabbedPaneUI.selectNextTabInRun(I)V",
      "Ljavax/swing/plaf/basic/BasicTabbedPaneUI.selectPreviousTab(I)V",
      "Ljavax/swing/plaf/basic/BasicTabbedPaneUI.selectPreviousTabInRun(I)V",
      "Ljavax/swing/plaf/basic/BasicTabbedPaneUI.setVisibleComponent(Ljava/awt/Component;)V",
      "Ljavax/swing/plaf/basic/BasicTabbedPaneUI.shouldPadTabRun(II)Z",
      "Ljavax/swing/plaf/basic/BasicTabbedPaneUI.shouldRotateTabRuns(I)Z",
      "Ljavax/swing/plaf/basic/BasicTabbedPaneUI.tabForCoordinate(Ljavax/swing/JTabbedPane;II)I",
      "Ljavax/swing/plaf/basic/BasicTabbedPaneUI.uninstallComponents()V",
      "Ljavax/swing/plaf/basic/BasicTabbedPaneUI.uninstallDefaults()V",
      "Ljavax/swing/plaf/basic/BasicTabbedPaneUI.uninstallKeyboardActions()V",
      "Ljavax/swing/plaf/basic/BasicTabbedPaneUI.uninstallListeners()V",
      "Ljavax/swing/plaf/basic/BasicTabbedPaneUI.uninstallUI(Ljavax/swing/JComponent;)V"
    ]
  },
  {
    "frequency": 1,
    "overriddenMethods": [
      "Ljavax/swing/plaf/ComponentUI.update(Ljava/awt/Graphics;Ljavax/swing/JComponent;)V",
      "Ljavax/swing/plaf/basic/BasicTabbedPaneUI.installUI(Ljavax/swing/JComponent;)V",
      "Ljavax/swing/plaf/basic/BasicTabbedPaneUI.paint(Ljava/awt/Graphics;Ljavax/swing/JComponent;)V",
      "Ljavax/swing/plaf/basic/BasicTabbedPaneUI.paintContentBorderBottomEdge(Ljava/awt/Graphics;IIIIII)V",
      "Ljavax/swing/plaf/basic/BasicTabbedPaneUI.paintContentBorderLeftEdge(Ljava/awt/Graphics;IIIIII)V",
      "Ljavax/swing/plaf/basic/BasicTabbedPaneUI.paintContentBorderRightEdge(Ljava/awt/Graphics;IIIIII)V",
      "Ljavax/swing/plaf/basic/BasicTabbedPaneUI.paintContentBorderTopEdge(Ljava/awt/Graphics;IIIIII)V",
      "Ljavax/swing/plaf/basic/BasicTabbedPaneUI.paintTabBackground(Ljava/awt/Graphics;IIIIIIZ)V",
      "Ljavax/swing/plaf/basic/BasicTabbedPaneUI.paintTabBorder(Ljava/awt/Graphics;IIIIIIZ)V",
      "Ljavax/swing/plaf/basic/BasicTabbedPaneUI.uninstallUI(Ljavax/swing/JComponent;)V"
    ]
  },
  {
    "frequency": 2,
    "overriddenMethods": [
      "Ljavax/swing/plaf/ComponentUI.update(Ljava/awt/Graphics;Ljavax/swing/JComponent;)V",
      "Ljavax/swing/plaf/basic/BasicTabbedPaneUI.createLayoutManager()Ljava/awt/LayoutManager;",
      "Ljavax/swing/plaf/basic/BasicTabbedPaneUI.createMouseListener()Ljava/awt/event/MouseListener;",
      "Ljavax/swing/plaf/basic/BasicTabbedPaneUI.getTabLabelShiftX(IIZ)I",
      "Ljavax/swing/plaf/basic/BasicTabbedPaneUI.getTabLabelShiftY(IIZ)I",
      "Ljavax/swing/plaf/basic/BasicTabbedPaneUI.installDefaults()V",
      "Ljavax/swing/plaf/basic/BasicTabbedPaneUI.installListeners()V",
      "Ljavax/swing/plaf/basic/BasicTabbedPaneUI.paintContentBorder(Ljava/awt/Graphics;II)V",
      "Ljavax/swing/plaf/basic/BasicTabbedPaneUI.paintFocusIndicator(Ljava/awt/Graphics;I[Ljava/awt/Rectangle;ILjava/awt/Rectangle;Ljava/awt/Rectangle;Z)V",
      "Ljavax/swing/plaf/basic/BasicTabbedPaneUI.paintTabBackground(Ljava/awt/Graphics;IIIIIIZ)V",
      "Ljavax/swing/plaf/basic/BasicTabbedPaneUI.paintTabBorder(Ljava/awt/Graphics;IIIIIIZ)V",
      "Ljavax/swing/plaf/basic/BasicTabbedPaneUI.paintText(Ljava/awt/Graphics;ILjava/awt/Font;Ljava/awt/FontMetrics;ILjava/lang/String;Ljava/awt/Rectangle;Z)V"
    ]
  },
  {
    "frequency": 1,
    "overriddenMethods": [
      "Ljavax/swing/plaf/ComponentUI.update(Ljava/awt/Graphics;Ljavax/swing/JComponent;)V",
      "Ljavax/swing/plaf/basic/BasicTabbedPaneUI.paintFocusIndicator(Ljava/awt/Graphics;I[Ljava/awt/Rectangle;ILjava/awt/Rectangle;Ljava/awt/Rectangle;Z)V",
      "Ljavax/swing/plaf/basic/BasicTabbedPaneUI.paintTabBackground(Ljava/awt/Graphics;IIIIIIZ)V",
      "Ljavax/swing/plaf/basic/BasicTabbedPaneUI.paintTabBorder(Ljava/awt/Graphics;IIIIIIZ)V",
      "Ljavax/swing/plaf/basic/BasicTabbedPaneUI.paintText(Ljava/awt/Graphics;ILjava/awt/Font;Ljava/awt/FontMetrics;ILjava/lang/String;Ljava/awt/Rectangle;Z)V"
    ]
  },
  {
    "frequency": 1,
    "overriddenMethods": [
      "Ljavax/swing/plaf/basic/BasicTabbedPaneUI.installDefaults()V",
      "Ljavax/swing/plaf/basic/BasicTabbedPaneUI.paintTab(Ljava/awt/Graphics;I[Ljava/awt/Rectangle;ILjava/awt/Rectangle;Ljava/awt/Rectangle;)V",
      "Ljavax/swing/plaf/basic/BasicTabbedPaneUI.paintTabBackground(Ljava/awt/Graphics;IIIIIIZ)V"
    ]
  },
  {
    "frequency": 1,
    "overriddenMethods": [
      "Ljavax/swing/plaf/basic/BasicTabbedPaneUI.paintContentBorder(Ljava/awt/Graphics;II)V",
      "Ljavax/swing/plaf/basic/BasicTabbedPaneUI.paintContentBorderBottomEdge(Ljava/awt/Graphics;IIIIII)V",
      "Ljavax/swing/plaf/basic/BasicTabbedPaneUI.paintContentBorderLeftEdge(Ljava/awt/Graphics;IIIIII)V",
      "Ljavax/swing/plaf/basic/BasicTabbedPaneUI.paintContentBorderRightEdge(Ljava/awt/Graphics;IIIIII)V",
      "Ljavax/swing/plaf/basic/BasicTabbedPaneUI.paintContentBorderTopEdge(Ljava/awt/Graphics;IIIIII)V",
      "Ljavax/swing/plaf/basic/BasicTabbedPaneUI.paintTabBackground(Ljava/awt/Graphics;IIIIIIZ)V",
      "Ljavax/swing/plaf/basic/BasicTabbedPaneUI.paintTabBorder(Ljava/awt/Graphics;IIIIIIZ)V"
    ]
  },
  {
    "frequency": 2,
    "overriddenMethods": [
      "Ljavax/swing/plaf/basic/BasicTabbedPaneUI.calculateTabHeight(III)I",
      "Ljavax/swing/plaf/basic/BasicTabbedPaneUI.calculateTabWidth(IILjava/awt/FontMetrics;)I",
      "Ljavax/swing/plaf/basic/BasicTabbedPaneUI.installDefaults()V",
      "Ljavax/swing/plaf/basic/BasicTabbedPaneUI.installListeners()V",
      "Ljavax/swing/plaf/basic/BasicTabbedPaneUI.layoutLabel(ILjava/awt/FontMetrics;ILjava/lang/String;Ljavax/swing/Icon;Ljava/awt/Rectangle;Ljava/awt/Rectangle;Ljava/awt/Rectangle;Z)V",
      "Ljavax/swing/plaf/basic/BasicTabbedPaneUI.paintFocusIndicator(Ljava/awt/Graphics;I[Ljava/awt/Rectangle;ILjava/awt/Rectangle;Ljava/awt/Rectangle;Z)V",
      "Ljavax/swing/plaf/basic/BasicTabbedPaneUI.paintTabArea(Ljava/awt/Graphics;II)V",
      "Ljavax/swing/plaf/basic/BasicTabbedPaneUI.paintTabBackground(Ljava/awt/Graphics;IIIIIIZ)V",
      "Ljavax/swing/plaf/basic/BasicTabbedPaneUI.paintTabBorder(Ljava/awt/Graphics;IIIIIIZ)V",
      "Ljavax/swing/plaf/basic/BasicTabbedPaneUI.uninstallListeners()V"
    ]
  },
  {
    "frequency": 2,
    "overriddenMethods": [
      "Ljavax/swing/plaf/ComponentUI.update(Ljava/awt/Graphics;Ljavax/swing/JComponent;)V",
      "Ljavax/swing/plaf/basic/BasicTabbedPaneUI.calculateMaxTabHeight(I)I",
      "Ljavax/swing/plaf/basic/BasicTabbedPaneUI.calculateTabHeight(III)I",
      "Ljavax/swing/plaf/basic/BasicTabbedPaneUI.calculateTabWidth(IILjava/awt/FontMetrics;)I",
      "Ljavax/swing/plaf/basic/BasicTabbedPaneUI.createLayoutManager()Ljava/awt/LayoutManager;",
      "Ljavax/swing/plaf/basic/BasicTabbedPaneUI.createMouseListener()Ljava/awt/event/MouseListener;",
      "Ljavax/swing/plaf/basic/BasicTabbedPaneUI.createScrollButton(I)Ljavax/swing/JButton;",
      "Ljavax/swing/plaf/basic/BasicTabbedPaneUI.ensureCurrentLayout()V",
      "Ljavax/swing/plaf/basic/BasicTabbedPaneUI.getContentBorderInsets(I)Ljava/awt/Insets;",
      "Ljavax/swing/plaf/basic/BasicTabbedPaneUI.getTabBounds(Ljavax/swing/JTabbedPane;I)Ljava/awt/Rectangle;",
      "Ljavax/swing/plaf/basic/BasicTabbedPaneUI.getTabLabelShiftX(IIZ)I",
      "Ljavax/swing/plaf/basic/BasicTabbedPaneUI.getTabLabelShiftY(IIZ)I",
      "Ljavax/swing/plaf/basic/BasicTabbedPaneUI.getTabRunOverlay(I)I",
      "Ljavax/swing/plaf/basic/BasicTabbedPaneUI.installComponents()V",
      "Ljavax/swing/plaf/basic/BasicTabbedPaneUI.installDefaults()V",
      "Ljavax/swing/plaf/basic/BasicTabbedPaneUI.installListeners()V",
      "Ljavax/swing/plaf/basic/BasicTabbedPaneUI.installUI(Ljavax/swing/JComponent;)V",
      "Ljavax/swing/plaf/basic/BasicTabbedPaneUI.paintContentBorder(Ljava/awt/Graphics;II)V",
      "Ljavax/swing/plaf/basic/BasicTabbedPaneUI.paintContentBorderBottomEdge(Ljava/awt/Graphics;IIIIII)V",
      "Ljavax/swing/plaf/basic/BasicTabbedPaneUI.paintContentBorderLeftEdge(Ljava/awt/Graphics;IIIIII)V",
      "Ljavax/swing/plaf/basic/BasicTabbedPaneUI.paintContentBorderRightEdge(Ljava/awt/Graphics;IIIIII)V",
      "Ljavax/swing/plaf/basic/BasicTabbedPaneUI.paintContentBorderTopEdge(Ljava/awt/Graphics;IIIIII)V",
      "Ljavax/swing/plaf/basic/BasicTabbedPaneUI.paintFocusIndicator(Ljava/awt/Graphics;I[Ljava/awt/Rectangle;ILjava/awt/Rectangle;Ljava/awt/Rectangle;Z)V",
      "Ljavax/swing/plaf/basic/BasicTabbedPaneUI.paintIcon(Ljava/awt/Graphics;IILjavax/swing/Icon;Ljava/awt/Rectangle;Z)V",
      "Ljavax/swing/plaf/basic/BasicTabbedPaneUI.paintTab(Ljava/awt/Graphics;I[Ljava/awt/Rectangle;ILjava/awt/Rectangle;Ljava/awt/Rectangle;)V",
      "Ljavax/swing/plaf/basic/BasicTabbedPaneUI.paintTabArea(Ljava/awt/Graphics;II)V",
      "Ljavax/swing/plaf/basic/BasicTabbedPaneUI.paintTabBackground(Ljava/awt/Graphics;IIIIIIZ)V",
      "Ljavax/swing/plaf/basic/BasicTabbedPaneUI.paintTabBorder(Ljava/awt/Graphics;IIIIIIZ)V",
      "Ljavax/swing/plaf/basic/BasicTabbedPaneUI.paintText(Ljava/awt/Graphics;ILjava/awt/Font;Ljava/awt/FontMetrics;ILjava/lang/String;Ljava/awt/Rectangle;Z)V",
      "Ljavax/swing/plaf/basic/BasicTabbedPaneUI.shouldPadTabRun(II)Z",
      "Ljavax/swing/plaf/basic/BasicTabbedPaneUI.uninstallComponents()V",
      "Ljavax/swing/plaf/basic/BasicTabbedPaneUI.uninstallDefaults()V",
      "Ljavax/swing/plaf/basic/BasicTabbedPaneUI.uninstallListeners()V",
      "Ljavax/swing/plaf/basic/BasicTabbedPaneUI.uninstallUI(Ljavax/swing/JComponent;)V"
    ]
  },
  {
    "frequency": 1,
    "overriddenMethods": [
      "Ljavax/swing/plaf/basic/BasicTabbedPaneUI.calculateTabHeight(III)I",
      "Ljavax/swing/plaf/basic/BasicTabbedPaneUI.createLayoutManager()Ljava/awt/LayoutManager;",
      "Ljavax/swing/plaf/basic/BasicTabbedPaneUI.getMinimumSize(Ljavax/swing/JComponent;)Ljava/awt/Dimension;",
      "Ljavax/swing/plaf/basic/BasicTabbedPaneUI.installDefaults()V",
      "Ljavax/swing/plaf/basic/BasicTabbedPaneUI.layoutLabel(ILjava/awt/FontMetrics;ILjava/lang/String;Ljavax/swing/Icon;Ljava/awt/Rectangle;Ljava/awt/Rectangle;Ljava/awt/Rectangle;Z)V",
      "Ljavax/swing/plaf/basic/BasicTabbedPaneUI.paintContentBorderBottomEdge(Ljava/awt/Graphics;IIIIII)V",
      "Ljavax/swing/plaf/basic/BasicTabbedPaneUI.paintContentBorderLeftEdge(Ljava/awt/Graphics;IIIIII)V",
      "Ljavax/swing/plaf/basic/BasicTabbedPaneUI.paintContentBorderRightEdge(Ljava/awt/Graphics;IIIIII)V",
      "Ljavax/swing/plaf/basic/BasicTabbedPaneUI.paintContentBorderTopEdge(Ljava/awt/Graphics;IIIIII)V",
      "Ljavax/swing/plaf/basic/BasicTabbedPaneUI.paintTab(Ljava/awt/Graphics;I[Ljava/awt/Rectangle;ILjava/awt/Rectangle;Ljava/awt/Rectangle;)V",
      "Ljavax/swing/plaf/basic/BasicTabbedPaneUI.paintTabBackground(Ljava/awt/Graphics;IIIIIIZ)V",
      "Ljavax/swing/plaf/basic/BasicTabbedPaneUI.paintTabBorder(Ljava/awt/Graphics;IIIIIIZ)V",
      "Ljavax/swing/plaf/basic/BasicTabbedPaneUI.paintText(Ljava/awt/Graphics;ILjava/awt/Font;Ljava/awt/FontMetrics;ILjava/lang/String;Ljava/awt/Rectangle;Z)V"
    ]
  }
]