[
  {
    "frequency": 2,
    "overriddenMethods": [
      "Ljavax/swing/plaf/basic/BasicDesktopPaneUI.installUI(Ljavax/swing/JComponent;)V"
    ]
  },
  {
    "frequency": 1,
    "overriddenMethods": [
      "Ljavax/swing/plaf/ComponentUI.update(Ljava/awt/Graphics;Ljavax/swing/JComponent;)V"
    ]
  },
  {
    "frequency": 2,
    "overriddenMethods": [
      "Ljavax/swing/plaf/ComponentUI.update(Ljava/awt/Graphics;Ljavax/swing/JComponent;)V",
      "Ljavax/swing/plaf/basic/BasicDesktopPaneUI.installDefaults()V",
      "Ljavax/swing/plaf/basic/BasicDesktopPaneUI.installListeners()V",
      "Ljavax/swing/plaf/basic/BasicDesktopPaneUI.installUI(Ljavax/swing/JComponent;)V",
      "Ljavax/swing/plaf/basic/BasicDesktopPaneUI.uninstallDefaults()V",
      "Ljavax/swing/plaf/basic/BasicDesktopPaneUI.uninstallListeners()V",
      "Ljavax/swing/plaf/basic/BasicDesktopPaneUI.uninstallUI(Ljavax/swing/JComponent;)V"
    ]
  },
  {
    "frequency": 1,
    "overriddenMethods": [
      "Ljavax/swing/plaf/basic/BasicDesktopPaneUI.paint(Ljava/awt/Graphics;Ljavax/swing/JComponent;)V"
    ]
  },
  {
    "frequency": 2,
    "overriddenMethods": [
      "Ljavax/swing/plaf/ComponentUI.update(Ljava/awt/Graphics;Ljavax/swing/JComponent;)V",
      "Ljavax/swing/plaf/basic/BasicDesktopPaneUI.installUI(Ljavax/swing/JComponent;)V",
      "Ljavax/swing/plaf/basic/BasicDesktopPaneUI.uninstallUI(Ljavax/swing/JComponent;)V"
    ]
  }
]