[
  {
    "frequency": 1,
    "overriddenMethods": [
      "Ljavax/swing/plaf/ComponentUI.getMaximumSize(Ljavax/swing/JComponent;)Ljava/awt/Dimension;",
      "Ljavax/swing/plaf/ComponentUI.getMinimumSize(Ljavax/swing/JComponent;)Ljava/awt/Dimension;",
      "Ljavax/swing/plaf/ComponentUI.getPreferredSize(Ljavax/swing/JComponent;)Ljava/awt/Dimension;",
      "Ljavax/swing/plaf/basic/BasicFileChooserUI.createListSelectionListener(Ljavax/swing/JFileChooser;)Ljavax/swing/event/ListSelectionListener;",
      "Ljavax/swing/plaf/basic/BasicFileChooserUI.createPropertyChangeListener(Ljavax/swing/JFileChooser;)Ljava/beans/PropertyChangeListener;",
      "Ljavax/swing/plaf/basic/BasicFileChooserUI.ensureFileIsVisible(Ljavax/swing/JFileChooser;Ljava/io/File;)V",
      "Ljavax/swing/plaf/basic/BasicFileChooserUI.getApproveButton(Ljavax/swing/JFileChooser;)Ljavax/swing/JButton;",
      "Ljavax/swing/plaf/basic/BasicFileChooserUI.getFileName()Ljava/lang/String;",
      "Ljavax/swing/plaf/basic/BasicFileChooserUI.installComponents(Ljavax/swing/JFileChooser;)V",
      "Ljavax/swing/plaf/basic/BasicFileChooserUI.installListeners(Ljavax/swing/JFileChooser;)V",
      "Ljavax/swing/plaf/basic/BasicFileChooserUI.installStrings(Ljavax/swing/JFileChooser;)V",
      "Ljavax/swing/plaf/basic/BasicFileChooserUI.installUI(Ljavax/swing/JComponent;)V",
      "Ljavax/swing/plaf/basic/BasicFileChooserUI.rescanCurrentDirectory(Ljavax/swing/JFileChooser;)V",
      "Ljavax/swing/plaf/basic/BasicFileChooserUI.setDirectorySelected(Z)V",
      "Ljavax/swing/plaf/basic/BasicFileChooserUI.setFileName(Ljava/lang/String;)V",
      "Ljavax/swing/plaf/basic/BasicFileChooserUI.uninstallComponents(Ljavax/swing/JFileChooser;)V",
      "Ljavax/swing/plaf/basic/BasicFileChooserUI.uninstallUI(Ljavax/swing/JComponent;)V"
    ]
  },
  {
    "frequency": 1,
    "overriddenMethods": [
      "Ljavax/swing/plaf/basic/BasicFileChooserUI.clearIconCache()V",
      "Ljavax/swing/plaf/basic/BasicFileChooserUI.createDoubleClickListener(Ljavax/swing/JFileChooser;Ljavax/swing/JList;)Ljava/awt/event/MouseListener;",
      "Ljavax/swing/plaf/basic/BasicFileChooserUI.createListSelectionListener(Ljavax/swing/JFileChooser;)Ljavax/swing/event/ListSelectionListener;",
      "Ljavax/swing/plaf/basic/BasicFileChooserUI.createModel()V",
      "Ljavax/swing/plaf/basic/BasicFileChooserUI.createPropertyChangeListener(Ljavax/swing/JFileChooser;)Ljava/beans/PropertyChangeListener;",
      "Ljavax/swing/plaf/basic/BasicFileChooserUI.ensureFileIsVisible(Ljavax/swing/JFileChooser;Ljava/io/File;)V",
      "Ljavax/swing/plaf/basic/BasicFileChooserUI.getApproveButton(Ljavax/swing/JFileChooser;)Ljavax/swing/JButton;",
      "Ljavax/swing/plaf/basic/BasicFileChooserUI.getChangeToParentDirectoryAction()Ljavax/swing/Action;",
      "Ljavax/swing/plaf/basic/BasicFileChooserUI.getDirectoryName()Ljava/lang/String;",
      "Ljavax/swing/plaf/basic/BasicFileChooserUI.getFileName()Ljava/lang/String;",
      "Ljavax/swing/plaf/basic/BasicFileChooserUI.getFileView(Ljavax/swing/JFileChooser;)Ljavax/swing/filechooser/FileView;",
      "Ljavax/swing/plaf/basic/BasicFileChooserUI.getNewFolderAction()Ljavax/swing/Action;",
      "Ljavax/swing/plaf/basic/BasicFileChooserUI.installComponents(Ljavax/swing/JFileChooser;)V",
      "Ljavax/swing/plaf/basic/BasicFileChooserUI.installIcons(Ljavax/swing/JFileChooser;)V",
      "Ljavax/swing/plaf/basic/BasicFileChooserUI.installListeners(Ljavax/swing/JFileChooser;)V",
      "Ljavax/swing/plaf/basic/BasicFileChooserUI.installStrings(Ljavax/swing/JFileChooser;)V",
      "Ljavax/swing/plaf/basic/BasicFileChooserUI.rescanCurrentDirectory(Ljavax/swing/JFileChooser;)V",
      "Ljavax/swing/plaf/basic/BasicFileChooserUI.setDirectoryName(Ljava/lang/String;)V",
      "Ljavax/swing/plaf/basic/BasicFileChooserUI.setFileName(Ljava/lang/String;)V",
      "Ljavax/swing/plaf/basic/BasicFileChooserUI.uninstallComponents(Ljavax/swing/JFileChooser;)V",
      "Ljavax/swing/plaf/basic/BasicFileChooserUI.uninstallIcons(Ljavax/swing/JFileChooser;)V",
      "Ljavax/swing/plaf/basic/BasicFileChooserUI.uninstallListeners(Ljavax/swing/JFileChooser;)V",
      "Ljavax/swing/plaf/basic/BasicFileChooserUI.uninstallStrings(Ljavax/swing/JFileChooser;)V",
      "Ljavax/swing/plaf/basic/BasicFileChooserUI.uninstallUI(Ljavax/swing/JComponent;)V"
    ]
  },
  {
    "frequency": 1,
    "overriddenMethods": [
      "Ljavax/swing/plaf/basic/BasicFileChooserUI.createPropertyChangeListener(Ljavax/swing/JFileChooser;)Ljava/beans/PropertyChangeListener;",
      "Ljavax/swing/plaf/basic/BasicFileChooserUI.ensureFileIsVisible(Ljavax/swing/JFileChooser;Ljava/io/File;)V",
      "Ljavax/swing/plaf/basic/BasicFileChooserUI.getApproveSelectionAction()Ljavax/swing/Action;",
      "Ljavax/swing/plaf/basic/BasicFileChooserUI.getFileView(Ljavax/swing/JFileChooser;)Ljavax/swing/filechooser/FileView;",
      "Ljavax/swing/plaf/basic/BasicFileChooserUI.installComponents(Ljavax/swing/JFileChooser;)V",
      "Ljavax/swing/plaf/basic/BasicFileChooserUI.installListeners(Ljavax/swing/JFileChooser;)V",
      "Ljavax/swing/plaf/basic/BasicFileChooserUI.installStrings(Ljavax/swing/JFileChooser;)V",
      "Ljavax/swing/plaf/basic/BasicFileChooserUI.rescanCurrentDirectory(Ljavax/swing/JFileChooser;)V",
      "Ljavax/swing/plaf/basic/BasicFileChooserUI.uninstallComponents(Ljavax/swing/JFileChooser;)V",
      "Ljavax/swing/plaf/basic/BasicFileChooserUI.uninstallListeners(Ljavax/swing/JFileChooser;)V"
    ]
  },
  {
    "frequency": 1,
    "overriddenMethods": [
      "Ljavax/swing/plaf/ComponentUI.getMaximumSize(Ljavax/swing/JComponent;)Ljava/awt/Dimension;",
      "Ljavax/swing/plaf/ComponentUI.getMinimumSize(Ljavax/swing/JComponent;)Ljava/awt/Dimension;",
      "Ljavax/swing/plaf/ComponentUI.getPreferredSize(Ljavax/swing/JComponent;)Ljava/awt/Dimension;",
      "Ljavax/swing/plaf/basic/BasicFileChooserUI.createActionMap()Ljavax/swing/ActionMap;",
      "Ljavax/swing/plaf/basic/BasicFileChooserUI.createListSelectionListener(Ljavax/swing/JFileChooser;)Ljavax/swing/event/ListSelectionListener;",
      "Ljavax/swing/plaf/basic/BasicFileChooserUI.createPropertyChangeListener(Ljavax/swing/JFileChooser;)Ljava/beans/PropertyChangeListener;",
      "Ljavax/swing/plaf/basic/BasicFileChooserUI.ensureFileIsVisible(Ljavax/swing/JFileChooser;Ljava/io/File;)V",
      "Ljavax/swing/plaf/basic/BasicFileChooserUI.getActionMap()Ljavax/swing/ActionMap;",
      "Ljavax/swing/plaf/basic/BasicFileChooserUI.getApproveButton(Ljavax/swing/JFileChooser;)Ljavax/swing/JButton;",
      "Ljavax/swing/plaf/basic/BasicFileChooserUI.getDirectoryName()Ljava/lang/String;",
      "Ljavax/swing/plaf/basic/BasicFileChooserUI.getFileName()Ljava/lang/String;",
      "Ljavax/swing/plaf/basic/BasicFileChooserUI.installComponents(Ljavax/swing/JFileChooser;)V",
      "Ljavax/swing/plaf/basic/BasicFileChooserUI.installListeners(Ljavax/swing/JFileChooser;)V",
      "Ljavax/swing/plaf/basic/BasicFileChooserUI.installStrings(Ljavax/swing/JFileChooser;)V",
      "Ljavax/swing/plaf/basic/BasicFileChooserUI.installUI(Ljavax/swing/JComponent;)V",
      "Ljavax/swing/plaf/basic/BasicFileChooserUI.rescanCurrentDirectory(Ljavax/swing/JFileChooser;)V",
      "Ljavax/swing/plaf/basic/BasicFileChooserUI.setDirectoryName(Ljava/lang/String;)V",
      "Ljavax/swing/plaf/basic/BasicFileChooserUI.setDirectorySelected(Z)V",
      "Ljavax/swing/plaf/basic/BasicFileChooserUI.setFileName(Ljava/lang/String;)V",
      "Ljavax/swing/plaf/basic/BasicFileChooserUI.uninstallComponents(Ljavax/swing/JFileChooser;)V",
      "Ljavax/swing/plaf/basic/BasicFileChooserUI.uninstallUI(Ljavax/swing/JComponent;)V"
    ]
  }
]