[
  {
    "frequency": 1,
    "overriddenMethods": [
      "Ljavax/swing/plaf/basic/BasicCheckBoxMenuItemUI.getPropertyPrefix()Ljava/lang/String;",
      "Ljavax/swing/plaf/basic/BasicMenuItemUI.installDefaults()V"
    ]
  },
  {
    "frequency": 1,
    "overriddenMethods": [
      "Ljavax/swing/plaf/basic/BasicMenuItemUI.getPreferredMenuItemSize(Ljavax/swing/JComponent;Ljavax/swing/Icon;Ljavax/swing/Icon;I)Ljava/awt/Dimension;",
      "Ljavax/swing/plaf/basic/BasicMenuItemUI.installDefaults()V",
      "Ljavax/swing/plaf/basic/BasicMenuItemUI.installUI(Ljavax/swing/JComponent;)V",
      "Ljavax/swing/plaf/basic/BasicMenuItemUI.paintMenuItem(Ljava/awt/Graphics;Ljavax/swing/JComponent;Ljavax/swing/Icon;Ljavax/swing/Icon;Ljava/awt/Color;Ljava/awt/Color;I)V",
      "Ljavax/swing/plaf/basic/BasicMenuItemUI.uninstallUI(Ljavax/swing/JComponent;)V",
      "Ljavax/swing/plaf/basic/BasicMenuItemUI.update(Ljava/awt/Graphics;Ljavax/swing/JComponent;)V"
    ]
  },
  {
    "frequency": 2,
    "overriddenMethods": [
      "Ljavax/swing/plaf/basic/BasicMenuItemUI.getPreferredMenuItemSize(Ljavax/swing/JComponent;Ljavax/swing/Icon;Ljavax/swing/Icon;I)Ljava/awt/Dimension;",
      "Ljavax/swing/plaf/basic/BasicMenuItemUI.installComponents(Ljavax/swing/JMenuItem;)V",
      "Ljavax/swing/plaf/basic/BasicMenuItemUI.installDefaults()V",
      "Ljavax/swing/plaf/basic/BasicMenuItemUI.installListeners()V",
      "Ljavax/swing/plaf/basic/BasicMenuItemUI.installUI(Ljavax/swing/JComponent;)V",
      "Ljavax/swing/plaf/basic/BasicMenuItemUI.paintMenuItem(Ljava/awt/Graphics;Ljavax/swing/JComponent;Ljavax/swing/Icon;Ljavax/swing/Icon;Ljava/awt/Color;Ljava/awt/Color;I)V",
      "Ljavax/swing/plaf/basic/BasicMenuItemUI.uninstallComponents(Ljavax/swing/JMenuItem;)V",
      "Ljavax/swing/plaf/basic/BasicMenuItemUI.uninstallDefaults()V",
      "Ljavax/swing/plaf/basic/BasicMenuItemUI.uninstallListeners()V",
      "Ljavax/swing/plaf/basic/BasicMenuItemUI.uninstallUI(Ljavax/swing/JComponent;)V",
      "Ljavax/swing/plaf/basic/BasicMenuItemUI.update(Ljava/awt/Graphics;Ljavax/swing/JComponent;)V"
    ]
  },
  {
    "frequency": 2,
    "overriddenMethods": [
      "Ljavax/swing/plaf/basic/BasicMenuItemUI.installDefaults()V",
      "Ljavax/swing/plaf/basic/BasicMenuItemUI.paintBackground(Ljava/awt/Graphics;Ljavax/swing/JMenuItem;Ljava/awt/Color;)V",
      "Ljavax/swing/plaf/basic/BasicMenuItemUI.uninstallDefaults()V"
    ]
  },
  {
    "frequency": 1,
    "overriddenMethods": [
      "Ljavax/swing/plaf/basic/BasicMenuItemUI.installUI(Ljavax/swing/JComponent;)V",
      "Ljavax/swing/plaf/basic/BasicMenuItemUI.paintText(Ljava/awt/Graphics;Ljavax/swing/JMenuItem;Ljava/awt/Rectangle;Ljava/lang/String;)V",
      "Ljavax/swing/plaf/basic/BasicMenuItemUI.uninstallUI(Ljavax/swing/JComponent;)V",
      "Ljavax/swing/plaf/basic/BasicMenuItemUI.update(Ljava/awt/Graphics;Ljavax/swing/JComponent;)V"
    ]
  }
]