[
  {
    "frequency": 2,
    "overriddenMethods": [
      "Ljavax/swing/plaf/ComponentUI.update(Ljava/awt/Graphics;Ljavax/swing/JComponent;)V",
      "Ljavax/swing/plaf/basic/BasicButtonUI.createButtonListener(Ljavax/swing/AbstractButton;)Ljavax/swing/plaf/basic/BasicButtonListener;",
      "Ljavax/swing/plaf/basic/BasicButtonUI.installListeners(Ljavax/swing/AbstractButton;)V",
      "Ljavax/swing/plaf/basic/BasicButtonUI.installUI(Ljavax/swing/JComponent;)V",
      "Ljavax/swing/plaf/basic/BasicButtonUI.uninstallListeners(Ljavax/swing/AbstractButton;)V",
      "Ljavax/swing/plaf/basic/BasicButtonUI.uninstallUI(Ljavax/swing/JComponent;)V",
      "Ljavax/swing/plaf/basic/BasicRadioButtonUI.getDefaultIcon()Ljavax/swing/Icon;",
      "Ljavax/swing/plaf/basic/BasicRadioButtonUI.installDefaults(Ljavax/swing/AbstractButton;)V",
      "Ljavax/swing/plaf/basic/BasicRadioButtonUI.paint(Ljava/awt/Graphics;Ljavax/swing/JComponent;)V",
      "Ljavax/swing/plaf/basic/BasicRadioButtonUI.uninstallDefaults(Ljavax/swing/AbstractButton;)V"
    ]
  },
  {
    "frequency": 1,
    "overriddenMethods": [
      "Ljavax/swing/plaf/basic/BasicButtonUI.installUI(Ljavax/swing/JComponent;)V",
      "Ljavax/swing/plaf/basic/BasicRadioButtonUI.paintFocus(Ljava/awt/Graphics;Ljava/awt/Rectangle;Ljava/awt/Dimension;)V"
    ]
  },
  {
    "frequency": 1,
    "overriddenMethods": [
      "Ljavax/swing/plaf/ComponentUI.update(Ljava/awt/Graphics;Ljavax/swing/JComponent;)V",
      "Ljavax/swing/plaf/basic/BasicButtonUI.installUI(Ljavax/swing/JComponent;)V",
      "Ljavax/swing/plaf/basic/BasicButtonUI.paintText(Ljava/awt/Graphics;Ljavax/swing/JComponent;Ljava/awt/Rectangle;Ljava/lang/String;)V",
      "Ljavax/swing/plaf/basic/BasicButtonUI.uninstallUI(Ljavax/swing/JComponent;)V",
      "Ljavax/swing/plaf/basic/BasicRadioButtonUI.installDefaults(Ljavax/swing/AbstractButton;)V"
    ]
  },
  {
    "frequency": 1,
    "overriddenMethods": [
      "Ljavax/swing/plaf/basic/BasicRadioButtonUI.installDefaults(Ljavax/swing/AbstractButton;)V",
      "Ljavax/swing/plaf/basic/BasicRadioButtonUI.paint(Ljava/awt/Graphics;Ljavax/swing/JComponent;)V",
      "Ljavax/swing/plaf/basic/BasicRadioButtonUI.paintFocus(Ljava/awt/Graphics;Ljava/awt/Rectangle;Ljava/awt/Dimension;)V"
    ]
  }
]