[
  {
    "frequency": 1,
    "overriddenMethods": [
      "Ljavax/swing/plaf/basic/BasicListUI.paint(Ljava/awt/Graphics;Ljavax/swing/JComponent;)V",
      "Ljavax/swing/plaf/basic/BasicListUI.paintCell(Ljava/awt/Graphics;ILjava/awt/Rectangle;Ljavax/swing/ListCellRenderer;Ljavax/swing/ListModel;Ljavax/swing/ListSelectionModel;I)V"
    ]
  },
  {
    "frequency": 3,
    "overriddenMethods": []
  },
  {
    "frequency": 2,
    "overriddenMethods": [
      "Ljavax/swing/plaf/basic/BasicListUI.installDefaults()V"
    ]
  },
  {
    "frequency": 1,
    "overriddenMethods": [
      "Ljavax/swing/plaf/ComponentUI.update(Ljava/awt/Graphics;Ljavax/swing/JComponent;)V",
      "Ljavax/swing/plaf/basic/BasicListUI.paintCell(Ljava/awt/Graphics;ILjava/awt/Rectangle;Ljavax/swing/ListCellRenderer;Ljavax/swing/ListModel;Ljavax/swing/ListSelectionModel;I)V"
    ]
  },
  {
    "frequency": 1,
    "overriddenMethods": [
      "Ljavax/swing/plaf/basic/BasicListUI.convertRowToY(I)I",
      "Ljavax/swing/plaf/basic/BasicListUI.convertYToRow(I)I",
      "Ljavax/swing/plaf/basic/BasicListUI.createFocusListener()Ljava/awt/event/FocusListener;",
      "Ljavax/swing/plaf/basic/BasicListUI.createListDataListener()Ljavax/swing/event/ListDataListener;",
      "Ljavax/swing/plaf/basic/BasicListUI.createListSelectionListener()Ljavax/swing/event/ListSelectionListener;",
      "Ljavax/swing/plaf/basic/BasicListUI.createMouseInputListener()Ljavax/swing/event/MouseInputListener;",
      "Ljavax/swing/plaf/basic/BasicListUI.createPropertyChangeListener()Ljava/beans/PropertyChangeListener;",
      "Ljavax/swing/plaf/basic/BasicListUI.getBaseline(Ljavax/swing/JComponent;II)I",
      "Ljavax/swing/plaf/basic/BasicListUI.getBaselineResizeBehavior(Ljavax/swing/JComponent;)Ljava/awt/Component$BaselineResizeBehavior;",
      "Ljavax/swing/plaf/basic/BasicListUI.getCellBounds(Ljavax/swing/JList;II)Ljava/awt/Rectangle;",
      "Ljavax/swing/plaf/basic/BasicListUI.getInputMap(I)Ljavax/swing/InputMap;",
      "Ljavax/swing/plaf/basic/BasicListUI.getPreferredSize(Ljavax/swing/JComponent;)Ljava/awt/Dimension;",
      "Ljavax/swing/plaf/basic/BasicListUI.getRowHeight(I)I",
      "Ljavax/swing/plaf/basic/BasicListUI.indexToLocation(Ljavax/swing/JList;I)Ljava/awt/Point;",
      "Ljavax/swing/plaf/basic/BasicListUI.installDefaults()V",
      "Ljavax/swing/plaf/basic/BasicListUI.installKeyboardActions()V",
      "Ljavax/swing/plaf/basic/BasicListUI.installListeners()V",
      "Ljavax/swing/plaf/basic/BasicListUI.installUI(Ljavax/swing/JComponent;)V",
      "Ljavax/swing/plaf/basic/BasicListUI.locationToIndex(Ljavax/swing/JList;Ljava/awt/Point;)I",
      "Ljavax/swing/plaf/basic/BasicListUI.maybeUpdateLayoutState()V",
      "Ljavax/swing/plaf/basic/BasicListUI.paint(Ljava/awt/Graphics;Ljavax/swing/JComponent;)V",
      "Ljavax/swing/plaf/basic/BasicListUI.paintCell(Ljava/awt/Graphics;ILjava/awt/Rectangle;Ljavax/swing/ListCellRenderer;Ljavax/swing/ListModel;Ljavax/swing/ListSelectionModel;I)V",
      "Ljavax/swing/plaf/basic/BasicListUI.selectNextIndex()V",
      "Ljavax/swing/plaf/basic/BasicListUI.selectPreviousIndex()V",
      "Ljavax/swing/plaf/basic/BasicListUI.uninstallDefaults()V",
      "Ljavax/swing/plaf/basic/BasicListUI.uninstallKeyboardActions()V",
      "Ljavax/swing/plaf/basic/BasicListUI.uninstallListeners()V",
      "Ljavax/swing/plaf/basic/BasicListUI.uninstallUI(Ljavax/swing/JComponent;)V",
      "Ljavax/swing/plaf/basic/BasicListUI.updateLayoutState()V"
    ]
  },
  {
    "frequency": 1,
    "overriddenMethods": [
      "Ljavax/swing/plaf/ComponentUI.update(Ljava/awt/Graphics;Ljavax/swing/JComponent;)V",
      "Ljavax/swing/plaf/basic/BasicListUI.installUI(Ljavax/swing/JComponent;)V",
      "Ljavax/swing/plaf/basic/BasicListUI.uninstallUI(Ljavax/swing/JComponent;)V"
    ]
  },
  {
    "frequency": 2,
    "overriddenMethods": [
      "Ljavax/swing/plaf/basic/BasicListUI.paintCell(Ljava/awt/Graphics;ILjava/awt/Rectangle;Ljavax/swing/ListCellRenderer;Ljavax/swing/ListModel;Ljavax/swing/ListSelectionModel;I)V"
    ]
  },
  {
    "frequency": 2,
    "overriddenMethods": [
      "Ljavax/swing/plaf/ComponentUI.update(Ljava/awt/Graphics;Ljavax/swing/JComponent;)V",
      "Ljavax/swing/plaf/basic/BasicListUI.installDefaults()V",
      "Ljavax/swing/plaf/basic/BasicListUI.installListeners()V",
      "Ljavax/swing/plaf/basic/BasicListUI.installUI(Ljavax/swing/JComponent;)V",
      "Ljavax/swing/plaf/basic/BasicListUI.paintCell(Ljava/awt/Graphics;ILjava/awt/Rectangle;Ljavax/swing/ListCellRenderer;Ljavax/swing/ListModel;Ljavax/swing/ListSelectionModel;I)V",
      "Ljavax/swing/plaf/basic/BasicListUI.uninstallDefaults()V",
      "Ljavax/swing/plaf/basic/BasicListUI.uninstallListeners()V",
      "Ljavax/swing/plaf/basic/BasicListUI.uninstallUI(Ljavax/swing/JComponent;)V"
    ]
  },
  {
    "frequency": 1,
    "overriddenMethods": [
      "Ljavax/swing/plaf/ComponentUI.update(Ljava/awt/Graphics;Ljavax/swing/JComponent;)V",
      "Ljavax/swing/plaf/basic/BasicListUI.installDefaults()V"
    ]
  }
]