[
  {
    "frequency": 11,
    "overriddenMethods": []
  },
  {
    "frequency": 3,
    "overriddenMethods": [
      "Ljavax/swing/plaf/basic/BasicComboBoxEditor.addActionListener(Ljava/awt/event/ActionListener;)V",
      "Ljavax/swing/plaf/basic/BasicComboBoxEditor.getEditorComponent()Ljava/awt/Component;",
      "Ljavax/swing/plaf/basic/BasicComboBoxEditor.getItem()Ljava/lang/Object;",
      "Ljavax/swing/plaf/basic/BasicComboBoxEditor.removeActionListener(Ljava/awt/event/ActionListener;)V",
      "Ljavax/swing/plaf/basic/BasicComboBoxEditor.selectAll()V",
      "Ljavax/swing/plaf/basic/BasicComboBoxEditor.setItem(Ljava/lang/Object;)V"
    ]
  },
  {
    "frequency": 2,
    "overriddenMethods": [
      "Ljavax/swing/plaf/basic/BasicComboBoxEditor.getItem()Ljava/lang/Object;",
      "Ljavax/swing/plaf/basic/BasicComboBoxEditor.setItem(Ljava/lang/Object;)V"
    ]
  },
  {
    "frequency": 6,
    "overriddenMethods": [
      "Ljavax/swing/plaf/basic/BasicComboBoxEditor.setItem(Ljava/lang/Object;)V"
    ]
  }
]