[
  {
    "frequency": 1,
    "overriddenMethods": [
      "Ljavax/swing/plaf/ComponentUI.update(Ljava/awt/Graphics;Ljavax/swing/JComponent;)V",
      "Ljavax/swing/plaf/basic/BasicPanelUI.installUI(Ljavax/swing/JComponent;)V",
      "Ljavax/swing/plaf/basic/BasicPanelUI.uninstallUI(Ljavax/swing/JComponent;)V"
    ]
  },
  {
    "frequency": 2,
    "overriddenMethods": [
      "Ljavax/swing/plaf/ComponentUI.update(Ljava/awt/Graphics;Ljavax/swing/JComponent;)V",
      "Ljavax/swing/plaf/basic/BasicPanelUI.installDefaults(Ljavax/swing/JPanel;)V",
      "Ljavax/swing/plaf/basic/BasicPanelUI.installUI(Ljavax/swing/JComponent;)V",
      "Ljavax/swing/plaf/basic/BasicPanelUI.uninstallDefaults(Ljavax/swing/JPanel;)V",
      "Ljavax/swing/plaf/basic/BasicPanelUI.uninstallUI(Ljavax/swing/JComponent;)V"
    ]
  },
  {
    "frequency": 1,
    "overriddenMethods": [
      "Ljavax/swing/plaf/ComponentUI.update(Ljava/awt/Graphics;Ljavax/swing/JComponent;)V"
    ]
  },
  {
    "frequency": 4,
    "overriddenMethods": [
      "Ljavax/swing/plaf/ComponentUI.update(Ljava/awt/Graphics;Ljavax/swing/JComponent;)V",
      "Ljavax/swing/plaf/basic/BasicPanelUI.uninstallDefaults(Ljavax/swing/JPanel;)V"
    ]
  },
  {
    "frequency": 1,
    "overriddenMethods": [
      "Ljavax/swing/plaf/ComponentUI.paint(Ljava/awt/Graphics;Ljavax/swing/JComponent;)V",
      "Ljavax/swing/plaf/basic/BasicPanelUI.installDefaults(Ljavax/swing/JPanel;)V",
      "Ljavax/swing/plaf/basic/BasicPanelUI.uninstallDefaults(Ljavax/swing/JPanel;)V"
    ]
  },
  {
    "frequency": 1,
    "overriddenMethods": [
      "Ljavax/swing/plaf/ComponentUI.paint(Ljava/awt/Graphics;Ljavax/swing/JComponent;)V",
      "Ljavax/swing/plaf/basic/BasicPanelUI.installUI(Ljavax/swing/JComponent;)V",
      "Ljavax/swing/plaf/basic/BasicPanelUI.uninstallUI(Ljavax/swing/JComponent;)V"
    ]
  }
]