[
  {
    "frequency": 1,
    "overriddenMethods": [
      "Ljavax/swing/plaf/ComponentUI.paint(Ljava/awt/Graphics;Ljavax/swing/JComponent;)V",
      "Ljavax/swing/plaf/basic/BasicOptionPaneUI.installDefaults()V",
      "Ljavax/swing/plaf/basic/BasicOptionPaneUI.uninstallDefaults()V"
    ]
  },
  {
    "frequency": 1,
    "overriddenMethods": [
      "Ljavax/swing/plaf/ComponentUI.update(Ljava/awt/Graphics;Ljavax/swing/JComponent;)V"
    ]
  },
  {
    "frequency": 2,
    "overriddenMethods": [
      "Ljavax/swing/plaf/ComponentUI.paint(Ljava/awt/Graphics;Ljavax/swing/JComponent;)V",
      "Ljavax/swing/plaf/ComponentUI.update(Ljava/awt/Graphics;Ljavax/swing/JComponent;)V",
      "Ljavax/swing/plaf/basic/BasicOptionPaneUI.addIcon(Ljava/awt/Container;)V",
      "Ljavax/swing/plaf/basic/BasicOptionPaneUI.getIconForType(I)Ljavax/swing/Icon;",
      "Ljavax/swing/plaf/basic/BasicOptionPaneUI.installComponents()V",
      "Ljavax/swing/plaf/basic/BasicOptionPaneUI.installDefaults()V",
      "Ljavax/swing/plaf/basic/BasicOptionPaneUI.installListeners()V",
      "Ljavax/swing/plaf/basic/BasicOptionPaneUI.installUI(Ljavax/swing/JComponent;)V",
      "Ljavax/swing/plaf/basic/BasicOptionPaneUI.uninstallComponents()V",
      "Ljavax/swing/plaf/basic/BasicOptionPaneUI.uninstallDefaults()V",
      "Ljavax/swing/plaf/basic/BasicOptionPaneUI.uninstallListeners()V",
      "Ljavax/swing/plaf/basic/BasicOptionPaneUI.uninstallUI(Ljavax/swing/JComponent;)V"
    ]
  },
  {
    "frequency": 6,
    "overriddenMethods": [
      "Ljavax/swing/plaf/basic/BasicOptionPaneUI.createButtonArea()Ljava/awt/Container;"
    ]
  },
  {
    "frequency": 1,
    "overriddenMethods": [
      "Ljavax/swing/plaf/ComponentUI.update(Ljava/awt/Graphics;Ljavax/swing/JComponent;)V",
      "Ljavax/swing/plaf/basic/BasicOptionPaneUI.installUI(Ljavax/swing/JComponent;)V",
      "Ljavax/swing/plaf/basic/BasicOptionPaneUI.uninstallUI(Ljavax/swing/JComponent;)V"
    ]
  },
  {
    "frequency": 1,
    "overriddenMethods": [
      "Ljavax/swing/plaf/basic/BasicOptionPaneUI.createSeparator()Ljava/awt/Container;"
    ]
  }
]