[
  {
    "frequency": 1,
    "overriddenMethods": [
      "Ljavax/swing/plaf/ComponentUI.update(Ljava/awt/Graphics;Ljavax/swing/JComponent;)V",
      "Ljavax/swing/plaf/basic/BasicRootPaneUI.installUI(Ljavax/swing/JComponent;)V",
      "Ljavax/swing/plaf/basic/BasicRootPaneUI.propertyChange(Ljava/beans/PropertyChangeEvent;)V",
      "Ljavax/swing/plaf/basic/BasicRootPaneUI.uninstallUI(Ljavax/swing/JComponent;)V"
    ]
  },
  {
    "frequency": 2,
    "overriddenMethods": [
      "Ljavax/swing/plaf/ComponentUI.update(Ljava/awt/Graphics;Ljavax/swing/JComponent;)V",
      "Ljavax/swing/plaf/basic/BasicRootPaneUI.installComponents(Ljavax/swing/JRootPane;)V",
      "Ljavax/swing/plaf/basic/BasicRootPaneUI.installDefaults(Ljavax/swing/JRootPane;)V",
      "Ljavax/swing/plaf/basic/BasicRootPaneUI.installListeners(Ljavax/swing/JRootPane;)V",
      "Ljavax/swing/plaf/basic/BasicRootPaneUI.installUI(Ljavax/swing/JComponent;)V",
      "Ljavax/swing/plaf/basic/BasicRootPaneUI.propertyChange(Ljava/beans/PropertyChangeEvent;)V",
      "Ljavax/swing/plaf/basic/BasicRootPaneUI.uninstallComponents(Ljavax/swing/JRootPane;)V",
      "Ljavax/swing/plaf/basic/BasicRootPaneUI.uninstallDefaults(Ljavax/swing/JRootPane;)V",
      "Ljavax/swing/plaf/basic/BasicRootPaneUI.uninstallListeners(Ljavax/swing/JRootPane;)V",
      "Ljavax/swing/plaf/basic/BasicRootPaneUI.uninstallUI(Ljavax/swing/JComponent;)V"
    ]
  },
  {
    "frequency": 3,
    "overriddenMethods": [
      "Ljavax/swing/plaf/basic/BasicRootPaneUI.installUI(Ljavax/swing/JComponent;)V",
      "Ljavax/swing/plaf/basic/BasicRootPaneUI.propertyChange(Ljava/beans/PropertyChangeEvent;)V",
      "Ljavax/swing/plaf/basic/BasicRootPaneUI.uninstallUI(Ljavax/swing/JComponent;)V"
    ]
  },
  {
    "frequency": 2,
    "overriddenMethods": [
      "Ljavax/swing/plaf/basic/BasicRootPaneUI.installListeners(Ljavax/swing/JRootPane;)V",
      "Ljavax/swing/plaf/basic/BasicRootPaneUI.installUI(Ljavax/swing/JComponent;)V",
      "Ljavax/swing/plaf/basic/BasicRootPaneUI.propertyChange(Ljava/beans/PropertyChangeEvent;)V",
      "Ljavax/swing/plaf/basic/BasicRootPaneUI.uninstallListeners(Ljavax/swing/JRootPane;)V",
      "Ljavax/swing/plaf/basic/BasicRootPaneUI.uninstallUI(Ljavax/swing/JComponent;)V"
    ]
  }
]