[
  {
    "frequency": 1,
    "overriddenMethods": [
      "Ljavax/swing/plaf/basic/BasicPopupMenuUI.installDefaults()V",
      "Ljavax/swing/plaf/basic/BasicPopupMenuUI.installListeners()V",
      "Ljavax/swing/plaf/basic/BasicPopupMenuUI.uninstallListeners()V"
    ]
  },
  {
    "frequency": 2,
    "overriddenMethods": [
      "Ljavax/swing/plaf/ComponentUI.update(Ljava/awt/Graphics;Ljavax/swing/JComponent;)V",
      "Ljavax/swing/plaf/basic/BasicPopupMenuUI.installDefaults()V",
      "Ljavax/swing/plaf/basic/BasicPopupMenuUI.installListeners()V",
      "Ljavax/swing/plaf/basic/BasicPopupMenuUI.installUI(Ljavax/swing/JComponent;)V",
      "Ljavax/swing/plaf/basic/BasicPopupMenuUI.uninstallDefaults()V",
      "Ljavax/swing/plaf/basic/BasicPopupMenuUI.uninstallListeners()V",
      "Ljavax/swing/plaf/basic/BasicPopupMenuUI.uninstallUI(Ljavax/swing/JComponent;)V"
    ]
  },
  {
    "frequency": 1,
    "overriddenMethods": [
      "Ljavax/swing/plaf/ComponentUI.update(Ljava/awt/Graphics;Ljavax/swing/JComponent;)V",
      "Ljavax/swing/plaf/basic/BasicPopupMenuUI.installUI(Ljavax/swing/JComponent;)V",
      "Ljavax/swing/plaf/basic/BasicPopupMenuUI.uninstallUI(Ljavax/swing/JComponent;)V"
    ]
  },
  {
    "frequency": 1,
    "overriddenMethods": [
      "Ljavax/swing/plaf/ComponentUI.paint(Ljava/awt/Graphics;Ljavax/swing/JComponent;)V",
      "Ljavax/swing/plaf/basic/BasicPopupMenuUI.installDefaults()V",
      "Ljavax/swing/plaf/basic/BasicPopupMenuUI.installListeners()V",
      "Ljavax/swing/plaf/basic/BasicPopupMenuUI.uninstallDefaults()V",
      "Ljavax/swing/plaf/basic/BasicPopupMenuUI.uninstallListeners()V"
    ]
  },
  {
    "frequency": 2,
    "overriddenMethods": [
      "Ljavax/swing/plaf/ComponentUI.update(Ljava/awt/Graphics;Ljavax/swing/JComponent;)V",
      "Ljavax/swing/plaf/PopupMenuUI.getPopup(Ljavax/swing/JPopupMenu;II)Ljavax/swing/Popup;",
      "Ljavax/swing/plaf/basic/BasicPopupMenuUI.installDefaults()V",
      "Ljavax/swing/plaf/basic/BasicPopupMenuUI.installListeners()V",
      "Ljavax/swing/plaf/basic/BasicPopupMenuUI.uninstallDefaults()V",
      "Ljavax/swing/plaf/basic/BasicPopupMenuUI.uninstallListeners()V"
    ]
  },
  {
    "frequency": 2,
    "overriddenMethods": [
      "Ljavax/swing/plaf/PopupMenuUI.getPopup(Ljavax/swing/JPopupMenu;II)Ljavax/swing/Popup;",
      "Ljavax/swing/plaf/basic/BasicPopupMenuUI.installDefaults()V"
    ]
  }
]