[
  {
    "frequency": 1,
    "overriddenMethods": [
      "Ljavax/script/CompiledScript.eval()Ljava/lang/Object;",
      "Ljavax/script/CompiledScript.eval(Ljavax/script/Bindings;)Ljava/lang/Object;",
      "Ljavax/script/CompiledScript.eval(Ljavax/script/ScriptContext;)Ljava/lang/Object;",
      "Ljavax/script/CompiledScript.getEngine()Ljavax/script/ScriptEngine;"
    ]
  },
  {
    "frequency": 12,
    "overriddenMethods": [
      "Ljavax/script/CompiledScript.eval(Ljavax/script/ScriptContext;)Ljava/lang/Object;",
      "Ljavax/script/CompiledScript.getEngine()Ljavax/script/ScriptEngine;"
    ]
  },
  {
    "frequency": 3,
    "overriddenMethods": [
      "Ljavax/script/CompiledScript.eval(Ljavax/script/Bindings;)Ljava/lang/Object;",
      "Ljavax/script/CompiledScript.eval(Ljavax/script/ScriptContext;)Ljava/lang/Object;",
      "Ljavax/script/CompiledScript.getEngine()Ljavax/script/ScriptEngine;"
    ]
  },
  {
    "frequency": 1,
    "overriddenMethods": [
      "Ljava/lang/Object.toString()Ljava/lang/String;",
      "Ljavax/script/CompiledScript.eval(Ljavax/script/ScriptContext;)Ljava/lang/Object;",
      "Ljavax/script/CompiledScript.getEngine()Ljavax/script/ScriptEngine;"
    ]
  }
]