[
  {
    "frequency": 108,
    "overriddenMethods": []
  },
  {
    "frequency": 1,
    "overriddenMethods": [
      "Lorg/xml/sax/helpers/DefaultHandler.endDocument()V",
      "Lorg/xml/sax/helpers/DefaultHandler.endElement(Ljava/lang/String;Ljava/lang/String;Ljava/lang/String;)V",
      "Lorg/xml/sax/helpers/DefaultHandler.processingInstruction(Ljava/lang/String;Ljava/lang/String;)V",
      "Lorg/xml/sax/helpers/DefaultHandler.setDocumentLocator(Lorg/xml/sax/Locator;)V",
      "Lorg/xml/sax/helpers/DefaultHandler.startDocument()V",
      "Lorg/xml/sax/helpers/DefaultHandler.startElement(Ljava/lang/String;Ljava/lang/String;Ljava/lang/String;Lorg/xml/sax/Attributes;)V"
    ]
  },
  {
    "frequency": 2,
    "overriddenMethods": [
      "Lorg/xml/sax/helpers/DefaultHandler.endElement(Ljava/lang/String;Ljava/lang/String;Ljava/lang/String;)V",
      "Lorg/xml/sax/helpers/DefaultHandler.error(Lorg/xml/sax/SAXParseException;)V",
      "Lorg/xml/sax/helpers/DefaultHandler.resolveEntity(Ljava/lang/String;Ljava/lang/String;)Lorg/xml/sax/InputSource;",
      "Lorg/xml/sax/helpers/DefaultHandler.startElement(Ljava/lang/String;Ljava/lang/String;Ljava/lang/String;Lorg/xml/sax/Attributes;)V"
    ]
  },
  {
    "frequency": 7,
    "overriddenMethods": [
      "Lorg/xml/sax/helpers/DefaultHandler.characters([CII)V",
      "Lorg/xml/sax/helpers/DefaultHandler.endElement(Ljava/lang/String;Ljava/lang/String;Ljava/lang/String;)V",
      "Lorg/xml/sax/helpers/DefaultHandler.error(Lorg/xml/sax/SAXParseException;)V",
      "Lorg/xml/sax/helpers/DefaultHandler.fatalError(Lorg/xml/sax/SAXParseException;)V",
      "Lorg/xml/sax/helpers/DefaultHandler.setDocumentLocator(Lorg/xml/sax/Locator;)V",
      "Lorg/xml/sax/helpers/DefaultHandler.startElement(Ljava/lang/String;Ljava/lang/String;Ljava/lang/String;Lorg/xml/sax/Attributes;)V"
    ]
  },
  {
    "frequency": 1,
    "overriddenMethods": [
      "Lorg/xml/sax/helpers/DefaultHandler.characters([CII)V",
      "Lorg/xml/sax/helpers/DefaultHandler.endDocument()V",
      "Lorg/xml/sax/helpers/DefaultHandler.endElement(Ljava/lang/String;Ljava/lang/String;Ljava/lang/String;)V",
      "Lorg/xml/sax/helpers/DefaultHandler.ignorableWhitespace([CII)V",
      "Lorg/xml/sax/helpers/DefaultHandler.processingInstruction(Ljava/lang/String;Ljava/lang/String;)V",
      "Lorg/xml/sax/helpers/DefaultHandler.resolveEntity(Ljava/lang/String;Ljava/lang/String;)Lorg/xml/sax/InputSource;",
      "Lorg/xml/sax/helpers/DefaultHandler.setDocumentLocator(Lorg/xml/sax/Locator;)V",
      "Lorg/xml/sax/helpers/DefaultHandler.startDocument()V",
      "Lorg/xml/sax/helpers/DefaultHandler.startElement(Ljava/lang/String;Ljava/lang/String;Ljava/lang/String;Lorg/xml/sax/Attributes;)V"
    ]
  },
  {
    "frequency": 2,
    "overriddenMethods": [
      "Lorg/xml/sax/helpers/DefaultHandler.endElement(Ljava/lang/String;Ljava/lang/String;Ljava/lang/String;)V",
      "Lorg/xml/sax/helpers/DefaultHandler.error(Lorg/xml/sax/SAXParseException;)V",
      "Lorg/xml/sax/helpers/DefaultHandler.fatalError(Lorg/xml/sax/SAXParseException;)V",
      "Lorg/xml/sax/helpers/DefaultHandler.startElement(Ljava/lang/String;Ljava/lang/String;Ljava/lang/String;Lorg/xml/sax/Attributes;)V"
    ]
  },
  {
    "frequency": 1,
    "overriddenMethods": [
      "Lorg/xml/sax/helpers/DefaultHandler.characters([CII)V",
      "Lorg/xml/sax/helpers/DefaultHandler.endDocument()V",
      "Lorg/xml/sax/helpers/DefaultHandler.endElement(Ljava/lang/String;Ljava/lang/String;Ljava/lang/String;)V",
      "Lorg/xml/sax/helpers/DefaultHandler.processingInstruction(Ljava/lang/String;Ljava/lang/String;)V",
      "Lorg/xml/sax/helpers/DefaultHandler.startDocument()V",
      "Lorg/xml/sax/helpers/DefaultHandler.startElement(Ljava/lang/String;Ljava/lang/String;Ljava/lang/String;Lorg/xml/sax/Attributes;)V"
    ]
  },
  {
    "frequency": 40,
    "overriddenMethods": [
      "Lorg/xml/sax/helpers/DefaultHandler.characters([CII)V",
      "Lorg/xml/sax/helpers/DefaultHandler.endElement(Ljava/lang/String;Ljava/lang/String;Ljava/lang/String;)V",
      "Lorg/xml/sax/helpers/DefaultHandler.startDocument()V",
      "Lorg/xml/sax/helpers/DefaultHandler.startElement(Ljava/lang/String;Ljava/lang/String;Ljava/lang/String;Lorg/xml/sax/Attributes;)V"
    ]
  },
  {
    "frequency": 41,
    "overriddenMethods": [
      "Lorg/xml/sax/helpers/DefaultHandler.characters([CII)V",
      "Lorg/xml/sax/helpers/DefaultHandler.endDocument()V",
      "Lorg/xml/sax/helpers/DefaultHandler.endElement(Ljava/lang/String;Ljava/lang/String;Ljava/lang/String;)V",
      "Lorg/xml/sax/helpers/DefaultHandler.endPrefixMapping(Ljava/lang/String;)V",
      "Lorg/xml/sax/helpers/DefaultHandler.error(Lorg/xml/sax/SAXParseException;)V",
      "Lorg/xml/sax/helpers/DefaultHandler.fatalError(Lorg/xml/sax/SAXParseException;)V",
      "Lorg/xml/sax/helpers/DefaultHandler.ignorableWhitespace([CII)V",
      "Lorg/xml/sax/helpers/DefaultHandler.notationDecl(Ljava/lang/String;Ljava/lang/String;Ljava/lang/String;)V",
      "Lorg/xml/sax/helpers/DefaultHandler.processingInstruction(Ljava/lang/String;Ljava/lang/String;)V",
      "Lorg/xml/sax/helpers/DefaultHandler.resolveEntity(Ljava/lang/String;Ljava/lang/String;)Lorg/xml/sax/InputSource;",
      "Lorg/xml/sax/helpers/DefaultHandler.setDocumentLocator(Lorg/xml/sax/Locator;)V",
      "Lorg/xml/sax/helpers/DefaultHandler.skippedEntity(Ljava/lang/String;)V",
      "Lorg/xml/sax/helpers/DefaultHandler.startDocument()V",
      "Lorg/xml/sax/helpers/DefaultHandler.startElement(Ljava/lang/String;Ljava/lang/String;Ljava/lang/String;Lorg/xml/sax/Attributes;)V",
      "Lorg/xml/sax/helpers/DefaultHandler.startPrefixMapping(Ljava/lang/String;Ljava/lang/String;)V",
      "Lorg/xml/sax/helpers/DefaultHandler.unparsedEntityDecl(Ljava/lang/String;Ljava/lang/String;Ljava/lang/String;Ljava/lang/String;)V",
      "Lorg/xml/sax/helpers/DefaultHandler.warning(Lorg/xml/sax/SAXParseException;)V"
    ]
  },
  {
    "frequency": 10,
    "overriddenMethods": [
      "Lorg/xml/sax/helpers/DefaultHandler.characters([CII)V",
      "Lorg/xml/sax/helpers/DefaultHandler.endElement(Ljava/lang/String;Ljava/lang/String;Ljava/lang/String;)V",
      "Lorg/xml/sax/helpers/DefaultHandler.error(Lorg/xml/sax/SAXParseException;)V",
      "Lorg/xml/sax/helpers/DefaultHandler.fatalError(Lorg/xml/sax/SAXParseException;)V",
      "Lorg/xml/sax/helpers/DefaultHandler.setDocumentLocator(Lorg/xml/sax/Locator;)V",
      "Lorg/xml/sax/helpers/DefaultHandler.startElement(Ljava/lang/String;Ljava/lang/String;Ljava/lang/String;Lorg/xml/sax/Attributes;)V",
      "Lorg/xml/sax/helpers/DefaultHandler.warning(Lorg/xml/sax/SAXParseException;)V"
    ]
  },
  {
    "frequency": 1,
    "overriddenMethods": [
      "Lorg/xml/sax/helpers/DefaultHandler.error(Lorg/xml/sax/SAXParseException;)V",
      "Lorg/xml/sax/helpers/DefaultHandler.fatalError(Lorg/xml/sax/SAXParseException;)V"
    ]
  },
  {
    "frequency": 2,
    "overriddenMethods": [
      "Lorg/xml/sax/helpers/DefaultHandler.characters([CII)V",
      "Lorg/xml/sax/helpers/DefaultHandler.startElement(Ljava/lang/String;Ljava/lang/String;Ljava/lang/String;Lorg/xml/sax/Attributes;)V"
    ]
  },
  {
    "frequency": 1,
    "overriddenMethods": [
      "Lorg/xml/sax/helpers/DefaultHandler.characters([CII)V",
      "Lorg/xml/sax/helpers/DefaultHandler.endDocument()V",
      "Lorg/xml/sax/helpers/DefaultHandler.endElement(Ljava/lang/String;Ljava/lang/String;Ljava/lang/String;)V",
      "Lorg/xml/sax/helpers/DefaultHandler.endPrefixMapping(Ljava/lang/String;)V",
      "Lorg/xml/sax/helpers/DefaultHandler.error(Lorg/xml/sax/SAXParseException;)V",
      "Lorg/xml/sax/helpers/DefaultHandler.fatalError(Lorg/xml/sax/SAXParseException;)V",
      "Lorg/xml/sax/helpers/DefaultHandler.startDocument()V",
      "Lorg/xml/sax/helpers/DefaultHandler.startElement(Ljava/lang/String;Ljava/lang/String;Ljava/lang/String;Lorg/xml/sax/Attributes;)V",
      "Lorg/xml/sax/helpers/DefaultHandler.startPrefixMapping(Ljava/lang/String;Ljava/lang/String;)V",
      "Lorg/xml/sax/helpers/DefaultHandler.warning(Lorg/xml/sax/SAXParseException;)V"
    ]
  },
  {
    "frequency": 3,
    "overriddenMethods": [
      "Lorg/xml/sax/helpers/DefaultHandler.characters([CII)V",
      "Lorg/xml/sax/helpers/DefaultHandler.endDocument()V",
      "Lorg/xml/sax/helpers/DefaultHandler.endElement(Ljava/lang/String;Ljava/lang/String;Ljava/lang/String;)V",
      "Lorg/xml/sax/helpers/DefaultHandler.error(Lorg/xml/sax/SAXParseException;)V",
      "Lorg/xml/sax/helpers/DefaultHandler.fatalError(Lorg/xml/sax/SAXParseException;)V",
      "Lorg/xml/sax/helpers/DefaultHandler.ignorableWhitespace([CII)V",
      "Lorg/xml/sax/helpers/DefaultHandler.processingInstruction(Ljava/lang/String;Ljava/lang/String;)V",
      "Lorg/xml/sax/helpers/DefaultHandler.startElement(Ljava/lang/String;Ljava/lang/String;Ljava/lang/String;Lorg/xml/sax/Attributes;)V",
      "Lorg/xml/sax/helpers/DefaultHandler.warning(Lorg/xml/sax/SAXParseException;)V"
    ]
  },
  {
    "frequency": 12,
    "overriddenMethods": [
      "Lorg/xml/sax/helpers/DefaultHandler.resolveEntity(Ljava/lang/String;Ljava/lang/String;)Lorg/xml/sax/InputSource;"
    ]
  },
  {
    "frequency": 2,
    "overriddenMethods": [
      "Lorg/xml/sax/helpers/DefaultHandler.startDocument()V",
      "Lorg/xml/sax/helpers/DefaultHandler.startElement(Ljava/lang/String;Ljava/lang/String;Ljava/lang/String;Lorg/xml/sax/Attributes;)V"
    ]
  },
  {
    "frequency": 2,
    "overriddenMethods": [
      "Lorg/xml/sax/helpers/DefaultHandler.characters([CII)V",
      "Lorg/xml/sax/helpers/DefaultHandler.endElement(Ljava/lang/String;Ljava/lang/String;Ljava/lang/String;)V",
      "Lorg/xml/sax/helpers/DefaultHandler.ignorableWhitespace([CII)V",
      "Lorg/xml/sax/helpers/DefaultHandler.setDocumentLocator(Lorg/xml/sax/Locator;)V",
      "Lorg/xml/sax/helpers/DefaultHandler.startElement(Ljava/lang/String;Ljava/lang/String;Ljava/lang/String;Lorg/xml/sax/Attributes;)V"
    ]
  },
  {
    "frequency": 1,
    "overriddenMethods": [
      "Lorg/xml/sax/helpers/DefaultHandler.characters([CII)V",
      "Lorg/xml/sax/helpers/DefaultHandler.endDocument()V",
      "Lorg/xml/sax/helpers/DefaultHandler.endElement(Ljava/lang/String;Ljava/lang/String;Ljava/lang/String;)V",
      "Lorg/xml/sax/helpers/DefaultHandler.processingInstruction(Ljava/lang/String;Ljava/lang/String;)V",
      "Lorg/xml/sax/helpers/DefaultHandler.setDocumentLocator(Lorg/xml/sax/Locator;)V",
      "Lorg/xml/sax/helpers/DefaultHandler.startDocument()V",
      "Lorg/xml/sax/helpers/DefaultHandler.startElement(Ljava/lang/String;Ljava/lang/String;Ljava/lang/String;Lorg/xml/sax/Attributes;)V"
    ]
  },
  {
    "frequency": 1,
    "overriddenMethods": [
      "Lorg/xml/sax/helpers/DefaultHandler.characters([CII)V",
      "Lorg/xml/sax/helpers/DefaultHandler.endElement(Ljava/lang/String;Ljava/lang/String;Ljava/lang/String;)V",
      "Lorg/xml/sax/helpers/DefaultHandler.error(Lorg/xml/sax/SAXParseException;)V",
      "Lorg/xml/sax/helpers/DefaultHandler.fatalError(Lorg/xml/sax/SAXParseException;)V",
      "Lorg/xml/sax/helpers/DefaultHandler.startDocument()V",
      "Lorg/xml/sax/helpers/DefaultHandler.startElement(Ljava/lang/String;Ljava/lang/String;Ljava/lang/String;Lorg/xml/sax/Attributes;)V",
      "Lorg/xml/sax/helpers/DefaultHandler.warning(Lorg/xml/sax/SAXParseException;)V"
    ]
  },
  {
    "frequency": 5,
    "overriddenMethods": [
      "Lorg/xml/sax/helpers/DefaultHandler.characters([CII)V",
      "Lorg/xml/sax/helpers/DefaultHandler.endElement(Ljava/lang/String;Ljava/lang/String;Ljava/lang/String;)V",
      "Lorg/xml/sax/helpers/DefaultHandler.error(Lorg/xml/sax/SAXParseException;)V",
      "Lorg/xml/sax/helpers/DefaultHandler.startElement(Ljava/lang/String;Ljava/lang/String;Ljava/lang/String;Lorg/xml/sax/Attributes;)V",
      "Lorg/xml/sax/helpers/DefaultHandler.warning(Lorg/xml/sax/SAXParseException;)V"
    ]
  },
  {
    "frequency": 4,
    "overriddenMethods": [
      "Lorg/xml/sax/helpers/DefaultHandler.characters([CII)V",
      "Lorg/xml/sax/helpers/DefaultHandler.endElement(Ljava/lang/String;Ljava/lang/String;Ljava/lang/String;)V",
      "Lorg/xml/sax/helpers/DefaultHandler.error(Lorg/xml/sax/SAXParseException;)V",
      "Lorg/xml/sax/helpers/DefaultHandler.setDocumentLocator(Lorg/xml/sax/Locator;)V",
      "Lorg/xml/sax/helpers/DefaultHandler.startDocument()V",
      "Lorg/xml/sax/helpers/DefaultHandler.startElement(Ljava/lang/String;Ljava/lang/String;Ljava/lang/String;Lorg/xml/sax/Attributes;)V",
      "Lorg/xml/sax/helpers/DefaultHandler.warning(Lorg/xml/sax/SAXParseException;)V"
    ]
  },
  {
    "frequency": 1,
    "overriddenMethods": [
      "Lorg/xml/sax/helpers/DefaultHandler.characters([CII)V",
      "Lorg/xml/sax/helpers/DefaultHandler.endDocument()V",
      "Lorg/xml/sax/helpers/DefaultHandler.endElement(Ljava/lang/String;Ljava/lang/String;Ljava/lang/String;)V",
      "Lorg/xml/sax/helpers/DefaultHandler.error(Lorg/xml/sax/SAXParseException;)V",
      "Lorg/xml/sax/helpers/DefaultHandler.startElement(Ljava/lang/String;Ljava/lang/String;Ljava/lang/String;Lorg/xml/sax/Attributes;)V",
      "Lorg/xml/sax/helpers/DefaultHandler.warning(Lorg/xml/sax/SAXParseException;)V"
    ]
  },
  {
    "frequency": 6,
    "overriddenMethods": [
      "Ljava/lang/Object.toString()Ljava/lang/String;",
      "Lorg/xml/sax/helpers/DefaultHandler.characters([CII)V",
      "Lorg/xml/sax/helpers/DefaultHandler.endDocument()V",
      "Lorg/xml/sax/helpers/DefaultHandler.endElement(Ljava/lang/String;Ljava/lang/String;Ljava/lang/String;)V",
      "Lorg/xml/sax/helpers/DefaultHandler.endPrefixMapping(Ljava/lang/String;)V",
      "Lorg/xml/sax/helpers/DefaultHandler.ignorableWhitespace([CII)V",
      "Lorg/xml/sax/helpers/DefaultHandler.processingInstruction(Ljava/lang/String;Ljava/lang/String;)V",
      "Lorg/xml/sax/helpers/DefaultHandler.setDocumentLocator(Lorg/xml/sax/Locator;)V",
      "Lorg/xml/sax/helpers/DefaultHandler.skippedEntity(Ljava/lang/String;)V",
      "Lorg/xml/sax/helpers/DefaultHandler.startDocument()V",
      "Lorg/xml/sax/helpers/DefaultHandler.startElement(Ljava/lang/String;Ljava/lang/String;Ljava/lang/String;Lorg/xml/sax/Attributes;)V",
      "Lorg/xml/sax/helpers/DefaultHandler.startPrefixMapping(Ljava/lang/String;Ljava/lang/String;)V"
    ]
  },
  {
    "frequency": 24,
    "overriddenMethods": [
      "Lorg/xml/sax/helpers/DefaultHandler.characters([CII)V",
      "Lorg/xml/sax/helpers/DefaultHandler.endElement(Ljava/lang/String;Ljava/lang/String;Ljava/lang/String;)V",
      "Lorg/xml/sax/helpers/DefaultHandler.ignorableWhitespace([CII)V",
      "Lorg/xml/sax/helpers/DefaultHandler.notationDecl(Ljava/lang/String;Ljava/lang/String;Ljava/lang/String;)V",
      "Lorg/xml/sax/helpers/DefaultHandler.processingInstruction(Ljava/lang/String;Ljava/lang/String;)V",
      "Lorg/xml/sax/helpers/DefaultHandler.setDocumentLocator(Lorg/xml/sax/Locator;)V",
      "Lorg/xml/sax/helpers/DefaultHandler.skippedEntity(Ljava/lang/String;)V",
      "Lorg/xml/sax/helpers/DefaultHandler.startDocument()V",
      "Lorg/xml/sax/helpers/DefaultHandler.startElement(Ljava/lang/String;Ljava/lang/String;Ljava/lang/String;Lorg/xml/sax/Attributes;)V",
      "Lorg/xml/sax/helpers/DefaultHandler.startPrefixMapping(Ljava/lang/String;Ljava/lang/String;)V",
      "Lorg/xml/sax/helpers/DefaultHandler.unparsedEntityDecl(Ljava/lang/String;Ljava/lang/String;Ljava/lang/String;Ljava/lang/String;)V"
    ]
  },
  {
    "frequency": 9,
    "overriddenMethods": [
      "Lorg/xml/sax/helpers/DefaultHandler.characters([CII)V",
      "Lorg/xml/sax/helpers/DefaultHandler.error(Lorg/xml/sax/SAXParseException;)V",
      "Lorg/xml/sax/helpers/DefaultHandler.resolveEntity(Ljava/lang/String;Ljava/lang/String;)Lorg/xml/sax/InputSource;"
    ]
  },
  {
    "frequency": 2,
    "overriddenMethods": [
      "Lorg/xml/sax/helpers/DefaultHandler.characters([CII)V",
      "Lorg/xml/sax/helpers/DefaultHandler.endElement(Ljava/lang/String;Ljava/lang/String;Ljava/lang/String;)V",
      "Lorg/xml/sax/helpers/DefaultHandler.ignorableWhitespace([CII)V",
      "Lorg/xml/sax/helpers/DefaultHandler.processingInstruction(Ljava/lang/String;Ljava/lang/String;)V",
      "Lorg/xml/sax/helpers/DefaultHandler.skippedEntity(Ljava/lang/String;)V",
      "Lorg/xml/sax/helpers/DefaultHandler.startElement(Ljava/lang/String;Ljava/lang/String;Ljava/lang/String;Lorg/xml/sax/Attributes;)V",
      "Lorg/xml/sax/helpers/DefaultHandler.startPrefixMapping(Ljava/lang/String;Ljava/lang/String;)V"
    ]
  },
  {
    "frequency": 2,
    "overriddenMethods": [
      "Lorg/xml/sax/helpers/DefaultHandler.characters([CII)V",
      "Lorg/xml/sax/helpers/DefaultHandler.endDocument()V",
      "Lorg/xml/sax/helpers/DefaultHandler.endElement(Ljava/lang/String;Ljava/lang/String;Ljava/lang/String;)V",
      "Lorg/xml/sax/helpers/DefaultHandler.processingInstruction(Ljava/lang/String;Ljava/lang/String;)V",
      "Lorg/xml/sax/helpers/DefaultHandler.resolveEntity(Ljava/lang/String;Ljava/lang/String;)Lorg/xml/sax/InputSource;",
      "Lorg/xml/sax/helpers/DefaultHandler.setDocumentLocator(Lorg/xml/sax/Locator;)V",
      "Lorg/xml/sax/helpers/DefaultHandler.startDocument()V",
      "Lorg/xml/sax/helpers/DefaultHandler.startElement(Ljava/lang/String;Ljava/lang/String;Ljava/lang/String;Lorg/xml/sax/Attributes;)V"
    ]
  },
  {
    "frequency": 3,
    "overriddenMethods": [
      "Lorg/xml/sax/helpers/DefaultHandler.setDocumentLocator(Lorg/xml/sax/Locator;)V",
      "Lorg/xml/sax/helpers/DefaultHandler.startElement(Ljava/lang/String;Ljava/lang/String;Ljava/lang/String;Lorg/xml/sax/Attributes;)V"
    ]
  },
  {
    "frequency": 2,
    "overriddenMethods": [
      "Lorg/xml/sax/helpers/DefaultHandler.startDocument()V"
    ]
  },
  {
    "frequency": 42,
    "overriddenMethods": [
      "Lorg/xml/sax/helpers/DefaultHandler.error(Lorg/xml/sax/SAXParseException;)V"
    ]
  },
  {
    "frequency": 1,
    "overriddenMethods": [
      "Lorg/xml/sax/helpers/DefaultHandler.endElement(Ljava/lang/String;Ljava/lang/String;Ljava/lang/String;)V",
      "Lorg/xml/sax/helpers/DefaultHandler.error(Lorg/xml/sax/SAXParseException;)V",
      "Lorg/xml/sax/helpers/DefaultHandler.startElement(Ljava/lang/String;Ljava/lang/String;Ljava/lang/String;Lorg/xml/sax/Attributes;)V"
    ]
  },
  {
    "frequency": 7,
    "overriddenMethods": [
      "Lorg/xml/sax/helpers/DefaultHandler.characters([CII)V",
      "Lorg/xml/sax/helpers/DefaultHandler.endDocument()V",
      "Lorg/xml/sax/helpers/DefaultHandler.endElement(Ljava/lang/String;Ljava/lang/String;Ljava/lang/String;)V",
      "Lorg/xml/sax/helpers/DefaultHandler.error(Lorg/xml/sax/SAXParseException;)V",
      "Lorg/xml/sax/helpers/DefaultHandler.fatalError(Lorg/xml/sax/SAXParseException;)V",
      "Lorg/xml/sax/helpers/DefaultHandler.setDocumentLocator(Lorg/xml/sax/Locator;)V",
      "Lorg/xml/sax/helpers/DefaultHandler.startDocument()V",
      "Lorg/xml/sax/helpers/DefaultHandler.startElement(Ljava/lang/String;Ljava/lang/String;Ljava/lang/String;Lorg/xml/sax/Attributes;)V",
      "Lorg/xml/sax/helpers/DefaultHandler.warning(Lorg/xml/sax/SAXParseException;)V"
    ]
  },
  {
    "frequency": 1,
    "overriddenMethods": [
      "Lorg/xml/sax/helpers/DefaultHandler.endElement(Ljava/lang/String;Ljava/lang/String;Ljava/lang/String;)V",
      "Lorg/xml/sax/helpers/DefaultHandler.startDocument()V",
      "Lorg/xml/sax/helpers/DefaultHandler.startElement(Ljava/lang/String;Ljava/lang/String;Ljava/lang/String;Lorg/xml/sax/Attributes;)V"
    ]
  },
  {
    "frequency": 4,
    "overriddenMethods": [
      "Lorg/xml/sax/helpers/DefaultHandler.characters([CII)V",
      "Lorg/xml/sax/helpers/DefaultHandler.endElement(Ljava/lang/String;Ljava/lang/String;Ljava/lang/String;)V",
      "Lorg/xml/sax/helpers/DefaultHandler.error(Lorg/xml/sax/SAXParseException;)V",
      "Lorg/xml/sax/helpers/DefaultHandler.fatalError(Lorg/xml/sax/SAXParseException;)V",
      "Lorg/xml/sax/helpers/DefaultHandler.resolveEntity(Ljava/lang/String;Ljava/lang/String;)Lorg/xml/sax/InputSource;",
      "Lorg/xml/sax/helpers/DefaultHandler.startElement(Ljava/lang/String;Ljava/lang/String;Ljava/lang/String;Lorg/xml/sax/Attributes;)V",
      "Lorg/xml/sax/helpers/DefaultHandler.warning(Lorg/xml/sax/SAXParseException;)V"
    ]
  },
  {
    "frequency": 13,
    "overriddenMethods": [
      "Lorg/xml/sax/helpers/DefaultHandler.characters([CII)V",
      "Lorg/xml/sax/helpers/DefaultHandler.endDocument()V",
      "Lorg/xml/sax/helpers/DefaultHandler.endElement(Ljava/lang/String;Ljava/lang/String;Ljava/lang/String;)V",
      "Lorg/xml/sax/helpers/DefaultHandler.startDocument()V",
      "Lorg/xml/sax/helpers/DefaultHandler.startElement(Ljava/lang/String;Ljava/lang/String;Ljava/lang/String;Lorg/xml/sax/Attributes;)V",
      "Lorg/xml/sax/helpers/DefaultHandler.startPrefixMapping(Ljava/lang/String;Ljava/lang/String;)V"
    ]
  },
  {
    "frequency": 4,
    "overriddenMethods": [
      "Lorg/xml/sax/helpers/DefaultHandler.characters([CII)V",
      "Lorg/xml/sax/helpers/DefaultHandler.endElement(Ljava/lang/String;Ljava/lang/String;Ljava/lang/String;)V",
      "Lorg/xml/sax/helpers/DefaultHandler.endPrefixMapping(Ljava/lang/String;)V",
      "Lorg/xml/sax/helpers/DefaultHandler.ignorableWhitespace([CII)V",
      "Lorg/xml/sax/helpers/DefaultHandler.setDocumentLocator(Lorg/xml/sax/Locator;)V",
      "Lorg/xml/sax/helpers/DefaultHandler.startElement(Ljava/lang/String;Ljava/lang/String;Ljava/lang/String;Lorg/xml/sax/Attributes;)V",
      "Lorg/xml/sax/helpers/DefaultHandler.startPrefixMapping(Ljava/lang/String;Ljava/lang/String;)V"
    ]
  },
  {
    "frequency": 78,
    "overriddenMethods": [
      "Lorg/xml/sax/helpers/DefaultHandler.characters([CII)V",
      "Lorg/xml/sax/helpers/DefaultHandler.endDocument()V",
      "Lorg/xml/sax/helpers/DefaultHandler.endElement(Ljava/lang/String;Ljava/lang/String;Ljava/lang/String;)V",
      "Lorg/xml/sax/helpers/DefaultHandler.startDocument()V",
      "Lorg/xml/sax/helpers/DefaultHandler.startElement(Ljava/lang/String;Ljava/lang/String;Ljava/lang/String;Lorg/xml/sax/Attributes;)V"
    ]
  },
  {
    "frequency": 1,
    "overriddenMethods": [
      "Lorg/xml/sax/helpers/DefaultHandler.characters([CII)V",
      "Lorg/xml/sax/helpers/DefaultHandler.endElement(Ljava/lang/String;Ljava/lang/String;Ljava/lang/String;)V",
      "Lorg/xml/sax/helpers/DefaultHandler.setDocumentLocator(Lorg/xml/sax/Locator;)V",
      "Lorg/xml/sax/helpers/DefaultHandler.skippedEntity(Ljava/lang/String;)V",
      "Lorg/xml/sax/helpers/DefaultHandler.startElement(Ljava/lang/String;Ljava/lang/String;Ljava/lang/String;Lorg/xml/sax/Attributes;)V",
      "Lorg/xml/sax/helpers/DefaultHandler.startPrefixMapping(Ljava/lang/String;Ljava/lang/String;)V"
    ]
  },
  {
    "frequency": 1,
    "overriddenMethods": [
      "Lorg/xml/sax/helpers/DefaultHandler.characters([CII)V",
      "Lorg/xml/sax/helpers/DefaultHandler.endDocument()V",
      "Lorg/xml/sax/helpers/DefaultHandler.endElement(Ljava/lang/String;Ljava/lang/String;Ljava/lang/String;)V",
      "Lorg/xml/sax/helpers/DefaultHandler.error(Lorg/xml/sax/SAXParseException;)V",
      "Lorg/xml/sax/helpers/DefaultHandler.fatalError(Lorg/xml/sax/SAXParseException;)V",
      "Lorg/xml/sax/helpers/DefaultHandler.ignorableWhitespace([CII)V",
      "Lorg/xml/sax/helpers/DefaultHandler.startElement(Ljava/lang/String;Ljava/lang/String;Ljava/lang/String;Lorg/xml/sax/Attributes;)V",
      "Lorg/xml/sax/helpers/DefaultHandler.warning(Lorg/xml/sax/SAXParseException;)V"
    ]
  },
  {
    "frequency": 16,
    "overriddenMethods": [
      "Lorg/xml/sax/helpers/DefaultHandler.characters([CII)V",
      "Lorg/xml/sax/helpers/DefaultHandler.endElement(Ljava/lang/String;Ljava/lang/String;Ljava/lang/String;)V",
      "Lorg/xml/sax/helpers/DefaultHandler.setDocumentLocator(Lorg/xml/sax/Locator;)V",
      "Lorg/xml/sax/helpers/DefaultHandler.startElement(Ljava/lang/String;Ljava/lang/String;Ljava/lang/String;Lorg/xml/sax/Attributes;)V"
    ]
  },
  {
    "frequency": 3,
    "overriddenMethods": [
      "Lorg/xml/sax/helpers/DefaultHandler.characters([CII)V",
      "Lorg/xml/sax/helpers/DefaultHandler.endDocument()V",
      "Lorg/xml/sax/helpers/DefaultHandler.endElement(Ljava/lang/String;Ljava/lang/String;Ljava/lang/String;)V",
      "Lorg/xml/sax/helpers/DefaultHandler.error(Lorg/xml/sax/SAXParseException;)V",
      "Lorg/xml/sax/helpers/DefaultHandler.fatalError(Lorg/xml/sax/SAXParseException;)V",
      "Lorg/xml/sax/helpers/DefaultHandler.setDocumentLocator(Lorg/xml/sax/Locator;)V",
      "Lorg/xml/sax/helpers/DefaultHandler.startElement(Ljava/lang/String;Ljava/lang/String;Ljava/lang/String;Lorg/xml/sax/Attributes;)V",
      "Lorg/xml/sax/helpers/DefaultHandler.startPrefixMapping(Ljava/lang/String;Ljava/lang/String;)V",
      "Lorg/xml/sax/helpers/DefaultHandler.warning(Lorg/xml/sax/SAXParseException;)V"
    ]
  },
  {
    "frequency": 18,
    "overriddenMethods": [
      "Lorg/xml/sax/helpers/DefaultHandler.characters([CII)V",
      "Lorg/xml/sax/helpers/DefaultHandler.endElement(Ljava/lang/String;Ljava/lang/String;Ljava/lang/String;)V",
      "Lorg/xml/sax/helpers/DefaultHandler.processingInstruction(Ljava/lang/String;Ljava/lang/String;)V",
      "Lorg/xml/sax/helpers/DefaultHandler.startElement(Ljava/lang/String;Ljava/lang/String;Ljava/lang/String;Lorg/xml/sax/Attributes;)V"
    ]
  },
  {
    "frequency": 4,
    "overriddenMethods": [
      "Lorg/xml/sax/helpers/DefaultHandler.endElement(Ljava/lang/String;Ljava/lang/String;Ljava/lang/String;)V",
      "Lorg/xml/sax/helpers/DefaultHandler.resolveEntity(Ljava/lang/String;Ljava/lang/String;)Lorg/xml/sax/InputSource;"
    ]
  },
  {
    "frequency": 9,
    "overriddenMethods": [
      "Lorg/xml/sax/helpers/DefaultHandler.characters([CII)V",
      "Lorg/xml/sax/helpers/DefaultHandler.endDocument()V",
      "Lorg/xml/sax/helpers/DefaultHandler.endElement(Ljava/lang/String;Ljava/lang/String;Ljava/lang/String;)V",
      "Lorg/xml/sax/helpers/DefaultHandler.endPrefixMapping(Ljava/lang/String;)V",
      "Lorg/xml/sax/helpers/DefaultHandler.ignorableWhitespace([CII)V",
      "Lorg/xml/sax/helpers/DefaultHandler.skippedEntity(Ljava/lang/String;)V",
      "Lorg/xml/sax/helpers/DefaultHandler.startDocument()V",
      "Lorg/xml/sax/helpers/DefaultHandler.startElement(Ljava/lang/String;Ljava/lang/String;Ljava/lang/String;Lorg/xml/sax/Attributes;)V",
      "Lorg/xml/sax/helpers/DefaultHandler.startPrefixMapping(Ljava/lang/String;Ljava/lang/String;)V"
    ]
  },
  {
    "frequency": 4,
    "overriddenMethods": [
      "Lorg/xml/sax/helpers/DefaultHandler.characters([CII)V",
      "Lorg/xml/sax/helpers/DefaultHandler.endElement(Ljava/lang/String;Ljava/lang/String;Ljava/lang/String;)V",
      "Lorg/xml/sax/helpers/DefaultHandler.error(Lorg/xml/sax/SAXParseException;)V",
      "Lorg/xml/sax/helpers/DefaultHandler.fatalError(Lorg/xml/sax/SAXParseException;)V",
      "Lorg/xml/sax/helpers/DefaultHandler.setDocumentLocator(Lorg/xml/sax/Locator;)V",
      "Lorg/xml/sax/helpers/DefaultHandler.startDocument()V",
      "Lorg/xml/sax/helpers/DefaultHandler.startElement(Ljava/lang/String;Ljava/lang/String;Ljava/lang/String;Lorg/xml/sax/Attributes;)V",
      "Lorg/xml/sax/helpers/DefaultHandler.warning(Lorg/xml/sax/SAXParseException;)V"
    ]
  },
  {
    "frequency": 2,
    "overriddenMethods": [
      "Lorg/xml/sax/helpers/DefaultHandler.setDocumentLocator(Lorg/xml/sax/Locator;)V",
      "Lorg/xml/sax/helpers/DefaultHandler.startElement(Ljava/lang/String;Ljava/lang/String;Ljava/lang/String;Lorg/xml/sax/Attributes;)V",
      "Lorg/xml/sax/helpers/DefaultHandler.startPrefixMapping(Ljava/lang/String;Ljava/lang/String;)V"
    ]
  },
  {
    "frequency": 10,
    "overriddenMethods": [
      "Lorg/xml/sax/helpers/DefaultHandler.characters([CII)V",
      "Lorg/xml/sax/helpers/DefaultHandler.endDocument()V",
      "Lorg/xml/sax/helpers/DefaultHandler.endElement(Ljava/lang/String;Ljava/lang/String;Ljava/lang/String;)V",
      "Lorg/xml/sax/helpers/DefaultHandler.endPrefixMapping(Ljava/lang/String;)V",
      "Lorg/xml/sax/helpers/DefaultHandler.error(Lorg/xml/sax/SAXParseException;)V",
      "Lorg/xml/sax/helpers/DefaultHandler.fatalError(Lorg/xml/sax/SAXParseException;)V",
      "Lorg/xml/sax/helpers/DefaultHandler.notationDecl(Ljava/lang/String;Ljava/lang/String;Ljava/lang/String;)V",
      "Lorg/xml/sax/helpers/DefaultHandler.processingInstruction(Ljava/lang/String;Ljava/lang/String;)V",
      "Lorg/xml/sax/helpers/DefaultHandler.setDocumentLocator(Lorg/xml/sax/Locator;)V",
      "Lorg/xml/sax/helpers/DefaultHandler.startDocument()V",
      "Lorg/xml/sax/helpers/DefaultHandler.startElement(Ljava/lang/String;Ljava/lang/String;Ljava/lang/String;Lorg/xml/sax/Attributes;)V",
      "Lorg/xml/sax/helpers/DefaultHandler.startPrefixMapping(Ljava/lang/String;Ljava/lang/String;)V",
      "Lorg/xml/sax/helpers/DefaultHandler.unparsedEntityDecl(Ljava/lang/String;Ljava/lang/String;Ljava/lang/String;Ljava/lang/String;)V",
      "Lorg/xml/sax/helpers/DefaultHandler.warning(Lorg/xml/sax/SAXParseException;)V"
    ]
  },
  {
    "frequency": 3,
    "overriddenMethods": [
      "Ljava/lang/Object.toString()Ljava/lang/String;",
      "Lorg/xml/sax/helpers/DefaultHandler.characters([CII)V",
      "Lorg/xml/sax/helpers/DefaultHandler.endDocument()V",
      "Lorg/xml/sax/helpers/DefaultHandler.ignorableWhitespace([CII)V",
      "Lorg/xml/sax/helpers/DefaultHandler.startDocument()V"
    ]
  },
  {
    "frequency": 11,
    "overriddenMethods": [
      "Lorg/xml/sax/helpers/DefaultHandler.endDocument()V",
      "Lorg/xml/sax/helpers/DefaultHandler.endElement(Ljava/lang/String;Ljava/lang/String;Ljava/lang/String;)V",
      "Lorg/xml/sax/helpers/DefaultHandler.error(Lorg/xml/sax/SAXParseException;)V",
      "Lorg/xml/sax/helpers/DefaultHandler.fatalError(Lorg/xml/sax/SAXParseException;)V",
      "Lorg/xml/sax/helpers/DefaultHandler.processingInstruction(Ljava/lang/String;Ljava/lang/String;)V",
      "Lorg/xml/sax/helpers/DefaultHandler.setDocumentLocator(Lorg/xml/sax/Locator;)V",
      "Lorg/xml/sax/helpers/DefaultHandler.startDocument()V",
      "Lorg/xml/sax/helpers/DefaultHandler.startElement(Ljava/lang/String;Ljava/lang/String;Ljava/lang/String;Lorg/xml/sax/Attributes;)V",
      "Lorg/xml/sax/helpers/DefaultHandler.warning(Lorg/xml/sax/SAXParseException;)V"
    ]
  },
  {
    "frequency": 1,
    "overriddenMethods": [
      "Lorg/xml/sax/helpers/DefaultHandler.characters([CII)V",
      "Lorg/xml/sax/helpers/DefaultHandler.endElement(Ljava/lang/String;Ljava/lang/String;Ljava/lang/String;)V",
      "Lorg/xml/sax/helpers/DefaultHandler.ignorableWhitespace([CII)V",
      "Lorg/xml/sax/helpers/DefaultHandler.resolveEntity(Ljava/lang/String;Ljava/lang/String;)Lorg/xml/sax/InputSource;",
      "Lorg/xml/sax/helpers/DefaultHandler.startElement(Ljava/lang/String;Ljava/lang/String;Ljava/lang/String;Lorg/xml/sax/Attributes;)V"
    ]
  },
  {
    "frequency": 7,
    "overriddenMethods": [
      "Lorg/xml/sax/helpers/DefaultHandler.characters([CII)V",
      "Lorg/xml/sax/helpers/DefaultHandler.endDocument()V",
      "Lorg/xml/sax/helpers/DefaultHandler.endElement(Ljava/lang/String;Ljava/lang/String;Ljava/lang/String;)V",
      "Lorg/xml/sax/helpers/DefaultHandler.error(Lorg/xml/sax/SAXParseException;)V",
      "Lorg/xml/sax/helpers/DefaultHandler.fatalError(Lorg/xml/sax/SAXParseException;)V",
      "Lorg/xml/sax/helpers/DefaultHandler.startDocument()V",
      "Lorg/xml/sax/helpers/DefaultHandler.startElement(Ljava/lang/String;Ljava/lang/String;Ljava/lang/String;Lorg/xml/sax/Attributes;)V",
      "Lorg/xml/sax/helpers/DefaultHandler.warning(Lorg/xml/sax/SAXParseException;)V"
    ]
  },
  {
    "frequency": 1,
    "overriddenMethods": [
      "Lorg/xml/sax/helpers/DefaultHandler.characters([CII)V",
      "Lorg/xml/sax/helpers/DefaultHandler.endDocument()V",
      "Lorg/xml/sax/helpers/DefaultHandler.endElement(Ljava/lang/String;Ljava/lang/String;Ljava/lang/String;)V",
      "Lorg/xml/sax/helpers/DefaultHandler.ignorableWhitespace([CII)V",
      "Lorg/xml/sax/helpers/DefaultHandler.startElement(Ljava/lang/String;Ljava/lang/String;Ljava/lang/String;Lorg/xml/sax/Attributes;)V"
    ]
  },
  {
    "frequency": 1,
    "overriddenMethods": [
      "Lorg/xml/sax/helpers/DefaultHandler.error(Lorg/xml/sax/SAXParseException;)V",
      "Lorg/xml/sax/helpers/DefaultHandler.startElement(Ljava/lang/String;Ljava/lang/String;Ljava/lang/String;Lorg/xml/sax/Attributes;)V"
    ]
  },
  {
    "frequency": 18,
    "overriddenMethods": [
      "Lorg/xml/sax/helpers/DefaultHandler.characters([CII)V",
      "Lorg/xml/sax/helpers/DefaultHandler.endDocument()V",
      "Lorg/xml/sax/helpers/DefaultHandler.endElement(Ljava/lang/String;Ljava/lang/String;Ljava/lang/String;)V",
      "Lorg/xml/sax/helpers/DefaultHandler.endPrefixMapping(Ljava/lang/String;)V",
      "Lorg/xml/sax/helpers/DefaultHandler.ignorableWhitespace([CII)V",
      "Lorg/xml/sax/helpers/DefaultHandler.processingInstruction(Ljava/lang/String;Ljava/lang/String;)V",
      "Lorg/xml/sax/helpers/DefaultHandler.resolveEntity(Ljava/lang/String;Ljava/lang/String;)Lorg/xml/sax/InputSource;",
      "Lorg/xml/sax/helpers/DefaultHandler.setDocumentLocator(Lorg/xml/sax/Locator;)V",
      "Lorg/xml/sax/helpers/DefaultHandler.skippedEntity(Ljava/lang/String;)V",
      "Lorg/xml/sax/helpers/DefaultHandler.startDocument()V",
      "Lorg/xml/sax/helpers/DefaultHandler.startElement(Ljava/lang/String;Ljava/lang/String;Ljava/lang/String;Lorg/xml/sax/Attributes;)V",
      "Lorg/xml/sax/helpers/DefaultHandler.startPrefixMapping(Ljava/lang/String;Ljava/lang/String;)V"
    ]
  },
  {
    "frequency": 1,
    "overriddenMethods": [
      "Lorg/xml/sax/helpers/DefaultHandler.characters([CII)V",
      "Lorg/xml/sax/helpers/DefaultHandler.startElement(Ljava/lang/String;Ljava/lang/String;Ljava/lang/String;Lorg/xml/sax/Attributes;)V",
      "Lorg/xml/sax/helpers/DefaultHandler.startPrefixMapping(Ljava/lang/String;Ljava/lang/String;)V"
    ]
  },
  {
    "frequency": 10,
    "overriddenMethods": [
      "Lorg/xml/sax/helpers/DefaultHandler.error(Lorg/xml/sax/SAXParseException;)V",
      "Lorg/xml/sax/helpers/DefaultHandler.fatalError(Lorg/xml/sax/SAXParseException;)V",
      "Lorg/xml/sax/helpers/DefaultHandler.warning(Lorg/xml/sax/SAXParseException;)V"
    ]
  },
  {
    "frequency": 2,
    "overriddenMethods": [
      "Lorg/xml/sax/helpers/DefaultHandler.characters([CII)V",
      "Lorg/xml/sax/helpers/DefaultHandler.endDocument()V",
      "Lorg/xml/sax/helpers/DefaultHandler.ignorableWhitespace([CII)V",
      "Lorg/xml/sax/helpers/DefaultHandler.startDocument()V"
    ]
  },
  {
    "frequency": 4,
    "overriddenMethods": [
      "Lorg/xml/sax/helpers/DefaultHandler.endDocument()V",
      "Lorg/xml/sax/helpers/DefaultHandler.endElement(Ljava/lang/String;Ljava/lang/String;Ljava/lang/String;)V",
      "Lorg/xml/sax/helpers/DefaultHandler.startElement(Ljava/lang/String;Ljava/lang/String;Ljava/lang/String;Lorg/xml/sax/Attributes;)V"
    ]
  },
  {
    "frequency": 19,
    "overriddenMethods": [
      "Lorg/xml/sax/helpers/DefaultHandler.processingInstruction(Ljava/lang/String;Ljava/lang/String;)V",
      "Lorg/xml/sax/helpers/DefaultHandler.startElement(Ljava/lang/String;Ljava/lang/String;Ljava/lang/String;Lorg/xml/sax/Attributes;)V"
    ]
  },
  {
    "frequency": 1,
    "overriddenMethods": [
      "Lorg/xml/sax/helpers/DefaultHandler.characters([CII)V",
      "Lorg/xml/sax/helpers/DefaultHandler.endElement(Ljava/lang/String;Ljava/lang/String;Ljava/lang/String;)V",
      "Lorg/xml/sax/helpers/DefaultHandler.setDocumentLocator(Lorg/xml/sax/Locator;)V",
      "Lorg/xml/sax/helpers/DefaultHandler.startElement(Ljava/lang/String;Ljava/lang/String;Ljava/lang/String;Lorg/xml/sax/Attributes;)V",
      "Lorg/xml/sax/helpers/DefaultHandler.startPrefixMapping(Ljava/lang/String;Ljava/lang/String;)V"
    ]
  },
  {
    "frequency": 4,
    "overriddenMethods": [
      "Lorg/xml/sax/helpers/DefaultHandler.endDocument()V",
      "Lorg/xml/sax/helpers/DefaultHandler.endElement(Ljava/lang/String;Ljava/lang/String;Ljava/lang/String;)V",
      "Lorg/xml/sax/helpers/DefaultHandler.startDocument()V",
      "Lorg/xml/sax/helpers/DefaultHandler.startElement(Ljava/lang/String;Ljava/lang/String;Ljava/lang/String;Lorg/xml/sax/Attributes;)V"
    ]
  },
  {
    "frequency": 7,
    "overriddenMethods": [
      "Lorg/xml/sax/helpers/DefaultHandler.characters([CII)V",
      "Lorg/xml/sax/helpers/DefaultHandler.endDocument()V",
      "Lorg/xml/sax/helpers/DefaultHandler.ignorableWhitespace([CII)V",
      "Lorg/xml/sax/helpers/DefaultHandler.startDocument()V",
      "Lorg/xml/sax/helpers/DefaultHandler.startElement(Ljava/lang/String;Ljava/lang/String;Ljava/lang/String;Lorg/xml/sax/Attributes;)V"
    ]
  },
  {
    "frequency": 241,
    "overriddenMethods": [
      "Lorg/xml/sax/helpers/DefaultHandler.characters([CII)V",
      "Lorg/xml/sax/helpers/DefaultHandler.endElement(Ljava/lang/String;Ljava/lang/String;Ljava/lang/String;)V",
      "Lorg/xml/sax/helpers/DefaultHandler.startElement(Ljava/lang/String;Ljava/lang/String;Ljava/lang/String;Lorg/xml/sax/Attributes;)V"
    ]
  },
  {
    "frequency": 6,
    "overriddenMethods": [
      "Lorg/xml/sax/helpers/DefaultHandler.resolveEntity(Ljava/lang/String;Ljava/lang/String;)Lorg/xml/sax/InputSource;",
      "Lorg/xml/sax/helpers/DefaultHandler.startElement(Ljava/lang/String;Ljava/lang/String;Ljava/lang/String;Lorg/xml/sax/Attributes;)V"
    ]
  },
  {
    "frequency": 10,
    "overriddenMethods": [
      "Lorg/xml/sax/helpers/DefaultHandler.characters([CII)V",
      "Lorg/xml/sax/helpers/DefaultHandler.endElement(Ljava/lang/String;Ljava/lang/String;Ljava/lang/String;)V",
      "Lorg/xml/sax/helpers/DefaultHandler.error(Lorg/xml/sax/SAXParseException;)V",
      "Lorg/xml/sax/helpers/DefaultHandler.fatalError(Lorg/xml/sax/SAXParseException;)V",
      "Lorg/xml/sax/helpers/DefaultHandler.ignorableWhitespace([CII)V",
      "Lorg/xml/sax/helpers/DefaultHandler.processingInstruction(Ljava/lang/String;Ljava/lang/String;)V",
      "Lorg/xml/sax/helpers/DefaultHandler.setDocumentLocator(Lorg/xml/sax/Locator;)V",
      "Lorg/xml/sax/helpers/DefaultHandler.startDocument()V",
      "Lorg/xml/sax/helpers/DefaultHandler.startElement(Ljava/lang/String;Ljava/lang/String;Ljava/lang/String;Lorg/xml/sax/Attributes;)V",
      "Lorg/xml/sax/helpers/DefaultHandler.warning(Lorg/xml/sax/SAXParseException;)V"
    ]
  },
  {
    "frequency": 2,
    "overriddenMethods": [
      "Lorg/xml/sax/helpers/DefaultHandler.characters([CII)V",
      "Lorg/xml/sax/helpers/DefaultHandler.ignorableWhitespace([CII)V"
    ]
  },
  {
    "frequency": 2,
    "overriddenMethods": [
      "Lorg/xml/sax/helpers/DefaultHandler.characters([CII)V",
      "Lorg/xml/sax/helpers/DefaultHandler.endDocument()V",
      "Lorg/xml/sax/helpers/DefaultHandler.endElement(Ljava/lang/String;Ljava/lang/String;Ljava/lang/String;)V",
      "Lorg/xml/sax/helpers/DefaultHandler.processingInstruction(Ljava/lang/String;Ljava/lang/String;)V",
      "Lorg/xml/sax/helpers/DefaultHandler.resolveEntity(Ljava/lang/String;Ljava/lang/String;)Lorg/xml/sax/InputSource;",
      "Lorg/xml/sax/helpers/DefaultHandler.startDocument()V",
      "Lorg/xml/sax/helpers/DefaultHandler.startElement(Ljava/lang/String;Ljava/lang/String;Ljava/lang/String;Lorg/xml/sax/Attributes;)V"
    ]
  },
  {
    "frequency": 1,
    "overriddenMethods": [
      "Ljava/lang/Object.toString()Ljava/lang/String;"
    ]
  },
  {
    "frequency": 1,
    "overriddenMethods": [
      "Lorg/xml/sax/helpers/DefaultHandler.characters([CII)V",
      "Lorg/xml/sax/helpers/DefaultHandler.endDocument()V",
      "Lorg/xml/sax/helpers/DefaultHandler.endElement(Ljava/lang/String;Ljava/lang/String;Ljava/lang/String;)V",
      "Lorg/xml/sax/helpers/DefaultHandler.resolveEntity(Ljava/lang/String;Ljava/lang/String;)Lorg/xml/sax/InputSource;",
      "Lorg/xml/sax/helpers/DefaultHandler.setDocumentLocator(Lorg/xml/sax/Locator;)V",
      "Lorg/xml/sax/helpers/DefaultHandler.startDocument()V",
      "Lorg/xml/sax/helpers/DefaultHandler.startElement(Ljava/lang/String;Ljava/lang/String;Ljava/lang/String;Lorg/xml/sax/Attributes;)V",
      "Lorg/xml/sax/helpers/DefaultHandler.startPrefixMapping(Ljava/lang/String;Ljava/lang/String;)V"
    ]
  },
  {
    "frequency": 6,
    "overriddenMethods": [
      "Lorg/xml/sax/helpers/DefaultHandler.characters([CII)V",
      "Lorg/xml/sax/helpers/DefaultHandler.endDocument()V",
      "Lorg/xml/sax/helpers/DefaultHandler.endElement(Ljava/lang/String;Ljava/lang/String;Ljava/lang/String;)V",
      "Lorg/xml/sax/helpers/DefaultHandler.endPrefixMapping(Ljava/lang/String;)V",
      "Lorg/xml/sax/helpers/DefaultHandler.fatalError(Lorg/xml/sax/SAXParseException;)V",
      "Lorg/xml/sax/helpers/DefaultHandler.ignorableWhitespace([CII)V",
      "Lorg/xml/sax/helpers/DefaultHandler.processingInstruction(Ljava/lang/String;Ljava/lang/String;)V",
      "Lorg/xml/sax/helpers/DefaultHandler.resolveEntity(Ljava/lang/String;Ljava/lang/String;)Lorg/xml/sax/InputSource;",
      "Lorg/xml/sax/helpers/DefaultHandler.setDocumentLocator(Lorg/xml/sax/Locator;)V",
      "Lorg/xml/sax/helpers/DefaultHandler.startDocument()V",
      "Lorg/xml/sax/helpers/DefaultHandler.startElement(Ljava/lang/String;Ljava/lang/String;Ljava/lang/String;Lorg/xml/sax/Attributes;)V",
      "Lorg/xml/sax/helpers/DefaultHandler.startPrefixMapping(Ljava/lang/String;Ljava/lang/String;)V"
    ]
  },
  {
    "frequency": 1,
    "overriddenMethods": [
      "Lorg/xml/sax/helpers/DefaultHandler.characters([CII)V",
      "Lorg/xml/sax/helpers/DefaultHandler.endDocument()V",
      "Lorg/xml/sax/helpers/DefaultHandler.endElement(Ljava/lang/String;Ljava/lang/String;Ljava/lang/String;)V",
      "Lorg/xml/sax/helpers/DefaultHandler.endPrefixMapping(Ljava/lang/String;)V",
      "Lorg/xml/sax/helpers/DefaultHandler.ignorableWhitespace([CII)V",
      "Lorg/xml/sax/helpers/DefaultHandler.processingInstruction(Ljava/lang/String;Ljava/lang/String;)V",
      "Lorg/xml/sax/helpers/DefaultHandler.setDocumentLocator(Lorg/xml/sax/Locator;)V",
      "Lorg/xml/sax/helpers/DefaultHandler.skippedEntity(Ljava/lang/String;)V",
      "Lorg/xml/sax/helpers/DefaultHandler.startDocument()V",
      "Lorg/xml/sax/helpers/DefaultHandler.startElement(Ljava/lang/String;Ljava/lang/String;Ljava/lang/String;Lorg/xml/sax/Attributes;)V",
      "Lorg/xml/sax/helpers/DefaultHandler.startPrefixMapping(Ljava/lang/String;Ljava/lang/String;)V",
      "Lorg/xml/sax/helpers/DefaultHandler.unparsedEntityDecl(Ljava/lang/String;Ljava/lang/String;Ljava/lang/String;Ljava/lang/String;)V"
    ]
  },
  {
    "frequency": 2,
    "overriddenMethods": [
      "Lorg/xml/sax/helpers/DefaultHandler.endDocument()V",
      "Lorg/xml/sax/helpers/DefaultHandler.error(Lorg/xml/sax/SAXParseException;)V",
      "Lorg/xml/sax/helpers/DefaultHandler.fatalError(Lorg/xml/sax/SAXParseException;)V",
      "Lorg/xml/sax/helpers/DefaultHandler.startElement(Ljava/lang/String;Ljava/lang/String;Ljava/lang/String;Lorg/xml/sax/Attributes;)V"
    ]
  },
  {
    "frequency": 5,
    "overriddenMethods": [
      "Lorg/xml/sax/helpers/DefaultHandler.characters([CII)V",
      "Lorg/xml/sax/helpers/DefaultHandler.endDocument()V",
      "Lorg/xml/sax/helpers/DefaultHandler.endElement(Ljava/lang/String;Ljava/lang/String;Ljava/lang/String;)V",
      "Lorg/xml/sax/helpers/DefaultHandler.error(Lorg/xml/sax/SAXParseException;)V",
      "Lorg/xml/sax/helpers/DefaultHandler.fatalError(Lorg/xml/sax/SAXParseException;)V",
      "Lorg/xml/sax/helpers/DefaultHandler.processingInstruction(Ljava/lang/String;Ljava/lang/String;)V",
      "Lorg/xml/sax/helpers/DefaultHandler.setDocumentLocator(Lorg/xml/sax/Locator;)V",
      "Lorg/xml/sax/helpers/DefaultHandler.startDocument()V",
      "Lorg/xml/sax/helpers/DefaultHandler.startElement(Ljava/lang/String;Ljava/lang/String;Ljava/lang/String;Lorg/xml/sax/Attributes;)V",
      "Lorg/xml/sax/helpers/DefaultHandler.warning(Lorg/xml/sax/SAXParseException;)V"
    ]
  },
  {
    "frequency": 1,
    "overriddenMethods": [
      "Ljava/lang/Object.toString()Ljava/lang/String;",
      "Lorg/xml/sax/helpers/DefaultHandler.endElement(Ljava/lang/String;Ljava/lang/String;Ljava/lang/String;)V",
      "Lorg/xml/sax/helpers/DefaultHandler.startElement(Ljava/lang/String;Ljava/lang/String;Ljava/lang/String;Lorg/xml/sax/Attributes;)V"
    ]
  },
  {
    "frequency": 6,
    "overriddenMethods": [
      "Lorg/xml/sax/helpers/DefaultHandler.characters([CII)V",
      "Lorg/xml/sax/helpers/DefaultHandler.endElement(Ljava/lang/String;Ljava/lang/String;Ljava/lang/String;)V",
      "Lorg/xml/sax/helpers/DefaultHandler.error(Lorg/xml/sax/SAXParseException;)V",
      "Lorg/xml/sax/helpers/DefaultHandler.fatalError(Lorg/xml/sax/SAXParseException;)V",
      "Lorg/xml/sax/helpers/DefaultHandler.ignorableWhitespace([CII)V",
      "Lorg/xml/sax/helpers/DefaultHandler.startElement(Ljava/lang/String;Ljava/lang/String;Ljava/lang/String;Lorg/xml/sax/Attributes;)V"
    ]
  },
  {
    "frequency": 1,
    "overriddenMethods": [
      "Lorg/xml/sax/helpers/DefaultHandler.characters([CII)V",
      "Lorg/xml/sax/helpers/DefaultHandler.endDocument()V",
      "Lorg/xml/sax/helpers/DefaultHandler.endElement(Ljava/lang/String;Ljava/lang/String;Ljava/lang/String;)V",
      "Lorg/xml/sax/helpers/DefaultHandler.error(Lorg/xml/sax/SAXParseException;)V",
      "Lorg/xml/sax/helpers/DefaultHandler.fatalError(Lorg/xml/sax/SAXParseException;)V",
      "Lorg/xml/sax/helpers/DefaultHandler.notationDecl(Ljava/lang/String;Ljava/lang/String;Ljava/lang/String;)V",
      "Lorg/xml/sax/helpers/DefaultHandler.resolveEntity(Ljava/lang/String;Ljava/lang/String;)Lorg/xml/sax/InputSource;",
      "Lorg/xml/sax/helpers/DefaultHandler.setDocumentLocator(Lorg/xml/sax/Locator;)V",
      "Lorg/xml/sax/helpers/DefaultHandler.startElement(Ljava/lang/String;Ljava/lang/String;Ljava/lang/String;Lorg/xml/sax/Attributes;)V",
      "Lorg/xml/sax/helpers/DefaultHandler.unparsedEntityDecl(Ljava/lang/String;Ljava/lang/String;Ljava/lang/String;Ljava/lang/String;)V",
      "Lorg/xml/sax/helpers/DefaultHandler.warning(Lorg/xml/sax/SAXParseException;)V"
    ]
  },
  {
    "frequency": 4,
    "overriddenMethods": [
      "Lorg/xml/sax/helpers/DefaultHandler.characters([CII)V",
      "Lorg/xml/sax/helpers/DefaultHandler.endDocument()V",
      "Lorg/xml/sax/helpers/DefaultHandler.endElement(Ljava/lang/String;Ljava/lang/String;Ljava/lang/String;)V",
      "Lorg/xml/sax/helpers/DefaultHandler.error(Lorg/xml/sax/SAXParseException;)V",
      "Lorg/xml/sax/helpers/DefaultHandler.fatalError(Lorg/xml/sax/SAXParseException;)V",
      "Lorg/xml/sax/helpers/DefaultHandler.processingInstruction(Ljava/lang/String;Ljava/lang/String;)V",
      "Lorg/xml/sax/helpers/DefaultHandler.resolveEntity(Ljava/lang/String;Ljava/lang/String;)Lorg/xml/sax/InputSource;",
      "Lorg/xml/sax/helpers/DefaultHandler.setDocumentLocator(Lorg/xml/sax/Locator;)V",
      "Lorg/xml/sax/helpers/DefaultHandler.startDocument()V",
      "Lorg/xml/sax/helpers/DefaultHandler.startElement(Ljava/lang/String;Ljava/lang/String;Ljava/lang/String;Lorg/xml/sax/Attributes;)V",
      "Lorg/xml/sax/helpers/DefaultHandler.warning(Lorg/xml/sax/SAXParseException;)V"
    ]
  },
  {
    "frequency": 21,
    "overriddenMethods": [
      "Lorg/xml/sax/helpers/DefaultHandler.characters([CII)V"
    ]
  },
  {
    "frequency": 1,
    "overriddenMethods": [
      "Lorg/xml/sax/helpers/DefaultHandler.characters([CII)V",
      "Lorg/xml/sax/helpers/DefaultHandler.endElement(Ljava/lang/String;Ljava/lang/String;Ljava/lang/String;)V",
      "Lorg/xml/sax/helpers/DefaultHandler.error(Lorg/xml/sax/SAXParseException;)V",
      "Lorg/xml/sax/helpers/DefaultHandler.fatalError(Lorg/xml/sax/SAXParseException;)V",
      "Lorg/xml/sax/helpers/DefaultHandler.ignorableWhitespace([CII)V",
      "Lorg/xml/sax/helpers/DefaultHandler.setDocumentLocator(Lorg/xml/sax/Locator;)V",
      "Lorg/xml/sax/helpers/DefaultHandler.startElement(Ljava/lang/String;Ljava/lang/String;Ljava/lang/String;Lorg/xml/sax/Attributes;)V",
      "Lorg/xml/sax/helpers/DefaultHandler.warning(Lorg/xml/sax/SAXParseException;)V"
    ]
  },
  {
    "frequency": 1,
    "overriddenMethods": [
      "Lorg/xml/sax/helpers/DefaultHandler.endElement(Ljava/lang/String;Ljava/lang/String;Ljava/lang/String;)V",
      "Lorg/xml/sax/helpers/DefaultHandler.startElement(Ljava/lang/String;Ljava/lang/String;Ljava/lang/String;Lorg/xml/sax/Attributes;)V",
      "Lorg/xml/sax/helpers/DefaultHandler.startPrefixMapping(Ljava/lang/String;Ljava/lang/String;)V"
    ]
  },
  {
    "frequency": 4,
    "overriddenMethods": [
      "Lorg/xml/sax/helpers/DefaultHandler.characters([CII)V",
      "Lorg/xml/sax/helpers/DefaultHandler.endDocument()V",
      "Lorg/xml/sax/helpers/DefaultHandler.endElement(Ljava/lang/String;Ljava/lang/String;Ljava/lang/String;)V",
      "Lorg/xml/sax/helpers/DefaultHandler.endPrefixMapping(Ljava/lang/String;)V",
      "Lorg/xml/sax/helpers/DefaultHandler.ignorableWhitespace([CII)V",
      "Lorg/xml/sax/helpers/DefaultHandler.setDocumentLocator(Lorg/xml/sax/Locator;)V",
      "Lorg/xml/sax/helpers/DefaultHandler.startElement(Ljava/lang/String;Ljava/lang/String;Ljava/lang/String;Lorg/xml/sax/Attributes;)V",
      "Lorg/xml/sax/helpers/DefaultHandler.startPrefixMapping(Ljava/lang/String;Ljava/lang/String;)V"
    ]
  },
  {
    "frequency": 3,
    "overriddenMethods": [
      "Lorg/xml/sax/helpers/DefaultHandler.characters([CII)V",
      "Lorg/xml/sax/helpers/DefaultHandler.error(Lorg/xml/sax/SAXParseException;)V",
      "Lorg/xml/sax/helpers/DefaultHandler.fatalError(Lorg/xml/sax/SAXParseException;)V",
      "Lorg/xml/sax/helpers/DefaultHandler.startElement(Ljava/lang/String;Ljava/lang/String;Ljava/lang/String;Lorg/xml/sax/Attributes;)V",
      "Lorg/xml/sax/helpers/DefaultHandler.warning(Lorg/xml/sax/SAXParseException;)V"
    ]
  },
  {
    "frequency": 5,
    "overriddenMethods": [
      "Lorg/xml/sax/helpers/DefaultHandler.characters([CII)V",
      "Lorg/xml/sax/helpers/DefaultHandler.endElement(Ljava/lang/String;Ljava/lang/String;Ljava/lang/String;)V",
      "Lorg/xml/sax/helpers/DefaultHandler.error(Lorg/xml/sax/SAXParseException;)V",
      "Lorg/xml/sax/helpers/DefaultHandler.resolveEntity(Ljava/lang/String;Ljava/lang/String;)Lorg/xml/sax/InputSource;",
      "Lorg/xml/sax/helpers/DefaultHandler.startElement(Ljava/lang/String;Ljava/lang/String;Ljava/lang/String;Lorg/xml/sax/Attributes;)V"
    ]
  },
  {
    "frequency": 9,
    "overriddenMethods": [
      "Lorg/xml/sax/helpers/DefaultHandler.characters([CII)V",
      "Lorg/xml/sax/helpers/DefaultHandler.endElement(Ljava/lang/String;Ljava/lang/String;Ljava/lang/String;)V",
      "Lorg/xml/sax/helpers/DefaultHandler.error(Lorg/xml/sax/SAXParseException;)V",
      "Lorg/xml/sax/helpers/DefaultHandler.fatalError(Lorg/xml/sax/SAXParseException;)V",
      "Lorg/xml/sax/helpers/DefaultHandler.startElement(Ljava/lang/String;Ljava/lang/String;Ljava/lang/String;Lorg/xml/sax/Attributes;)V"
    ]
  },
  {
    "frequency": 3,
    "overriddenMethods": [
      "Lorg/xml/sax/helpers/DefaultHandler.characters([CII)V",
      "Lorg/xml/sax/helpers/DefaultHandler.endDocument()V",
      "Lorg/xml/sax/helpers/DefaultHandler.endElement(Ljava/lang/String;Ljava/lang/String;Ljava/lang/String;)V",
      "Lorg/xml/sax/helpers/DefaultHandler.endPrefixMapping(Ljava/lang/String;)V",
      "Lorg/xml/sax/helpers/DefaultHandler.error(Lorg/xml/sax/SAXParseException;)V",
      "Lorg/xml/sax/helpers/DefaultHandler.fatalError(Lorg/xml/sax/SAXParseException;)V",
      "Lorg/xml/sax/helpers/DefaultHandler.ignorableWhitespace([CII)V",
      "Lorg/xml/sax/helpers/DefaultHandler.processingInstruction(Ljava/lang/String;Ljava/lang/String;)V",
      "Lorg/xml/sax/helpers/DefaultHandler.resolveEntity(Ljava/lang/String;Ljava/lang/String;)Lorg/xml/sax/InputSource;",
      "Lorg/xml/sax/helpers/DefaultHandler.setDocumentLocator(Lorg/xml/sax/Locator;)V",
      "Lorg/xml/sax/helpers/DefaultHandler.skippedEntity(Ljava/lang/String;)V",
      "Lorg/xml/sax/helpers/DefaultHandler.startDocument()V",
      "Lorg/xml/sax/helpers/DefaultHandler.startElement(Ljava/lang/String;Ljava/lang/String;Ljava/lang/String;Lorg/xml/sax/Attributes;)V",
      "Lorg/xml/sax/helpers/DefaultHandler.startPrefixMapping(Ljava/lang/String;Ljava/lang/String;)V",
      "Lorg/xml/sax/helpers/DefaultHandler.warning(Lorg/xml/sax/SAXParseException;)V"
    ]
  },
  {
    "frequency": 1,
    "overriddenMethods": [
      "Lorg/xml/sax/helpers/DefaultHandler.characters([CII)V",
      "Lorg/xml/sax/helpers/DefaultHandler.endDocument()V",
      "Lorg/xml/sax/helpers/DefaultHandler.endElement(Ljava/lang/String;Ljava/lang/String;Ljava/lang/String;)V",
      "Lorg/xml/sax/helpers/DefaultHandler.endPrefixMapping(Ljava/lang/String;)V",
      "Lorg/xml/sax/helpers/DefaultHandler.fatalError(Lorg/xml/sax/SAXParseException;)V",
      "Lorg/xml/sax/helpers/DefaultHandler.ignorableWhitespace([CII)V",
      "Lorg/xml/sax/helpers/DefaultHandler.notationDecl(Ljava/lang/String;Ljava/lang/String;Ljava/lang/String;)V",
      "Lorg/xml/sax/helpers/DefaultHandler.processingInstruction(Ljava/lang/String;Ljava/lang/String;)V",
      "Lorg/xml/sax/helpers/DefaultHandler.skippedEntity(Ljava/lang/String;)V",
      "Lorg/xml/sax/helpers/DefaultHandler.startDocument()V",
      "Lorg/xml/sax/helpers/DefaultHandler.startElement(Ljava/lang/String;Ljava/lang/String;Ljava/lang/String;Lorg/xml/sax/Attributes;)V",
      "Lorg/xml/sax/helpers/DefaultHandler.startPrefixMapping(Ljava/lang/String;Ljava/lang/String;)V",
      "Lorg/xml/sax/helpers/DefaultHandler.unparsedEntityDecl(Ljava/lang/String;Ljava/lang/String;Ljava/lang/String;Ljava/lang/String;)V"
    ]
  },
  {
    "frequency": 1,
    "overriddenMethods": [
      "Lorg/xml/sax/helpers/DefaultHandler.characters([CII)V",
      "Lorg/xml/sax/helpers/DefaultHandler.endElement(Ljava/lang/String;Ljava/lang/String;Ljava/lang/String;)V",
      "Lorg/xml/sax/helpers/DefaultHandler.error(Lorg/xml/sax/SAXParseException;)V",
      "Lorg/xml/sax/helpers/DefaultHandler.fatalError(Lorg/xml/sax/SAXParseException;)V",
      "Lorg/xml/sax/helpers/DefaultHandler.warning(Lorg/xml/sax/SAXParseException;)V"
    ]
  },
  {
    "frequency": 11,
    "overriddenMethods": [
      "Lorg/xml/sax/helpers/DefaultHandler.characters([CII)V",
      "Lorg/xml/sax/helpers/DefaultHandler.endDocument()V",
      "Lorg/xml/sax/helpers/DefaultHandler.endElement(Ljava/lang/String;Ljava/lang/String;Ljava/lang/String;)V",
      "Lorg/xml/sax/helpers/DefaultHandler.endPrefixMapping(Ljava/lang/String;)V",
      "Lorg/xml/sax/helpers/DefaultHandler.processingInstruction(Ljava/lang/String;Ljava/lang/String;)V",
      "Lorg/xml/sax/helpers/DefaultHandler.startDocument()V",
      "Lorg/xml/sax/helpers/DefaultHandler.startElement(Ljava/lang/String;Ljava/lang/String;Ljava/lang/String;Lorg/xml/sax/Attributes;)V",
      "Lorg/xml/sax/helpers/DefaultHandler.startPrefixMapping(Ljava/lang/String;Ljava/lang/String;)V"
    ]
  },
  {
    "frequency": 16,
    "overriddenMethods": [
      "Lorg/xml/sax/helpers/DefaultHandler.characters([CII)V",
      "Lorg/xml/sax/helpers/DefaultHandler.endElement(Ljava/lang/String;Ljava/lang/String;Ljava/lang/String;)V",
      "Lorg/xml/sax/helpers/DefaultHandler.endPrefixMapping(Ljava/lang/String;)V",
      "Lorg/xml/sax/helpers/DefaultHandler.resolveEntity(Ljava/lang/String;Ljava/lang/String;)Lorg/xml/sax/InputSource;",
      "Lorg/xml/sax/helpers/DefaultHandler.setDocumentLocator(Lorg/xml/sax/Locator;)V",
      "Lorg/xml/sax/helpers/DefaultHandler.startElement(Ljava/lang/String;Ljava/lang/String;Ljava/lang/String;Lorg/xml/sax/Attributes;)V",
      "Lorg/xml/sax/helpers/DefaultHandler.startPrefixMapping(Ljava/lang/String;Ljava/lang/String;)V"
    ]
  },
  {
    "frequency": 9,
    "overriddenMethods": [
      "Lorg/xml/sax/helpers/DefaultHandler.endElement(Ljava/lang/String;Ljava/lang/String;Ljava/lang/String;)V",
      "Lorg/xml/sax/helpers/DefaultHandler.error(Lorg/xml/sax/SAXParseException;)V",
      "Lorg/xml/sax/helpers/DefaultHandler.fatalError(Lorg/xml/sax/SAXParseException;)V",
      "Lorg/xml/sax/helpers/DefaultHandler.resolveEntity(Ljava/lang/String;Ljava/lang/String;)Lorg/xml/sax/InputSource;",
      "Lorg/xml/sax/helpers/DefaultHandler.startElement(Ljava/lang/String;Ljava/lang/String;Ljava/lang/String;Lorg/xml/sax/Attributes;)V",
      "Lorg/xml/sax/helpers/DefaultHandler.warning(Lorg/xml/sax/SAXParseException;)V"
    ]
  },
  {
    "frequency": 2,
    "overriddenMethods": [
      "Lorg/xml/sax/helpers/DefaultHandler.characters([CII)V",
      "Lorg/xml/sax/helpers/DefaultHandler.endDocument()V",
      "Lorg/xml/sax/helpers/DefaultHandler.endElement(Ljava/lang/String;Ljava/lang/String;Ljava/lang/String;)V",
      "Lorg/xml/sax/helpers/DefaultHandler.error(Lorg/xml/sax/SAXParseException;)V",
      "Lorg/xml/sax/helpers/DefaultHandler.fatalError(Lorg/xml/sax/SAXParseException;)V",
      "Lorg/xml/sax/helpers/DefaultHandler.startDocument()V",
      "Lorg/xml/sax/helpers/DefaultHandler.startElement(Ljava/lang/String;Ljava/lang/String;Ljava/lang/String;Lorg/xml/sax/Attributes;)V"
    ]
  },
  {
    "frequency": 1,
    "overriddenMethods": [
      "Ljava/lang/Object.toString()Ljava/lang/String;",
      "Lorg/xml/sax/helpers/DefaultHandler.characters([CII)V",
      "Lorg/xml/sax/helpers/DefaultHandler.endElement(Ljava/lang/String;Ljava/lang/String;Ljava/lang/String;)V",
      "Lorg/xml/sax/helpers/DefaultHandler.resolveEntity(Ljava/lang/String;Ljava/lang/String;)Lorg/xml/sax/InputSource;",
      "Lorg/xml/sax/helpers/DefaultHandler.startElement(Ljava/lang/String;Ljava/lang/String;Ljava/lang/String;Lorg/xml/sax/Attributes;)V"
    ]
  },
  {
    "frequency": 1,
    "overriddenMethods": [
      "Lorg/xml/sax/helpers/DefaultHandler.endElement(Ljava/lang/String;Ljava/lang/String;Ljava/lang/String;)V",
      "Lorg/xml/sax/helpers/DefaultHandler.resolveEntity(Ljava/lang/String;Ljava/lang/String;)Lorg/xml/sax/InputSource;",
      "Lorg/xml/sax/helpers/DefaultHandler.startDocument()V",
      "Lorg/xml/sax/helpers/DefaultHandler.startElement(Ljava/lang/String;Ljava/lang/String;Ljava/lang/String;Lorg/xml/sax/Attributes;)V"
    ]
  },
  {
    "frequency": 2,
    "overriddenMethods": [
      "Lorg/xml/sax/helpers/DefaultHandler.characters([CII)V",
      "Lorg/xml/sax/helpers/DefaultHandler.endDocument()V",
      "Lorg/xml/sax/helpers/DefaultHandler.endElement(Ljava/lang/String;Ljava/lang/String;Ljava/lang/String;)V",
      "Lorg/xml/sax/helpers/DefaultHandler.endPrefixMapping(Ljava/lang/String;)V",
      "Lorg/xml/sax/helpers/DefaultHandler.setDocumentLocator(Lorg/xml/sax/Locator;)V",
      "Lorg/xml/sax/helpers/DefaultHandler.skippedEntity(Ljava/lang/String;)V",
      "Lorg/xml/sax/helpers/DefaultHandler.startDocument()V",
      "Lorg/xml/sax/helpers/DefaultHandler.startElement(Ljava/lang/String;Ljava/lang/String;Ljava/lang/String;Lorg/xml/sax/Attributes;)V",
      "Lorg/xml/sax/helpers/DefaultHandler.startPrefixMapping(Ljava/lang/String;Ljava/lang/String;)V"
    ]
  },
  {
    "frequency": 5,
    "overriddenMethods": [
      "Lorg/xml/sax/helpers/DefaultHandler.error(Lorg/xml/sax/SAXParseException;)V",
      "Lorg/xml/sax/helpers/DefaultHandler.fatalError(Lorg/xml/sax/SAXParseException;)V",
      "Lorg/xml/sax/helpers/DefaultHandler.resolveEntity(Ljava/lang/String;Ljava/lang/String;)Lorg/xml/sax/InputSource;",
      "Lorg/xml/sax/helpers/DefaultHandler.warning(Lorg/xml/sax/SAXParseException;)V"
    ]
  },
  {
    "frequency": 1,
    "overriddenMethods": [
      "Lorg/xml/sax/helpers/DefaultHandler.endElement(Ljava/lang/String;Ljava/lang/String;Ljava/lang/String;)V",
      "Lorg/xml/sax/helpers/DefaultHandler.error(Lorg/xml/sax/SAXParseException;)V",
      "Lorg/xml/sax/helpers/DefaultHandler.fatalError(Lorg/xml/sax/SAXParseException;)V",
      "Lorg/xml/sax/helpers/DefaultHandler.setDocumentLocator(Lorg/xml/sax/Locator;)V",
      "Lorg/xml/sax/helpers/DefaultHandler.startDocument()V",
      "Lorg/xml/sax/helpers/DefaultHandler.startElement(Ljava/lang/String;Ljava/lang/String;Ljava/lang/String;Lorg/xml/sax/Attributes;)V",
      "Lorg/xml/sax/helpers/DefaultHandler.warning(Lorg/xml/sax/SAXParseException;)V"
    ]
  },
  {
    "frequency": 1,
    "overriddenMethods": [
      "Lorg/xml/sax/helpers/DefaultHandler.resolveEntity(Ljava/lang/String;Ljava/lang/String;)Lorg/xml/sax/InputSource;",
      "Lorg/xml/sax/helpers/DefaultHandler.setDocumentLocator(Lorg/xml/sax/Locator;)V"
    ]
  },
  {
    "frequency": 1,
    "overriddenMethods": [
      "Lorg/xml/sax/helpers/DefaultHandler.characters([CII)V",
      "Lorg/xml/sax/helpers/DefaultHandler.endElement(Ljava/lang/String;Ljava/lang/String;Ljava/lang/String;)V",
      "Lorg/xml/sax/helpers/DefaultHandler.error(Lorg/xml/sax/SAXParseException;)V",
      "Lorg/xml/sax/helpers/DefaultHandler.fatalError(Lorg/xml/sax/SAXParseException;)V",
      "Lorg/xml/sax/helpers/DefaultHandler.processingInstruction(Ljava/lang/String;Ljava/lang/String;)V",
      "Lorg/xml/sax/helpers/DefaultHandler.startElement(Ljava/lang/String;Ljava/lang/String;Ljava/lang/String;Lorg/xml/sax/Attributes;)V",
      "Lorg/xml/sax/helpers/DefaultHandler.warning(Lorg/xml/sax/SAXParseException;)V"
    ]
  },
  {
    "frequency": 1,
    "overriddenMethods": [
      "Lorg/xml/sax/helpers/DefaultHandler.characters([CII)V",
      "Lorg/xml/sax/helpers/DefaultHandler.endElement(Ljava/lang/String;Ljava/lang/String;Ljava/lang/String;)V",
      "Lorg/xml/sax/helpers/DefaultHandler.processingInstruction(Ljava/lang/String;Ljava/lang/String;)V",
      "Lorg/xml/sax/helpers/DefaultHandler.resolveEntity(Ljava/lang/String;Ljava/lang/String;)Lorg/xml/sax/InputSource;",
      "Lorg/xml/sax/helpers/DefaultHandler.startElement(Ljava/lang/String;Ljava/lang/String;Ljava/lang/String;Lorg/xml/sax/Attributes;)V"
    ]
  },
  {
    "frequency": 9,
    "overriddenMethods": [
      "Lorg/xml/sax/helpers/DefaultHandler.characters([CII)V",
      "Lorg/xml/sax/helpers/DefaultHandler.endDocument()V",
      "Lorg/xml/sax/helpers/DefaultHandler.endElement(Ljava/lang/String;Ljava/lang/String;Ljava/lang/String;)V",
      "Lorg/xml/sax/helpers/DefaultHandler.error(Lorg/xml/sax/SAXParseException;)V",
      "Lorg/xml/sax/helpers/DefaultHandler.startDocument()V",
      "Lorg/xml/sax/helpers/DefaultHandler.startElement(Ljava/lang/String;Ljava/lang/String;Ljava/lang/String;Lorg/xml/sax/Attributes;)V"
    ]
  },
  {
    "frequency": 1,
    "overriddenMethods": [
      "Lorg/xml/sax/helpers/DefaultHandler.endDocument()V"
    ]
  },
  {
    "frequency": 1,
    "overriddenMethods": [
      "Lorg/xml/sax/helpers/DefaultHandler.characters([CII)V",
      "Lorg/xml/sax/helpers/DefaultHandler.endDocument()V",
      "Lorg/xml/sax/helpers/DefaultHandler.endElement(Ljava/lang/String;Ljava/lang/String;Ljava/lang/String;)V",
      "Lorg/xml/sax/helpers/DefaultHandler.ignorableWhitespace([CII)V",
      "Lorg/xml/sax/helpers/DefaultHandler.startDocument()V",
      "Lorg/xml/sax/helpers/DefaultHandler.startElement(Ljava/lang/String;Ljava/lang/String;Ljava/lang/String;Lorg/xml/sax/Attributes;)V"
    ]
  },
  {
    "frequency": 1,
    "overriddenMethods": [
      "Lorg/xml/sax/helpers/DefaultHandler.characters([CII)V",
      "Lorg/xml/sax/helpers/DefaultHandler.endDocument()V",
      "Lorg/xml/sax/helpers/DefaultHandler.endElement(Ljava/lang/String;Ljava/lang/String;Ljava/lang/String;)V",
      "Lorg/xml/sax/helpers/DefaultHandler.error(Lorg/xml/sax/SAXParseException;)V",
      "Lorg/xml/sax/helpers/DefaultHandler.fatalError(Lorg/xml/sax/SAXParseException;)V",
      "Lorg/xml/sax/helpers/DefaultHandler.resolveEntity(Ljava/lang/String;Ljava/lang/String;)Lorg/xml/sax/InputSource;",
      "Lorg/xml/sax/helpers/DefaultHandler.setDocumentLocator(Lorg/xml/sax/Locator;)V",
      "Lorg/xml/sax/helpers/DefaultHandler.startDocument()V",
      "Lorg/xml/sax/helpers/DefaultHandler.startElement(Ljava/lang/String;Ljava/lang/String;Ljava/lang/String;Lorg/xml/sax/Attributes;)V",
      "Lorg/xml/sax/helpers/DefaultHandler.warning(Lorg/xml/sax/SAXParseException;)V"
    ]
  },
  {
    "frequency": 116,
    "overriddenMethods": [
      "Lorg/xml/sax/helpers/DefaultHandler.endElement(Ljava/lang/String;Ljava/lang/String;Ljava/lang/String;)V",
      "Lorg/xml/sax/helpers/DefaultHandler.startElement(Ljava/lang/String;Ljava/lang/String;Ljava/lang/String;Lorg/xml/sax/Attributes;)V"
    ]
  },
  {
    "frequency": 1,
    "overriddenMethods": [
      "Lorg/xml/sax/helpers/DefaultHandler.characters([CII)V",
      "Lorg/xml/sax/helpers/DefaultHandler.endElement(Ljava/lang/String;Ljava/lang/String;Ljava/lang/String;)V",
      "Lorg/xml/sax/helpers/DefaultHandler.startDocument()V",
      "Lorg/xml/sax/helpers/DefaultHandler.startElement(Ljava/lang/String;Ljava/lang/String;Ljava/lang/String;Lorg/xml/sax/Attributes;)V",
      "Lorg/xml/sax/helpers/DefaultHandler.startPrefixMapping(Ljava/lang/String;Ljava/lang/String;)V"
    ]
  },
  {
    "frequency": 2,
    "overriddenMethods": [
      "Lorg/xml/sax/helpers/DefaultHandler.characters([CII)V",
      "Lorg/xml/sax/helpers/DefaultHandler.endElement(Ljava/lang/String;Ljava/lang/String;Ljava/lang/String;)V",
      "Lorg/xml/sax/helpers/DefaultHandler.resolveEntity(Ljava/lang/String;Ljava/lang/String;)Lorg/xml/sax/InputSource;",
      "Lorg/xml/sax/helpers/DefaultHandler.startElement(Ljava/lang/String;Ljava/lang/String;Ljava/lang/String;Lorg/xml/sax/Attributes;)V"
    ]
  },
  {
    "frequency": 6,
    "overriddenMethods": [
      "Lorg/xml/sax/helpers/DefaultHandler.startPrefixMapping(Ljava/lang/String;Ljava/lang/String;)V"
    ]
  },
  {
    "frequency": 3,
    "overriddenMethods": [
      "Ljava/lang/Object.toString()Ljava/lang/String;",
      "Lorg/xml/sax/helpers/DefaultHandler.characters([CII)V",
      "Lorg/xml/sax/helpers/DefaultHandler.endDocument()V",
      "Lorg/xml/sax/helpers/DefaultHandler.ignorableWhitespace([CII)V"
    ]
  },
  {
    "frequency": 1,
    "overriddenMethods": [
      "Lorg/xml/sax/helpers/DefaultHandler.endDocument()V",
      "Lorg/xml/sax/helpers/DefaultHandler.startDocument()V",
      "Lorg/xml/sax/helpers/DefaultHandler.startElement(Ljava/lang/String;Ljava/lang/String;Ljava/lang/String;Lorg/xml/sax/Attributes;)V"
    ]
  },
  {
    "frequency": 5,
    "overriddenMethods": [
      "Lorg/xml/sax/helpers/DefaultHandler.error(Lorg/xml/sax/SAXParseException;)V",
      "Lorg/xml/sax/helpers/DefaultHandler.fatalError(Lorg/xml/sax/SAXParseException;)V",
      "Lorg/xml/sax/helpers/DefaultHandler.startElement(Ljava/lang/String;Ljava/lang/String;Ljava/lang/String;Lorg/xml/sax/Attributes;)V",
      "Lorg/xml/sax/helpers/DefaultHandler.warning(Lorg/xml/sax/SAXParseException;)V"
    ]
  },
  {
    "frequency": 23,
    "overriddenMethods": [
      "Lorg/xml/sax/helpers/DefaultHandler.characters([CII)V",
      "Lorg/xml/sax/helpers/DefaultHandler.endElement(Ljava/lang/String;Ljava/lang/String;Ljava/lang/String;)V",
      "Lorg/xml/sax/helpers/DefaultHandler.error(Lorg/xml/sax/SAXParseException;)V",
      "Lorg/xml/sax/helpers/DefaultHandler.fatalError(Lorg/xml/sax/SAXParseException;)V",
      "Lorg/xml/sax/helpers/DefaultHandler.startElement(Ljava/lang/String;Ljava/lang/String;Ljava/lang/String;Lorg/xml/sax/Attributes;)V",
      "Lorg/xml/sax/helpers/DefaultHandler.warning(Lorg/xml/sax/SAXParseException;)V"
    ]
  },
  {
    "frequency": 2,
    "overriddenMethods": [
      "Lorg/xml/sax/helpers/DefaultHandler.characters([CII)V",
      "Lorg/xml/sax/helpers/DefaultHandler.endElement(Ljava/lang/String;Ljava/lang/String;Ljava/lang/String;)V",
      "Lorg/xml/sax/helpers/DefaultHandler.error(Lorg/xml/sax/SAXParseException;)V",
      "Lorg/xml/sax/helpers/DefaultHandler.fatalError(Lorg/xml/sax/SAXParseException;)V",
      "Lorg/xml/sax/helpers/DefaultHandler.processingInstruction(Ljava/lang/String;Ljava/lang/String;)V",
      "Lorg/xml/sax/helpers/DefaultHandler.setDocumentLocator(Lorg/xml/sax/Locator;)V",
      "Lorg/xml/sax/helpers/DefaultHandler.startDocument()V",
      "Lorg/xml/sax/helpers/DefaultHandler.startElement(Ljava/lang/String;Ljava/lang/String;Ljava/lang/String;Lorg/xml/sax/Attributes;)V",
      "Lorg/xml/sax/helpers/DefaultHandler.warning(Lorg/xml/sax/SAXParseException;)V"
    ]
  },
  {
    "frequency": 2,
    "overriddenMethods": [
      "Ljava/lang/Object.toString()Ljava/lang/String;",
      "Lorg/xml/sax/helpers/DefaultHandler.error(Lorg/xml/sax/SAXParseException;)V",
      "Lorg/xml/sax/helpers/DefaultHandler.fatalError(Lorg/xml/sax/SAXParseException;)V",
      "Lorg/xml/sax/helpers/DefaultHandler.resolveEntity(Ljava/lang/String;Ljava/lang/String;)Lorg/xml/sax/InputSource;",
      "Lorg/xml/sax/helpers/DefaultHandler.warning(Lorg/xml/sax/SAXParseException;)V"
    ]
  },
  {
    "frequency": 1,
    "overriddenMethods": [
      "Lorg/xml/sax/helpers/DefaultHandler.characters([CII)V",
      "Lorg/xml/sax/helpers/DefaultHandler.endDocument()V",
      "Lorg/xml/sax/helpers/DefaultHandler.endElement(Ljava/lang/String;Ljava/lang/String;Ljava/lang/String;)V",
      "Lorg/xml/sax/helpers/DefaultHandler.skippedEntity(Ljava/lang/String;)V",
      "Lorg/xml/sax/helpers/DefaultHandler.startDocument()V",
      "Lorg/xml/sax/helpers/DefaultHandler.startElement(Ljava/lang/String;Ljava/lang/String;Ljava/lang/String;Lorg/xml/sax/Attributes;)V"
    ]
  },
  {
    "frequency": 1,
    "overriddenMethods": [
      "Lorg/xml/sax/helpers/DefaultHandler.characters([CII)V",
      "Lorg/xml/sax/helpers/DefaultHandler.endElement(Ljava/lang/String;Ljava/lang/String;Ljava/lang/String;)V",
      "Lorg/xml/sax/helpers/DefaultHandler.ignorableWhitespace([CII)V",
      "Lorg/xml/sax/helpers/DefaultHandler.startDocument()V",
      "Lorg/xml/sax/helpers/DefaultHandler.startElement(Ljava/lang/String;Ljava/lang/String;Ljava/lang/String;Lorg/xml/sax/Attributes;)V"
    ]
  },
  {
    "frequency": 1,
    "overriddenMethods": [
      "Ljava/lang/Object.toString()Ljava/lang/String;",
      "Lorg/xml/sax/helpers/DefaultHandler.error(Lorg/xml/sax/SAXParseException;)V",
      "Lorg/xml/sax/helpers/DefaultHandler.fatalError(Lorg/xml/sax/SAXParseException;)V",
      "Lorg/xml/sax/helpers/DefaultHandler.warning(Lorg/xml/sax/SAXParseException;)V"
    ]
  },
  {
    "frequency": 34,
    "overriddenMethods": [
      "Lorg/xml/sax/helpers/DefaultHandler.characters([CII)V",
      "Lorg/xml/sax/helpers/DefaultHandler.endDocument()V",
      "Lorg/xml/sax/helpers/DefaultHandler.endElement(Ljava/lang/String;Ljava/lang/String;Ljava/lang/String;)V",
      "Lorg/xml/sax/helpers/DefaultHandler.endPrefixMapping(Ljava/lang/String;)V",
      "Lorg/xml/sax/helpers/DefaultHandler.ignorableWhitespace([CII)V",
      "Lorg/xml/sax/helpers/DefaultHandler.processingInstruction(Ljava/lang/String;Ljava/lang/String;)V",
      "Lorg/xml/sax/helpers/DefaultHandler.setDocumentLocator(Lorg/xml/sax/Locator;)V",
      "Lorg/xml/sax/helpers/DefaultHandler.skippedEntity(Ljava/lang/String;)V",
      "Lorg/xml/sax/helpers/DefaultHandler.startDocument()V",
      "Lorg/xml/sax/helpers/DefaultHandler.startElement(Ljava/lang/String;Ljava/lang/String;Ljava/lang/String;Lorg/xml/sax/Attributes;)V",
      "Lorg/xml/sax/helpers/DefaultHandler.startPrefixMapping(Ljava/lang/String;Ljava/lang/String;)V"
    ]
  },
  {
    "frequency": 4,
    "overriddenMethods": [
      "Lorg/xml/sax/helpers/DefaultHandler.characters([CII)V",
      "Lorg/xml/sax/helpers/DefaultHandler.endDocument()V",
      "Lorg/xml/sax/helpers/DefaultHandler.endElement(Ljava/lang/String;Ljava/lang/String;Ljava/lang/String;)V",
      "Lorg/xml/sax/helpers/DefaultHandler.setDocumentLocator(Lorg/xml/sax/Locator;)V",
      "Lorg/xml/sax/helpers/DefaultHandler.startDocument()V",
      "Lorg/xml/sax/helpers/DefaultHandler.startElement(Ljava/lang/String;Ljava/lang/String;Ljava/lang/String;Lorg/xml/sax/Attributes;)V"
    ]
  },
  {
    "frequency": 157,
    "overriddenMethods": [
      "Lorg/xml/sax/helpers/DefaultHandler.startElement(Ljava/lang/String;Ljava/lang/String;Ljava/lang/String;Lorg/xml/sax/Attributes;)V"
    ]
  },
  {
    "frequency": 2,
    "overriddenMethods": [
      "Lorg/xml/sax/helpers/DefaultHandler.characters([CII)V",
      "Lorg/xml/sax/helpers/DefaultHandler.endDocument()V",
      "Lorg/xml/sax/helpers/DefaultHandler.endElement(Ljava/lang/String;Ljava/lang/String;Ljava/lang/String;)V",
      "Lorg/xml/sax/helpers/DefaultHandler.error(Lorg/xml/sax/SAXParseException;)V",
      "Lorg/xml/sax/helpers/DefaultHandler.fatalError(Lorg/xml/sax/SAXParseException;)V",
      "Lorg/xml/sax/helpers/DefaultHandler.resolveEntity(Ljava/lang/String;Ljava/lang/String;)Lorg/xml/sax/InputSource;",
      "Lorg/xml/sax/helpers/DefaultHandler.startDocument()V",
      "Lorg/xml/sax/helpers/DefaultHandler.startElement(Ljava/lang/String;Ljava/lang/String;Ljava/lang/String;Lorg/xml/sax/Attributes;)V",
      "Lorg/xml/sax/helpers/DefaultHandler.warning(Lorg/xml/sax/SAXParseException;)V"
    ]
  },
  {
    "frequency": 9,
    "overriddenMethods": [
      "Lorg/xml/sax/helpers/DefaultHandler.characters([CII)V",
      "Lorg/xml/sax/helpers/DefaultHandler.endElement(Ljava/lang/String;Ljava/lang/String;Ljava/lang/String;)V",
      "Lorg/xml/sax/helpers/DefaultHandler.setDocumentLocator(Lorg/xml/sax/Locator;)V",
      "Lorg/xml/sax/helpers/DefaultHandler.startDocument()V",
      "Lorg/xml/sax/helpers/DefaultHandler.startElement(Ljava/lang/String;Ljava/lang/String;Ljava/lang/String;Lorg/xml/sax/Attributes;)V"
    ]
  },
  {
    "frequency": 6,
    "overriddenMethods": [
      "Lorg/xml/sax/helpers/DefaultHandler.characters([CII)V",
      "Lorg/xml/sax/helpers/DefaultHandler.endElement(Ljava/lang/String;Ljava/lang/String;Ljava/lang/String;)V",
      "Lorg/xml/sax/helpers/DefaultHandler.error(Lorg/xml/sax/SAXParseException;)V",
      "Lorg/xml/sax/helpers/DefaultHandler.setDocumentLocator(Lorg/xml/sax/Locator;)V",
      "Lorg/xml/sax/helpers/DefaultHandler.startElement(Ljava/lang/String;Ljava/lang/String;Ljava/lang/String;Lorg/xml/sax/Attributes;)V",
      "Lorg/xml/sax/helpers/DefaultHandler.warning(Lorg/xml/sax/SAXParseException;)V"
    ]
  },
  {
    "frequency": 2,
    "overriddenMethods": [
      "Lorg/xml/sax/helpers/DefaultHandler.characters([CII)V",
      "Lorg/xml/sax/helpers/DefaultHandler.endElement(Ljava/lang/String;Ljava/lang/String;Ljava/lang/String;)V",
      "Lorg/xml/sax/helpers/DefaultHandler.error(Lorg/xml/sax/SAXParseException;)V",
      "Lorg/xml/sax/helpers/DefaultHandler.startElement(Ljava/lang/String;Ljava/lang/String;Ljava/lang/String;Lorg/xml/sax/Attributes;)V"
    ]
  },
  {
    "frequency": 6,
    "overriddenMethods": [
      "Lorg/xml/sax/helpers/DefaultHandler.endElement(Ljava/lang/String;Ljava/lang/String;Ljava/lang/String;)V",
      "Lorg/xml/sax/helpers/DefaultHandler.resolveEntity(Ljava/lang/String;Ljava/lang/String;)Lorg/xml/sax/InputSource;",
      "Lorg/xml/sax/helpers/DefaultHandler.startElement(Ljava/lang/String;Ljava/lang/String;Ljava/lang/String;Lorg/xml/sax/Attributes;)V"
    ]
  },
  {
    "frequency": 3,
    "overriddenMethods": [
      "Ljava/lang/Object.toString()Ljava/lang/String;",
      "Lorg/xml/sax/helpers/DefaultHandler.characters([CII)V",
      "Lorg/xml/sax/helpers/DefaultHandler.endDocument()V",
      "Lorg/xml/sax/helpers/DefaultHandler.endElement(Ljava/lang/String;Ljava/lang/String;Ljava/lang/String;)V",
      "Lorg/xml/sax/helpers/DefaultHandler.ignorableWhitespace([CII)V",
      "Lorg/xml/sax/helpers/DefaultHandler.processingInstruction(Ljava/lang/String;Ljava/lang/String;)V",
      "Lorg/xml/sax/helpers/DefaultHandler.startDocument()V",
      "Lorg/xml/sax/helpers/DefaultHandler.startElement(Ljava/lang/String;Ljava/lang/String;Ljava/lang/String;Lorg/xml/sax/Attributes;)V"
    ]
  },
  {
    "frequency": 12,
    "overriddenMethods": [
      "Lorg/xml/sax/helpers/DefaultHandler.endElement(Ljava/lang/String;Ljava/lang/String;Ljava/lang/String;)V",
      "Lorg/xml/sax/helpers/DefaultHandler.setDocumentLocator(Lorg/xml/sax/Locator;)V",
      "Lorg/xml/sax/helpers/DefaultHandler.startElement(Ljava/lang/String;Ljava/lang/String;Ljava/lang/String;Lorg/xml/sax/Attributes;)V"
    ]
  },
  {
    "frequency": 1,
    "overriddenMethods": [
      "Lorg/xml/sax/helpers/DefaultHandler.characters([CII)V",
      "Lorg/xml/sax/helpers/DefaultHandler.endDocument()V",
      "Lorg/xml/sax/helpers/DefaultHandler.endElement(Ljava/lang/String;Ljava/lang/String;Ljava/lang/String;)V",
      "Lorg/xml/sax/helpers/DefaultHandler.endPrefixMapping(Ljava/lang/String;)V",
      "Lorg/xml/sax/helpers/DefaultHandler.error(Lorg/xml/sax/SAXParseException;)V",
      "Lorg/xml/sax/helpers/DefaultHandler.ignorableWhitespace([CII)V",
      "Lorg/xml/sax/helpers/DefaultHandler.setDocumentLocator(Lorg/xml/sax/Locator;)V",
      "Lorg/xml/sax/helpers/DefaultHandler.startElement(Ljava/lang/String;Ljava/lang/String;Ljava/lang/String;Lorg/xml/sax/Attributes;)V",
      "Lorg/xml/sax/helpers/DefaultHandler.startPrefixMapping(Ljava/lang/String;Ljava/lang/String;)V"
    ]
  },
  {
    "frequency": 20,
    "overriddenMethods": [
      "Lorg/xml/sax/helpers/DefaultHandler.characters([CII)V",
      "Lorg/xml/sax/helpers/DefaultHandler.endElement(Ljava/lang/String;Ljava/lang/String;Ljava/lang/String;)V",
      "Lorg/xml/sax/helpers/DefaultHandler.error(Lorg/xml/sax/SAXParseException;)V",
      "Lorg/xml/sax/helpers/DefaultHandler.fatalError(Lorg/xml/sax/SAXParseException;)V",
      "Lorg/xml/sax/helpers/DefaultHandler.ignorableWhitespace([CII)V",
      "Lorg/xml/sax/helpers/DefaultHandler.resolveEntity(Ljava/lang/String;Ljava/lang/String;)Lorg/xml/sax/InputSource;",
      "Lorg/xml/sax/helpers/DefaultHandler.startElement(Ljava/lang/String;Ljava/lang/String;Ljava/lang/String;Lorg/xml/sax/Attributes;)V",
      "Lorg/xml/sax/helpers/DefaultHandler.warning(Lorg/xml/sax/SAXParseException;)V"
    ]
  },
  {
    "frequency": 1,
    "overriddenMethods": [
      "Lorg/xml/sax/helpers/DefaultHandler.endDocument()V",
      "Lorg/xml/sax/helpers/DefaultHandler.error(Lorg/xml/sax/SAXParseException;)V",
      "Lorg/xml/sax/helpers/DefaultHandler.fatalError(Lorg/xml/sax/SAXParseException;)V",
      "Lorg/xml/sax/helpers/DefaultHandler.notationDecl(Ljava/lang/String;Ljava/lang/String;Ljava/lang/String;)V",
      "Lorg/xml/sax/helpers/DefaultHandler.processingInstruction(Ljava/lang/String;Ljava/lang/String;)V",
      "Lorg/xml/sax/helpers/DefaultHandler.resolveEntity(Ljava/lang/String;Ljava/lang/String;)Lorg/xml/sax/InputSource;",
      "Lorg/xml/sax/helpers/DefaultHandler.setDocumentLocator(Lorg/xml/sax/Locator;)V",
      "Lorg/xml/sax/helpers/DefaultHandler.startDocument()V",
      "Lorg/xml/sax/helpers/DefaultHandler.unparsedEntityDecl(Ljava/lang/String;Ljava/lang/String;Ljava/lang/String;Ljava/lang/String;)V",
      "Lorg/xml/sax/helpers/DefaultHandler.warning(Lorg/xml/sax/SAXParseException;)V"
    ]
  },
  {
    "frequency": 1,
    "overriddenMethods": [
      "Lorg/xml/sax/helpers/DefaultHandler.characters([CII)V",
      "Lorg/xml/sax/helpers/DefaultHandler.endDocument()V",
      "Lorg/xml/sax/helpers/DefaultHandler.endElement(Ljava/lang/String;Ljava/lang/String;Ljava/lang/String;)V",
      "Lorg/xml/sax/helpers/DefaultHandler.endPrefixMapping(Ljava/lang/String;)V",
      "Lorg/xml/sax/helpers/DefaultHandler.error(Lorg/xml/sax/SAXParseException;)V",
      "Lorg/xml/sax/helpers/DefaultHandler.fatalError(Lorg/xml/sax/SAXParseException;)V",
      "Lorg/xml/sax/helpers/DefaultHandler.ignorableWhitespace([CII)V",
      "Lorg/xml/sax/helpers/DefaultHandler.notationDecl(Ljava/lang/String;Ljava/lang/String;Ljava/lang/String;)V",
      "Lorg/xml/sax/helpers/DefaultHandler.processingInstruction(Ljava/lang/String;Ljava/lang/String;)V",
      "Lorg/xml/sax/helpers/DefaultHandler.setDocumentLocator(Lorg/xml/sax/Locator;)V",
      "Lorg/xml/sax/helpers/DefaultHandler.skippedEntity(Ljava/lang/String;)V",
      "Lorg/xml/sax/helpers/DefaultHandler.startDocument()V",
      "Lorg/xml/sax/helpers/DefaultHandler.startElement(Ljava/lang/String;Ljava/lang/String;Ljava/lang/String;Lorg/xml/sax/Attributes;)V",
      "Lorg/xml/sax/helpers/DefaultHandler.startPrefixMapping(Ljava/lang/String;Ljava/lang/String;)V",
      "Lorg/xml/sax/helpers/DefaultHandler.unparsedEntityDecl(Ljava/lang/String;Ljava/lang/String;Ljava/lang/String;Ljava/lang/String;)V",
      "Lorg/xml/sax/helpers/DefaultHandler.warning(Lorg/xml/sax/SAXParseException;)V"
    ]
  },
  {
    "frequency": 18,
    "overriddenMethods": [
      "Lorg/xml/sax/helpers/DefaultHandler.characters([CII)V",
      "Lorg/xml/sax/helpers/DefaultHandler.endElement(Ljava/lang/String;Ljava/lang/String;Ljava/lang/String;)V",
      "Lorg/xml/sax/helpers/DefaultHandler.endPrefixMapping(Ljava/lang/String;)V",
      "Lorg/xml/sax/helpers/DefaultHandler.error(Lorg/xml/sax/SAXParseException;)V",
      "Lorg/xml/sax/helpers/DefaultHandler.fatalError(Lorg/xml/sax/SAXParseException;)V",
      "Lorg/xml/sax/helpers/DefaultHandler.setDocumentLocator(Lorg/xml/sax/Locator;)V",
      "Lorg/xml/sax/helpers/DefaultHandler.startElement(Ljava/lang/String;Ljava/lang/String;Ljava/lang/String;Lorg/xml/sax/Attributes;)V",
      "Lorg/xml/sax/helpers/DefaultHandler.startPrefixMapping(Ljava/lang/String;Ljava/lang/String;)V"
    ]
  },
  {
    "frequency": 5,
    "overriddenMethods": [
      "Lorg/xml/sax/helpers/DefaultHandler.setDocumentLocator(Lorg/xml/sax/Locator;)V"
    ]
  },
  {
    "frequency": 28,
    "overriddenMethods": [
      "Lorg/xml/sax/helpers/DefaultHandler.characters([CII)V",
      "Lorg/xml/sax/helpers/DefaultHandler.endDocument()V",
      "Lorg/xml/sax/helpers/DefaultHandler.endElement(Ljava/lang/String;Ljava/lang/String;Ljava/lang/String;)V",
      "Lorg/xml/sax/helpers/DefaultHandler.startElement(Ljava/lang/String;Ljava/lang/String;Ljava/lang/String;Lorg/xml/sax/Attributes;)V"
    ]
  },
  {
    "frequency": 1,
    "overriddenMethods": [
      "Lorg/xml/sax/helpers/DefaultHandler.characters([CII)V",
      "Lorg/xml/sax/helpers/DefaultHandler.endDocument()V",
      "Lorg/xml/sax/helpers/DefaultHandler.endElement(Ljava/lang/String;Ljava/lang/String;Ljava/lang/String;)V",
      "Lorg/xml/sax/helpers/DefaultHandler.resolveEntity(Ljava/lang/String;Ljava/lang/String;)Lorg/xml/sax/InputSource;",
      "Lorg/xml/sax/helpers/DefaultHandler.startDocument()V",
      "Lorg/xml/sax/helpers/DefaultHandler.startElement(Ljava/lang/String;Ljava/lang/String;Ljava/lang/String;Lorg/xml/sax/Attributes;)V"
    ]
  },
  {
    "frequency": 2,
    "overriddenMethods": [
      "Lorg/xml/sax/helpers/DefaultHandler.endElement(Ljava/lang/String;Ljava/lang/String;Ljava/lang/String;)V",
      "Lorg/xml/sax/helpers/DefaultHandler.error(Lorg/xml/sax/SAXParseException;)V",
      "Lorg/xml/sax/helpers/DefaultHandler.fatalError(Lorg/xml/sax/SAXParseException;)V",
      "Lorg/xml/sax/helpers/DefaultHandler.setDocumentLocator(Lorg/xml/sax/Locator;)V",
      "Lorg/xml/sax/helpers/DefaultHandler.startElement(Ljava/lang/String;Ljava/lang/String;Ljava/lang/String;Lorg/xml/sax/Attributes;)V",
      "Lorg/xml/sax/helpers/DefaultHandler.warning(Lorg/xml/sax/SAXParseException;)V"
    ]
  },
  {
    "frequency": 1,
    "overriddenMethods": [
      "Lorg/xml/sax/helpers/DefaultHandler.characters([CII)V",
      "Lorg/xml/sax/helpers/DefaultHandler.endDocument()V",
      "Lorg/xml/sax/helpers/DefaultHandler.endElement(Ljava/lang/String;Ljava/lang/String;Ljava/lang/String;)V",
      "Lorg/xml/sax/helpers/DefaultHandler.endPrefixMapping(Ljava/lang/String;)V",
      "Lorg/xml/sax/helpers/DefaultHandler.startDocument()V",
      "Lorg/xml/sax/helpers/DefaultHandler.startElement(Ljava/lang/String;Ljava/lang/String;Ljava/lang/String;Lorg/xml/sax/Attributes;)V",
      "Lorg/xml/sax/helpers/DefaultHandler.startPrefixMapping(Ljava/lang/String;Ljava/lang/String;)V"
    ]
  },
  {
    "frequency": 54,
    "overriddenMethods": [
      "Lorg/xml/sax/helpers/DefaultHandler.characters([CII)V",
      "Lorg/xml/sax/helpers/DefaultHandler.endElement(Ljava/lang/String;Ljava/lang/String;Ljava/lang/String;)V",
      "Lorg/xml/sax/helpers/DefaultHandler.ignorableWhitespace([CII)V",
      "Lorg/xml/sax/helpers/DefaultHandler.startElement(Ljava/lang/String;Ljava/lang/String;Ljava/lang/String;Lorg/xml/sax/Attributes;)V"
    ]
  },
  {
    "frequency": 1,
    "overriddenMethods": [
      "Ljava/lang/Object.toString()Ljava/lang/String;",
      "Lorg/xml/sax/helpers/DefaultHandler.startElement(Ljava/lang/String;Ljava/lang/String;Ljava/lang/String;Lorg/xml/sax/Attributes;)V"
    ]
  },
  {
    "frequency": 2,
    "overriddenMethods": [
      "Lorg/xml/sax/helpers/DefaultHandler.characters([CII)V",
      "Lorg/xml/sax/helpers/DefaultHandler.endElement(Ljava/lang/String;Ljava/lang/String;Ljava/lang/String;)V",
      "Lorg/xml/sax/helpers/DefaultHandler.error(Lorg/xml/sax/SAXParseException;)V",
      "Lorg/xml/sax/helpers/DefaultHandler.fatalError(Lorg/xml/sax/SAXParseException;)V",
      "Lorg/xml/sax/helpers/DefaultHandler.resolveEntity(Ljava/lang/String;Ljava/lang/String;)Lorg/xml/sax/InputSource;",
      "Lorg/xml/sax/helpers/DefaultHandler.setDocumentLocator(Lorg/xml/sax/Locator;)V",
      "Lorg/xml/sax/helpers/DefaultHandler.startElement(Ljava/lang/String;Ljava/lang/String;Ljava/lang/String;Lorg/xml/sax/Attributes;)V",
      "Lorg/xml/sax/helpers/DefaultHandler.warning(Lorg/xml/sax/SAXParseException;)V"
    ]
  }
]