[
  {
    "frequency": 1,
    "overriddenMethods": [
      "Ljavax/xml/ws/spi/ServiceDelegate.createDispatch(Ljavax/xml/namespace/QName;Ljava/lang/Class;Ljavax/xml/ws/Service$Mode;)Ljavax/xml/ws/Dispatch;",
      "Ljavax/xml/ws/spi/ServiceDelegate.createDispatch(Ljavax/xml/namespace/QName;Ljava/lang/Class;Ljavax/xml/ws/Service$Mode;[Ljavax/xml/ws/WebServiceFeature;)Ljavax/xml/ws/Dispatch;",
      "Ljavax/xml/ws/spi/ServiceDelegate.createDispatch(Ljavax/xml/namespace/QName;Ljavax/xml/bind/JAXBContext;Ljavax/xml/ws/Service$Mode;)Ljavax/xml/ws/Dispatch;",
      "Ljavax/xml/ws/spi/ServiceDelegate.createDispatch(Ljavax/xml/namespace/QName;Ljavax/xml/bind/JAXBContext;Ljavax/xml/ws/Service$Mode;[Ljavax/xml/ws/WebServiceFeature;)Ljavax/xml/ws/Dispatch;",
      "Ljavax/xml/ws/spi/ServiceDelegate.createDispatch(Ljavax/xml/ws/EndpointReference;Ljava/lang/Class;Ljavax/xml/ws/Service$Mode;[Ljavax/xml/ws/WebServiceFeature;)Ljavax/xml/ws/Dispatch;",
      "Ljavax/xml/ws/spi/ServiceDelegate.createDispatch(Ljavax/xml/ws/EndpointReference;Ljavax/xml/bind/JAXBContext;Ljavax/xml/ws/Service$Mode;[Ljavax/xml/ws/WebServiceFeature;)Ljavax/xml/ws/Dispatch;",
      "Ljavax/xml/ws/spi/ServiceDelegate.getExecutor()Ljava/util/concurrent/Executor;",
      "Ljavax/xml/ws/spi/ServiceDelegate.getHandlerResolver()Ljavax/xml/ws/handler/HandlerResolver;",
      "Ljavax/xml/ws/spi/ServiceDelegate.getPort(Ljava/lang/Class;)Ljava/lang/Object;",
      "Ljavax/xml/ws/spi/ServiceDelegate.getPort(Ljava/lang/Class;[Ljavax/xml/ws/WebServiceFeature;)Ljava/lang/Object;",
      "Ljavax/xml/ws/spi/ServiceDelegate.getPort(Ljavax/xml/namespace/QName;Ljava/lang/Class;)Ljava/lang/Object;",
      "Ljavax/xml/ws/spi/ServiceDelegate.getPort(Ljavax/xml/namespace/QName;Ljava/lang/Class;[Ljavax/xml/ws/WebServiceFeature;)Ljava/lang/Object;",
      "Ljavax/xml/ws/spi/ServiceDelegate.getPort(Ljavax/xml/ws/EndpointReference;Ljava/lang/Class;[Ljavax/xml/ws/WebServiceFeature;)Ljava/lang/Object;",
      "Ljavax/xml/ws/spi/ServiceDelegate.getPorts()Ljava/util/Iterator;",
      "Ljavax/xml/ws/spi/ServiceDelegate.getServiceName()Ljavax/xml/namespace/QName;",
      "Ljavax/xml/ws/spi/ServiceDelegate.getWSDLDocumentLocation()Ljava/net/URL;",
      "Ljavax/xml/ws/spi/ServiceDelegate.setExecutor(Ljava/util/concurrent/Executor;)V",
      "Ljavax/xml/ws/spi/ServiceDelegate.setHandlerResolver(Ljavax/xml/ws/handler/HandlerResolver;)V"
    ]
  },
  {
    "frequency": 2,
    "overriddenMethods": [
      "Ljavax/xml/ws/spi/ServiceDelegate.addPort(Ljavax/xml/namespace/QName;Ljava/lang/String;Ljava/lang/String;)V",
      "Ljavax/xml/ws/spi/ServiceDelegate.createDispatch(Ljavax/xml/namespace/QName;Ljava/lang/Class;Ljavax/xml/ws/Service$Mode;)Ljavax/xml/ws/Dispatch;",
      "Ljavax/xml/ws/spi/ServiceDelegate.createDispatch(Ljavax/xml/namespace/QName;Ljava/lang/Class;Ljavax/xml/ws/Service$Mode;[Ljavax/xml/ws/WebServiceFeature;)Ljavax/xml/ws/Dispatch;",
      "Ljavax/xml/ws/spi/ServiceDelegate.createDispatch(Ljavax/xml/namespace/QName;Ljavax/xml/bind/JAXBContext;Ljavax/xml/ws/Service$Mode;)Ljavax/xml/ws/Dispatch;",
      "Ljavax/xml/ws/spi/ServiceDelegate.createDispatch(Ljavax/xml/namespace/QName;Ljavax/xml/bind/JAXBContext;Ljavax/xml/ws/Service$Mode;[Ljavax/xml/ws/WebServiceFeature;)Ljavax/xml/ws/Dispatch;",
      "Ljavax/xml/ws/spi/ServiceDelegate.createDispatch(Ljavax/xml/ws/EndpointReference;Ljava/lang/Class;Ljavax/xml/ws/Service$Mode;[Ljavax/xml/ws/WebServiceFeature;)Ljavax/xml/ws/Dispatch;",
      "Ljavax/xml/ws/spi/ServiceDelegate.createDispatch(Ljavax/xml/ws/EndpointReference;Ljavax/xml/bind/JAXBContext;Ljavax/xml/ws/Service$Mode;[Ljavax/xml/ws/WebServiceFeature;)Ljavax/xml/ws/Dispatch;",
      "Ljavax/xml/ws/spi/ServiceDelegate.getExecutor()Ljava/util/concurrent/Executor;",
      "Ljavax/xml/ws/spi/ServiceDelegate.getHandlerResolver()Ljavax/xml/ws/handler/HandlerResolver;",
      "Ljavax/xml/ws/spi/ServiceDelegate.getPort(Ljava/lang/Class;)Ljava/lang/Object;",
      "Ljavax/xml/ws/spi/ServiceDelegate.getPort(Ljava/lang/Class;[Ljavax/xml/ws/WebServiceFeature;)Ljava/lang/Object;",
      "Ljavax/xml/ws/spi/ServiceDelegate.getPort(Ljavax/xml/namespace/QName;Ljava/lang/Class;)Ljava/lang/Object;",
      "Ljavax/xml/ws/spi/ServiceDelegate.getPort(Ljavax/xml/namespace/QName;Ljava/lang/Class;[Ljavax/xml/ws/WebServiceFeature;)Ljava/lang/Object;",
      "Ljavax/xml/ws/spi/ServiceDelegate.getPort(Ljavax/xml/ws/EndpointReference;Ljava/lang/Class;[Ljavax/xml/ws/WebServiceFeature;)Ljava/lang/Object;",
      "Ljavax/xml/ws/spi/ServiceDelegate.getPorts()Ljava/util/Iterator;",
      "Ljavax/xml/ws/spi/ServiceDelegate.getServiceName()Ljavax/xml/namespace/QName;",
      "Ljavax/xml/ws/spi/ServiceDelegate.getWSDLDocumentLocation()Ljava/net/URL;",
      "Ljavax/xml/ws/spi/ServiceDelegate.setExecutor(Ljava/util/concurrent/Executor;)V",
      "Ljavax/xml/ws/spi/ServiceDelegate.setHandlerResolver(Ljavax/xml/ws/handler/HandlerResolver;)V"
    ]
  },
  {
    "frequency": 1,
    "overriddenMethods": [
      "Ljava/lang/Object.finalize()V",
      "Ljavax/xml/ws/spi/ServiceDelegate.addPort(Ljavax/xml/namespace/QName;Ljava/lang/String;Ljava/lang/String;)V",
      "Ljavax/xml/ws/spi/ServiceDelegate.createDispatch(Ljavax/xml/namespace/QName;Ljava/lang/Class;Ljavax/xml/ws/Service$Mode;)Ljavax/xml/ws/Dispatch;",
      "Ljavax/xml/ws/spi/ServiceDelegate.createDispatch(Ljavax/xml/namespace/QName;Ljava/lang/Class;Ljavax/xml/ws/Service$Mode;[Ljavax/xml/ws/WebServiceFeature;)Ljavax/xml/ws/Dispatch;",
      "Ljavax/xml/ws/spi/ServiceDelegate.createDispatch(Ljavax/xml/namespace/QName;Ljavax/xml/bind/JAXBContext;Ljavax/xml/ws/Service$Mode;)Ljavax/xml/ws/Dispatch;",
      "Ljavax/xml/ws/spi/ServiceDelegate.createDispatch(Ljavax/xml/namespace/QName;Ljavax/xml/bind/JAXBContext;Ljavax/xml/ws/Service$Mode;[Ljavax/xml/ws/WebServiceFeature;)Ljavax/xml/ws/Dispatch;",
      "Ljavax/xml/ws/spi/ServiceDelegate.createDispatch(Ljavax/xml/ws/EndpointReference;Ljava/lang/Class;Ljavax/xml/ws/Service$Mode;[Ljavax/xml/ws/WebServiceFeature;)Ljavax/xml/ws/Dispatch;",
      "Ljavax/xml/ws/spi/ServiceDelegate.createDispatch(Ljavax/xml/ws/EndpointReference;Ljavax/xml/bind/JAXBContext;Ljavax/xml/ws/Service$Mode;[Ljavax/xml/ws/WebServiceFeature;)Ljavax/xml/ws/Dispatch;",
      "Ljavax/xml/ws/spi/ServiceDelegate.getExecutor()Ljava/util/concurrent/Executor;",
      "Ljavax/xml/ws/spi/ServiceDelegate.getHandlerResolver()Ljavax/xml/ws/handler/HandlerResolver;",
      "Ljavax/xml/ws/spi/ServiceDelegate.getPort(Ljava/lang/Class;)Ljava/lang/Object;",
      "Ljavax/xml/ws/spi/ServiceDelegate.getPort(Ljava/lang/Class;[Ljavax/xml/ws/WebServiceFeature;)Ljava/lang/Object;",
      "Ljavax/xml/ws/spi/ServiceDelegate.getPort(Ljavax/xml/namespace/QName;Ljava/lang/Class;)Ljava/lang/Object;",
      "Ljavax/xml/ws/spi/ServiceDelegate.getPort(Ljavax/xml/namespace/QName;Ljava/lang/Class;[Ljavax/xml/ws/WebServiceFeature;)Ljava/lang/Object;",
      "Ljavax/xml/ws/spi/ServiceDelegate.getPort(Ljavax/xml/ws/EndpointReference;Ljava/lang/Class;[Ljavax/xml/ws/WebServiceFeature;)Ljava/lang/Object;",
      "Ljavax/xml/ws/spi/ServiceDelegate.getPorts()Ljava/util/Iterator;",
      "Ljavax/xml/ws/spi/ServiceDelegate.getServiceName()Ljavax/xml/namespace/QName;",
      "Ljavax/xml/ws/spi/ServiceDelegate.getWSDLDocumentLocation()Ljava/net/URL;",
      "Ljavax/xml/ws/spi/ServiceDelegate.setExecutor(Ljava/util/concurrent/Executor;)V",
      "Ljavax/xml/ws/spi/ServiceDelegate.setHandlerResolver(Ljavax/xml/ws/handler/HandlerResolver;)V"
    ]
  },
  {
    "frequency": 1,
    "overriddenMethods": [
      "Ljavax/xml/ws/spi/ServiceDelegate.addPort(Ljavax/xml/namespace/QName;Ljava/lang/String;Ljava/lang/String;)V",
      "Ljavax/xml/ws/spi/ServiceDelegate.createDispatch(Ljavax/xml/namespace/QName;Ljava/lang/Class;Ljavax/xml/ws/Service$Mode;)Ljavax/xml/ws/Dispatch;",
      "Ljavax/xml/ws/spi/ServiceDelegate.createDispatch(Ljavax/xml/namespace/QName;Ljavax/xml/bind/JAXBContext;Ljavax/xml/ws/Service$Mode;)Ljavax/xml/ws/Dispatch;",
      "Ljavax/xml/ws/spi/ServiceDelegate.getExecutor()Ljava/util/concurrent/Executor;",
      "Ljavax/xml/ws/spi/ServiceDelegate.getHandlerResolver()Ljavax/xml/ws/handler/HandlerResolver;",
      "Ljavax/xml/ws/spi/ServiceDelegate.getPort(Ljava/lang/Class;)Ljava/lang/Object;",
      "Ljavax/xml/ws/spi/ServiceDelegate.getPort(Ljavax/xml/namespace/QName;Ljava/lang/Class;)Ljava/lang/Object;",
      "Ljavax/xml/ws/spi/ServiceDelegate.getPorts()Ljava/util/Iterator;",
      "Ljavax/xml/ws/spi/ServiceDelegate.getServiceName()Ljavax/xml/namespace/QName;",
      "Ljavax/xml/ws/spi/ServiceDelegate.getWSDLDocumentLocation()Ljava/net/URL;",
      "Ljavax/xml/ws/spi/ServiceDelegate.setExecutor(Ljava/util/concurrent/Executor;)V",
      "Ljavax/xml/ws/spi/ServiceDelegate.setHandlerResolver(Ljavax/xml/ws/handler/HandlerResolver;)V"
    ]
  }
]