[
  {
    "frequency": 3,
    "overriddenMethods": [
      "Ljavax/xml/parsers/DocumentBuilder.getDOMImplementation()Lorg/w3c/dom/DOMImplementation;",
      "Ljavax/xml/parsers/DocumentBuilder.isNamespaceAware()Z",
      "Ljavax/xml/parsers/DocumentBuilder.isValidating()Z",
      "Ljavax/xml/parsers/DocumentBuilder.isXIncludeAware()Z",
      "Ljavax/xml/parsers/DocumentBuilder.newDocument()Lorg/w3c/dom/Document;",
      "Ljavax/xml/parsers/DocumentBuilder.parse(Ljava/io/File;)Lorg/w3c/dom/Document;",
      "Ljavax/xml/parsers/DocumentBuilder.parse(Lorg/xml/sax/InputSource;)Lorg/w3c/dom/Document;",
      "Ljavax/xml/parsers/DocumentBuilder.setEntityResolver(Lorg/xml/sax/EntityResolver;)V",
      "Ljavax/xml/parsers/DocumentBuilder.setErrorHandler(Lorg/xml/sax/ErrorHandler;)V"
    ]
  },
  {
    "frequency": 2,
    "overriddenMethods": [
      "Ljava/lang/Object.finalize()V",
      "Ljavax/xml/parsers/DocumentBuilder.getDOMImplementation()Lorg/w3c/dom/DOMImplementation;",
      "Ljavax/xml/parsers/DocumentBuilder.getSchema()Ljavax/xml/validation/Schema;",
      "Ljavax/xml/parsers/DocumentBuilder.isNamespaceAware()Z",
      "Ljavax/xml/parsers/DocumentBuilder.isValidating()Z",
      "Ljavax/xml/parsers/DocumentBuilder.isXIncludeAware()Z",
      "Ljavax/xml/parsers/DocumentBuilder.newDocument()Lorg/w3c/dom/Document;",
      "Ljavax/xml/parsers/DocumentBuilder.parse(Ljava/io/File;)Lorg/w3c/dom/Document;",
      "Ljavax/xml/parsers/DocumentBuilder.parse(Ljava/io/InputStream;)Lorg/w3c/dom/Document;",
      "Ljavax/xml/parsers/DocumentBuilder.parse(Ljava/io/InputStream;Ljava/lang/String;)Lorg/w3c/dom/Document;",
      "Ljavax/xml/parsers/DocumentBuilder.parse(Ljava/lang/String;)Lorg/w3c/dom/Document;",
      "Ljavax/xml/parsers/DocumentBuilder.parse(Lorg/xml/sax/InputSource;)Lorg/w3c/dom/Document;",
      "Ljavax/xml/parsers/DocumentBuilder.reset()V",
      "Ljavax/xml/parsers/DocumentBuilder.setEntityResolver(Lorg/xml/sax/EntityResolver;)V",
      "Ljavax/xml/parsers/DocumentBuilder.setErrorHandler(Lorg/xml/sax/ErrorHandler;)V"
    ]
  },
  {
    "frequency": 2,
    "overriddenMethods": [
      "Ljavax/xml/parsers/DocumentBuilder.getDOMImplementation()Lorg/w3c/dom/DOMImplementation;",
      "Ljavax/xml/parsers/DocumentBuilder.getSchema()Ljavax/xml/validation/Schema;",
      "Ljavax/xml/parsers/DocumentBuilder.isNamespaceAware()Z",
      "Ljavax/xml/parsers/DocumentBuilder.isValidating()Z",
      "Ljavax/xml/parsers/DocumentBuilder.newDocument()Lorg/w3c/dom/Document;",
      "Ljavax/xml/parsers/DocumentBuilder.parse(Ljava/io/File;)Lorg/w3c/dom/Document;",
      "Ljavax/xml/parsers/DocumentBuilder.parse(Ljava/io/InputStream;)Lorg/w3c/dom/Document;",
      "Ljavax/xml/parsers/DocumentBuilder.parse(Ljava/io/InputStream;Ljava/lang/String;)Lorg/w3c/dom/Document;",
      "Ljavax/xml/parsers/DocumentBuilder.parse(Ljava/lang/String;)Lorg/w3c/dom/Document;",
      "Ljavax/xml/parsers/DocumentBuilder.parse(Lorg/xml/sax/InputSource;)Lorg/w3c/dom/Document;",
      "Ljavax/xml/parsers/DocumentBuilder.setEntityResolver(Lorg/xml/sax/EntityResolver;)V",
      "Ljavax/xml/parsers/DocumentBuilder.setErrorHandler(Lorg/xml/sax/ErrorHandler;)V"
    ]
  },
  {
    "frequency": 4,
    "overriddenMethods": [
      "Ljavax/xml/parsers/DocumentBuilder.getDOMImplementation()Lorg/w3c/dom/DOMImplementation;",
      "Ljavax/xml/parsers/DocumentBuilder.isNamespaceAware()Z",
      "Ljavax/xml/parsers/DocumentBuilder.isValidating()Z",
      "Ljavax/xml/parsers/DocumentBuilder.newDocument()Lorg/w3c/dom/Document;",
      "Ljavax/xml/parsers/DocumentBuilder.parse(Ljava/io/File;)Lorg/w3c/dom/Document;",
      "Ljavax/xml/parsers/DocumentBuilder.parse(Ljava/io/InputStream;)Lorg/w3c/dom/Document;",
      "Ljavax/xml/parsers/DocumentBuilder.parse(Ljava/io/InputStream;Ljava/lang/String;)Lorg/w3c/dom/Document;",
      "Ljavax/xml/parsers/DocumentBuilder.parse(Ljava/lang/String;)Lorg/w3c/dom/Document;",
      "Ljavax/xml/parsers/DocumentBuilder.parse(Lorg/xml/sax/InputSource;)Lorg/w3c/dom/Document;",
      "Ljavax/xml/parsers/DocumentBuilder.setEntityResolver(Lorg/xml/sax/EntityResolver;)V",
      "Ljavax/xml/parsers/DocumentBuilder.setErrorHandler(Lorg/xml/sax/ErrorHandler;)V"
    ]
  },
  {
    "frequency": 24,
    "overriddenMethods": [
      "Ljavax/xml/parsers/DocumentBuilder.getDOMImplementation()Lorg/w3c/dom/DOMImplementation;",
      "Ljavax/xml/parsers/DocumentBuilder.getSchema()Ljavax/xml/validation/Schema;",
      "Ljavax/xml/parsers/DocumentBuilder.isNamespaceAware()Z",
      "Ljavax/xml/parsers/DocumentBuilder.isValidating()Z",
      "Ljavax/xml/parsers/DocumentBuilder.isXIncludeAware()Z",
      "Ljavax/xml/parsers/DocumentBuilder.newDocument()Lorg/w3c/dom/Document;",
      "Ljavax/xml/parsers/DocumentBuilder.parse(Lorg/xml/sax/InputSource;)Lorg/w3c/dom/Document;",
      "Ljavax/xml/parsers/DocumentBuilder.reset()V",
      "Ljavax/xml/parsers/DocumentBuilder.setEntityResolver(Lorg/xml/sax/EntityResolver;)V",
      "Ljavax/xml/parsers/DocumentBuilder.setErrorHandler(Lorg/xml/sax/ErrorHandler;)V"
    ]
  },
  {
    "frequency": 6,
    "overriddenMethods": [
      "Ljavax/xml/parsers/DocumentBuilder.getDOMImplementation()Lorg/w3c/dom/DOMImplementation;",
      "Ljavax/xml/parsers/DocumentBuilder.isNamespaceAware()Z",
      "Ljavax/xml/parsers/DocumentBuilder.isValidating()Z",
      "Ljavax/xml/parsers/DocumentBuilder.newDocument()Lorg/w3c/dom/Document;",
      "Ljavax/xml/parsers/DocumentBuilder.parse(Lorg/xml/sax/InputSource;)Lorg/w3c/dom/Document;",
      "Ljavax/xml/parsers/DocumentBuilder.setEntityResolver(Lorg/xml/sax/EntityResolver;)V",
      "Ljavax/xml/parsers/DocumentBuilder.setErrorHandler(Lorg/xml/sax/ErrorHandler;)V"
    ]
  }
]