[
  {
    "frequency": 3,
    "overriddenMethods": [
      "Ljavax/xml/parsers/SAXParserFactory.getFeature(Ljava/lang/String;)Z",
      "Ljavax/xml/parsers/SAXParserFactory.isNamespaceAware()Z",
      "Ljavax/xml/parsers/SAXParserFactory.isValidating()Z",
      "Ljavax/xml/parsers/SAXParserFactory.newSAXParser()Ljavax/xml/parsers/SAXParser;",
      "Ljavax/xml/parsers/SAXParserFactory.setFeature(Ljava/lang/String;Z)V",
      "Ljavax/xml/parsers/SAXParserFactory.setNamespaceAware(Z)V",
      "Ljavax/xml/parsers/SAXParserFactory.setValidating(Z)V"
    ]
  },
  {
    "frequency": 24,
    "overriddenMethods": [
      "Ljavax/xml/parsers/SAXParserFactory.getFeature(Ljava/lang/String;)Z",
      "Ljavax/xml/parsers/SAXParserFactory.getSchema()Ljavax/xml/validation/Schema;",
      "Ljavax/xml/parsers/SAXParserFactory.isXIncludeAware()Z",
      "Ljavax/xml/parsers/SAXParserFactory.newSAXParser()Ljavax/xml/parsers/SAXParser;",
      "Ljavax/xml/parsers/SAXParserFactory.setFeature(Ljava/lang/String;Z)V",
      "Ljavax/xml/parsers/SAXParserFactory.setSchema(Ljavax/xml/validation/Schema;)V",
      "Ljavax/xml/parsers/SAXParserFactory.setXIncludeAware(Z)V"
    ]
  },
  {
    "frequency": 9,
    "overriddenMethods": [
      "Ljavax/xml/parsers/SAXParserFactory.getFeature(Ljava/lang/String;)Z",
      "Ljavax/xml/parsers/SAXParserFactory.newSAXParser()Ljavax/xml/parsers/SAXParser;",
      "Ljavax/xml/parsers/SAXParserFactory.setFeature(Ljava/lang/String;Z)V",
      "Ljavax/xml/parsers/SAXParserFactory.setNamespaceAware(Z)V",
      "Ljavax/xml/parsers/SAXParserFactory.setValidating(Z)V"
    ]
  },
  {
    "frequency": 6,
    "overriddenMethods": [
      "Ljavax/xml/parsers/SAXParserFactory.getFeature(Ljava/lang/String;)Z",
      "Ljavax/xml/parsers/SAXParserFactory.getSchema()Ljavax/xml/validation/Schema;",
      "Ljavax/xml/parsers/SAXParserFactory.isNamespaceAware()Z",
      "Ljavax/xml/parsers/SAXParserFactory.isValidating()Z",
      "Ljavax/xml/parsers/SAXParserFactory.isXIncludeAware()Z",
      "Ljavax/xml/parsers/SAXParserFactory.newSAXParser()Ljavax/xml/parsers/SAXParser;",
      "Ljavax/xml/parsers/SAXParserFactory.setFeature(Ljava/lang/String;Z)V",
      "Ljavax/xml/parsers/SAXParserFactory.setNamespaceAware(Z)V",
      "Ljavax/xml/parsers/SAXParserFactory.setSchema(Ljavax/xml/validation/Schema;)V",
      "Ljavax/xml/parsers/SAXParserFactory.setValidating(Z)V",
      "Ljavax/xml/parsers/SAXParserFactory.setXIncludeAware(Z)V"
    ]
  },
  {
    "frequency": 19,
    "overriddenMethods": [
      "Ljavax/xml/parsers/SAXParserFactory.getFeature(Ljava/lang/String;)Z",
      "Ljavax/xml/parsers/SAXParserFactory.newSAXParser()Ljavax/xml/parsers/SAXParser;",
      "Ljavax/xml/parsers/SAXParserFactory.setFeature(Ljava/lang/String;Z)V"
    ]
  }
]