[
  {
    "frequency": 2,
    "overriddenMethods": []
  },
  {
    "frequency": 2,
    "overriddenMethods": [
      "Ljavax/swing/undo/AbstractUndoableEdit.addEdit(Ljavax/swing/undo/UndoableEdit;)Z",
      "Ljavax/swing/undo/AbstractUndoableEdit.getPresentationName()Ljava/lang/String;",
      "Ljavax/swing/undo/AbstractUndoableEdit.isSignificant()Z",
      "Ljavax/swing/undo/AbstractUndoableEdit.redo()V",
      "Ljavax/swing/undo/AbstractUndoableEdit.undo()V"
    ]
  },
  {
    "frequency": 2,
    "overriddenMethods": [
      "Ljavax/swing/undo/AbstractUndoableEdit.undo()V"
    ]
  },
  {
    "frequency": 1,
    "overriddenMethods": [
      "Ljavax/swing/undo/AbstractUndoableEdit.canRedo()Z",
      "Ljavax/swing/undo/AbstractUndoableEdit.canUndo()Z",
      "Ljavax/swing/undo/AbstractUndoableEdit.redo()V"
    ]
  },
  {
    "frequency": 2,
    "overriddenMethods": [
      "Ljavax/swing/undo/AbstractUndoableEdit.redo()V"
    ]
  },
  {
    "frequency": 9,
    "overriddenMethods": [
      "Ljavax/swing/undo/AbstractUndoableEdit.redo()V",
      "Ljavax/swing/undo/AbstractUndoableEdit.undo()V"
    ]
  },
  {
    "frequency": 1,
    "overriddenMethods": [
      "Ljavax/swing/undo/AbstractUndoableEdit.die()V",
      "Ljavax/swing/undo/AbstractUndoableEdit.getRedoPresentationName()Ljava/lang/String;",
      "Ljavax/swing/undo/AbstractUndoableEdit.getUndoPresentationName()Ljava/lang/String;",
      "Ljavax/swing/undo/AbstractUndoableEdit.redo()V",
      "Ljavax/swing/undo/AbstractUndoableEdit.undo()V"
    ]
  },
  {
    "frequency": 1,
    "overriddenMethods": [
      "Ljavax/swing/undo/AbstractUndoableEdit.getPresentationName()Ljava/lang/String;",
      "Ljavax/swing/undo/AbstractUndoableEdit.getRedoPresentationName()Ljava/lang/String;",
      "Ljavax/swing/undo/AbstractUndoableEdit.getUndoPresentationName()Ljava/lang/String;",
      "Ljavax/swing/undo/AbstractUndoableEdit.redo()V",
      "Ljavax/swing/undo/AbstractUndoableEdit.undo()V"
    ]
  }
]