[
  {
    "frequency": 2,
    "overriddenMethods": [
      "Ljavax/swing/undo/CompoundEdit.getRedoPresentationName()Ljava/lang/String;",
      "Ljavax/swing/undo/CompoundEdit.getUndoPresentationName()Ljava/lang/String;",
      "Ljavax/swing/undo/CompoundEdit.isInProgress()Z",
      "Ljavax/swing/undo/CompoundEdit.undo()V"
    ]
  },
  {
    "frequency": 2,
    "overriddenMethods": [
      "Ljavax/swing/undo/CompoundEdit.isSignificant()Z",
      "Ljavax/swing/undo/CompoundEdit.redo()V",
      "Ljavax/swing/undo/CompoundEdit.toString()Ljava/lang/String;",
      "Ljavax/swing/undo/CompoundEdit.undo()V"
    ]
  },
  {
    "frequency": 9,
    "overriddenMethods": [
      "Ljavax/swing/undo/CompoundEdit.addEdit(Ljavax/swing/undo/UndoableEdit;)Z",
      "Ljavax/swing/undo/CompoundEdit.canUndo()Z",
      "Ljavax/swing/undo/CompoundEdit.isInProgress()Z"
    ]
  },
  {
    "frequency": 2,
    "overriddenMethods": [
      "Ljavax/swing/undo/CompoundEdit.redo()V",
      "Ljavax/swing/undo/CompoundEdit.undo()V"
    ]
  },
  {
    "frequency": 2,
    "overriddenMethods": [
      "Ljavax/swing/undo/CompoundEdit.isSignificant()Z",
      "Ljavax/swing/undo/CompoundEdit.redo()V",
      "Ljavax/swing/undo/CompoundEdit.undo()V"
    ]
  },
  {
    "frequency": 1,
    "overriddenMethods": [
      "Ljavax/swing/undo/CompoundEdit.getPresentationName()Ljava/lang/String;",
      "Ljavax/swing/undo/CompoundEdit.isSignificant()Z",
      "Ljavax/swing/undo/CompoundEdit.redo()V",
      "Ljavax/swing/undo/CompoundEdit.toString()Ljava/lang/String;",
      "Ljavax/swing/undo/CompoundEdit.undo()V"
    ]
  },
  {
    "frequency": 1,
    "overriddenMethods": [
      "Ljavax/swing/undo/CompoundEdit.addEdit(Ljavax/swing/undo/UndoableEdit;)Z",
      "Ljavax/swing/undo/CompoundEdit.canRedo()Z",
      "Ljavax/swing/undo/CompoundEdit.canUndo()Z",
      "Ljavax/swing/undo/CompoundEdit.die()V",
      "Ljavax/swing/undo/CompoundEdit.end()V",
      "Ljavax/swing/undo/CompoundEdit.getPresentationName()Ljava/lang/String;",
      "Ljavax/swing/undo/CompoundEdit.getRedoPresentationName()Ljava/lang/String;",
      "Ljavax/swing/undo/CompoundEdit.getUndoPresentationName()Ljava/lang/String;",
      "Ljavax/swing/undo/CompoundEdit.isInProgress()Z",
      "Ljavax/swing/undo/CompoundEdit.isSignificant()Z",
      "Ljavax/swing/undo/CompoundEdit.lastEdit()Ljavax/swing/undo/UndoableEdit;",
      "Ljavax/swing/undo/CompoundEdit.redo()V",
      "Ljavax/swing/undo/CompoundEdit.toString()Ljava/lang/String;",
      "Ljavax/swing/undo/CompoundEdit.undo()V"
    ]
  }
]