[
  {
    "frequency": 2,
    "overriddenMethods": []
  },
  {
    "frequency": 2,
    "overriddenMethods": [
      "Ljavax/swing/undo/UndoManager.canUndo()Z",
      "Ljavax/swing/undo/UndoManager.discardAllEdits()V",
      "Ljavax/swing/undo/UndoManager.getRedoPresentationName()Ljava/lang/String;",
      "Ljavax/swing/undo/UndoManager.getUndoPresentationName()Ljava/lang/String;",
      "Ljavax/swing/undo/UndoManager.undoableEditHappened(Ljavax/swing/event/UndoableEditEvent;)V"
    ]
  },
  {
    "frequency": 2,
    "overriddenMethods": [
      "Ljavax/swing/undo/UndoManager.redo()V",
      "Ljavax/swing/undo/UndoManager.undo()V",
      "Ljavax/swing/undo/UndoManager.undoableEditHappened(Ljavax/swing/event/UndoableEditEvent;)V"
    ]
  },
  {
    "frequency": 9,
    "overriddenMethods": [
      "Ljavax/swing/undo/CompoundEdit.die()V",
      "Ljavax/swing/undo/UndoManager.discardAllEdits()V",
      "Ljavax/swing/undo/UndoManager.redo()V",
      "Ljavax/swing/undo/UndoManager.redoTo(Ljavax/swing/undo/UndoableEdit;)V",
      "Ljavax/swing/undo/UndoManager.trimEdits(II)V",
      "Ljavax/swing/undo/UndoManager.undo()V",
      "Ljavax/swing/undo/UndoManager.undoableEditHappened(Ljavax/swing/event/UndoableEditEvent;)V"
    ]
  }
]