[
  {
    "frequency": 20,
    "overriddenMethods": []
  },
  {
    "frequency": 4,
    "overriddenMethods": [
      "Ljava/util/logging/Logger.log(Ljava/util/logging/LogRecord;)V"
    ]
  },
  {
    "frequency": 1,
    "overriddenMethods": [
      "Ljava/util/logging/Logger.addHandler(Ljava/util/logging/Handler;)V",
      "Ljava/util/logging/Logger.getFilter()Ljava/util/logging/Filter;",
      "Ljava/util/logging/Logger.getHandlers()[Ljava/util/logging/Handler;",
      "Ljava/util/logging/Logger.getLevel()Ljava/util/logging/Level;",
      "Ljava/util/logging/Logger.getName()Ljava/lang/String;",
      "Ljava/util/logging/Logger.getParent()Ljava/util/logging/Logger;",
      "Ljava/util/logging/Logger.getResourceBundle()Ljava/util/ResourceBundle;",
      "Ljava/util/logging/Logger.getResourceBundleName()Ljava/lang/String;",
      "Ljava/util/logging/Logger.getUseParentHandlers()Z",
      "Ljava/util/logging/Logger.isLoggable(Ljava/util/logging/Level;)Z",
      "Ljava/util/logging/Logger.log(Ljava/util/logging/Level;Ljava/lang/String;)V",
      "Ljava/util/logging/Logger.log(Ljava/util/logging/Level;Ljava/lang/String;Ljava/lang/Object;)V",
      "Ljava/util/logging/Logger.log(Ljava/util/logging/Level;Ljava/lang/String;Ljava/lang/Throwable;)V",
      "Ljava/util/logging/Logger.log(Ljava/util/logging/Level;Ljava/lang/String;[Ljava/lang/Object;)V",
      "Ljava/util/logging/Logger.log(Ljava/util/logging/LogRecord;)V",
      "Ljava/util/logging/Logger.logp(Ljava/util/logging/Level;Ljava/lang/String;Ljava/lang/String;Ljava/lang/String;)V",
      "Ljava/util/logging/Logger.logp(Ljava/util/logging/Level;Ljava/lang/String;Ljava/lang/String;Ljava/lang/String;Ljava/lang/Object;)V",
      "Ljava/util/logging/Logger.logp(Ljava/util/logging/Level;Ljava/lang/String;Ljava/lang/String;Ljava/lang/String;Ljava/lang/Throwable;)V",
      "Ljava/util/logging/Logger.logp(Ljava/util/logging/Level;Ljava/lang/String;Ljava/lang/String;Ljava/lang/String;[Ljava/lang/Object;)V",
      "Ljava/util/logging/Logger.logrb(Ljava/util/logging/Level;Ljava/lang/String;Ljava/lang/String;Ljava/lang/String;Ljava/lang/String;)V",
      "Ljava/util/logging/Logger.logrb(Ljava/util/logging/Level;Ljava/lang/String;Ljava/lang/String;Ljava/lang/String;Ljava/lang/String;Ljava/lang/Object;)V",
      "Ljava/util/logging/Logger.logrb(Ljava/util/logging/Level;Ljava/lang/String;Ljava/lang/String;Ljava/lang/String;Ljava/lang/String;Ljava/lang/Throwable;)V",
      "Ljava/util/logging/Logger.logrb(Ljava/util/logging/Level;Ljava/lang/String;Ljava/lang/String;Ljava/lang/String;Ljava/lang/String;[Ljava/lang/Object;)V",
      "Ljava/util/logging/Logger.removeHandler(Ljava/util/logging/Handler;)V",
      "Ljava/util/logging/Logger.setFilter(Ljava/util/logging/Filter;)V",
      "Ljava/util/logging/Logger.setLevel(Ljava/util/logging/Level;)V",
      "Ljava/util/logging/Logger.setParent(Ljava/util/logging/Logger;)V",
      "Ljava/util/logging/Logger.setUseParentHandlers(Z)V",
      "Ljava/util/logging/Logger.throwing(Ljava/lang/String;Ljava/lang/String;Ljava/lang/Throwable;)V"
    ]
  },
  {
    "frequency": 5,
    "overriddenMethods": [
      "Ljava/lang/Object.toString()Ljava/lang/String;",
      "Ljava/util/logging/Logger.addHandler(Ljava/util/logging/Handler;)V",
      "Ljava/util/logging/Logger.config(Ljava/lang/String;)V",
      "Ljava/util/logging/Logger.entering(Ljava/lang/String;Ljava/lang/String;)V",
      "Ljava/util/logging/Logger.entering(Ljava/lang/String;Ljava/lang/String;Ljava/lang/Object;)V",
      "Ljava/util/logging/Logger.entering(Ljava/lang/String;Ljava/lang/String;[Ljava/lang/Object;)V",
      "Ljava/util/logging/Logger.exiting(Ljava/lang/String;Ljava/lang/String;)V",
      "Ljava/util/logging/Logger.exiting(Ljava/lang/String;Ljava/lang/String;Ljava/lang/Object;)V",
      "Ljava/util/logging/Logger.fine(Ljava/lang/String;)V",
      "Ljava/util/logging/Logger.finer(Ljava/lang/String;)V",
      "Ljava/util/logging/Logger.finest(Ljava/lang/String;)V",
      "Ljava/util/logging/Logger.getFilter()Ljava/util/logging/Filter;",
      "Ljava/util/logging/Logger.getHandlers()[Ljava/util/logging/Handler;",
      "Ljava/util/logging/Logger.getLevel()Ljava/util/logging/Level;",
      "Ljava/util/logging/Logger.getParent()Ljava/util/logging/Logger;",
      "Ljava/util/logging/Logger.getUseParentHandlers()Z",
      "Ljava/util/logging/Logger.info(Ljava/lang/String;)V",
      "Ljava/util/logging/Logger.isLoggable(Ljava/util/logging/Level;)Z",
      "Ljava/util/logging/Logger.log(Ljava/util/logging/Level;Ljava/lang/String;)V",
      "Ljava/util/logging/Logger.log(Ljava/util/logging/Level;Ljava/lang/String;Ljava/lang/Object;)V",
      "Ljava/util/logging/Logger.log(Ljava/util/logging/Level;Ljava/lang/String;Ljava/lang/Throwable;)V",
      "Ljava/util/logging/Logger.log(Ljava/util/logging/Level;Ljava/lang/String;[Ljava/lang/Object;)V",
      "Ljava/util/logging/Logger.log(Ljava/util/logging/LogRecord;)V",
      "Ljava/util/logging/Logger.logp(Ljava/util/logging/Level;Ljava/lang/String;Ljava/lang/String;Ljava/lang/String;)V",
      "Ljava/util/logging/Logger.logp(Ljava/util/logging/Level;Ljava/lang/String;Ljava/lang/String;Ljava/lang/String;Ljava/lang/Object;)V",
      "Ljava/util/logging/Logger.logp(Ljava/util/logging/Level;Ljava/lang/String;Ljava/lang/String;Ljava/lang/String;Ljava/lang/Throwable;)V",
      "Ljava/util/logging/Logger.logp(Ljava/util/logging/Level;Ljava/lang/String;Ljava/lang/String;Ljava/lang/String;[Ljava/lang/Object;)V",
      "Ljava/util/logging/Logger.logrb(Ljava/util/logging/Level;Ljava/lang/String;Ljava/lang/String;Ljava/lang/String;Ljava/lang/String;)V",
      "Ljava/util/logging/Logger.logrb(Ljava/util/logging/Level;Ljava/lang/String;Ljava/lang/String;Ljava/lang/String;Ljava/lang/String;Ljava/lang/Object;)V",
      "Ljava/util/logging/Logger.logrb(Ljava/util/logging/Level;Ljava/lang/String;Ljava/lang/String;Ljava/lang/String;Ljava/lang/String;Ljava/lang/Throwable;)V",
      "Ljava/util/logging/Logger.logrb(Ljava/util/logging/Level;Ljava/lang/String;Ljava/lang/String;Ljava/lang/String;Ljava/lang/String;[Ljava/lang/Object;)V",
      "Ljava/util/logging/Logger.removeHandler(Ljava/util/logging/Handler;)V",
      "Ljava/util/logging/Logger.setFilter(Ljava/util/logging/Filter;)V",
      "Ljava/util/logging/Logger.setLevel(Ljava/util/logging/Level;)V",
      "Ljava/util/logging/Logger.setParent(Ljava/util/logging/Logger;)V",
      "Ljava/util/logging/Logger.setUseParentHandlers(Z)V",
      "Ljava/util/logging/Logger.severe(Ljava/lang/String;)V",
      "Ljava/util/logging/Logger.throwing(Ljava/lang/String;Ljava/lang/String;Ljava/lang/Throwable;)V",
      "Ljava/util/logging/Logger.warning(Ljava/lang/String;)V"
    ]
  },
  {
    "frequency": 1,
    "overriddenMethods": [
      "Ljava/util/logging/Logger.log(Ljava/util/logging/Level;Ljava/lang/String;)V",
      "Ljava/util/logging/Logger.log(Ljava/util/logging/Level;Ljava/lang/String;Ljava/lang/Throwable;)V"
    ]
  },
  {
    "frequency": 4,
    "overriddenMethods": [
      "Ljava/util/logging/Logger.fine(Ljava/lang/String;)V",
      "Ljava/util/logging/Logger.info(Ljava/lang/String;)V",
      "Ljava/util/logging/Logger.severe(Ljava/lang/String;)V",
      "Ljava/util/logging/Logger.warning(Ljava/lang/String;)V"
    ]
  }
]