[
  {
    "frequency": 2,
    "overriddenMethods": [
      "Ljavax/swing/plaf/basic/BasicInternalFrameTitlePane.installListeners()V",
      "Ljavax/swing/plaf/basic/BasicInternalFrameTitlePane.uninstallListeners()V",
      "Ljavax/swing/plaf/metal/MetalInternalFrameTitlePane.createPropertyChangeListener()Ljava/beans/PropertyChangeListener;",
      "Ljavax/swing/plaf/metal/MetalInternalFrameTitlePane.paintComponent(Ljava/awt/Graphics;)V"
    ]
  },
  {
    "frequency": 1,
    "overriddenMethods": [
      "Ljavax/swing/plaf/metal/MetalInternalFrameTitlePane.paintComponent(Ljava/awt/Graphics;)V"
    ]
  },
  {
    "frequency": 1,
    "overriddenMethods": [
      "Ljavax/swing/JComponent.getMinimumSize()Ljava/awt/Dimension;",
      "Ljavax/swing/plaf/metal/MetalInternalFrameTitlePane.createButtons()V",
      "Ljavax/swing/plaf/metal/MetalInternalFrameTitlePane.createLayout()Ljava/awt/LayoutManager;",
      "Ljavax/swing/plaf/metal/MetalInternalFrameTitlePane.installDefaults()V",
      "Ljavax/swing/plaf/metal/MetalInternalFrameTitlePane.paintComponent(Ljava/awt/Graphics;)V",
      "Ljavax/swing/plaf/metal/MetalInternalFrameTitlePane.paintPalette(Ljava/awt/Graphics;)V"
    ]
  },
  {
    "frequency": 1,
    "overriddenMethods": [
      "Ljavax/swing/plaf/metal/MetalInternalFrameTitlePane.createButtons()V",
      "Ljavax/swing/plaf/metal/MetalInternalFrameTitlePane.createLayout()Ljava/awt/LayoutManager;",
      "Ljavax/swing/plaf/metal/MetalInternalFrameTitlePane.paintComponent(Ljava/awt/Graphics;)V"
    ]
  },
  {
    "frequency": 4,
    "overriddenMethods": [
      "Ljavax/swing/plaf/basic/BasicInternalFrameTitlePane.getTitle(Ljava/lang/String;Ljava/awt/FontMetrics;I)Ljava/lang/String;",
      "Ljavax/swing/plaf/metal/MetalInternalFrameTitlePane.paintComponent(Ljava/awt/Graphics;)V",
      "Ljavax/swing/plaf/metal/MetalInternalFrameTitlePane.paintPalette(Ljava/awt/Graphics;)V"
    ]
  }
]