[
  {
    "frequency": 3,
    "overriddenMethods": [
      "Ljavax/swing/plaf/basic/BasicScrollPaneUI.installDefaults(Ljavax/swing/JScrollPane;)V",
      "Ljavax/swing/plaf/basic/BasicScrollPaneUI.paint(Ljava/awt/Graphics;Ljavax/swing/JComponent;)V",
      "Ljavax/swing/plaf/basic/BasicScrollPaneUI.uninstallDefaults(Ljavax/swing/JScrollPane;)V",
      "Ljavax/swing/plaf/metal/MetalScrollPaneUI.installListeners(Ljavax/swing/JScrollPane;)V",
      "Ljavax/swing/plaf/metal/MetalScrollPaneUI.uninstallListeners(Ljavax/swing/JComponent;)V"
    ]
  },
  {
    "frequency": 1,
    "overriddenMethods": [
      "Ljavax/swing/plaf/basic/BasicScrollPaneUI.installDefaults(Ljavax/swing/JScrollPane;)V",
      "Ljavax/swing/plaf/metal/MetalScrollPaneUI.installListeners(Ljavax/swing/JScrollPane;)V",
      "Ljavax/swing/plaf/metal/MetalScrollPaneUI.uninstallListeners(Ljavax/swing/JComponent;)V"
    ]
  },
  {
    "frequency": 1,
    "overriddenMethods": [
      "Ljavax/swing/plaf/ComponentUI.update(Ljava/awt/Graphics;Ljavax/swing/JComponent;)V"
    ]
  },
  {
    "frequency": 2,
    "overriddenMethods": [
      "Ljavax/swing/plaf/metal/MetalScrollPaneUI.createScrollBarSwapListener()Ljava/beans/PropertyChangeListener;",
      "Ljavax/swing/plaf/metal/MetalScrollPaneUI.installUI(Ljavax/swing/JComponent;)V"
    ]
  },
  {
    "frequency": 1,
    "overriddenMethods": [
      "Ljavax/swing/plaf/basic/BasicScrollPaneUI.paint(Ljava/awt/Graphics;Ljavax/swing/JComponent;)V",
      "Ljavax/swing/plaf/metal/MetalScrollPaneUI.createScrollBarSwapListener()Ljava/beans/PropertyChangeListener;",
      "Ljavax/swing/plaf/metal/MetalScrollPaneUI.installUI(Ljavax/swing/JComponent;)V"
    ]
  }
]