[
  {
    "frequency": 4,
    "overriddenMethods": [
      "Ljavax/swing/plaf/metal/MetalScrollButton.paint(Ljava/awt/Graphics;)V",
      "Ljavax/swing/plaf/metal/MetalScrollButton.setFreeStanding(Z)V"
    ]
  },
  {
    "frequency": 1,
    "overriddenMethods": [
      "Ljavax/swing/plaf/metal/MetalScrollButton.getButtonWidth()I",
      "Ljavax/swing/plaf/metal/MetalScrollButton.getMaximumSize()Ljava/awt/Dimension;",
      "Ljavax/swing/plaf/metal/MetalScrollButton.getMinimumSize()Ljava/awt/Dimension;",
      "Ljavax/swing/plaf/metal/MetalScrollButton.getPreferredSize()Ljava/awt/Dimension;",
      "Ljavax/swing/plaf/metal/MetalScrollButton.paint(Ljava/awt/Graphics;)V",
      "Ljavax/swing/plaf/metal/MetalScrollButton.setFreeStanding(Z)V"
    ]
  },
  {
    "frequency": 1,
    "overriddenMethods": [
      "Ljava/awt/Component.isEnabled()Z",
      "Ljavax/swing/AbstractButton.fireActionPerformed(Ljava/awt/event/ActionEvent;)V",
      "Ljavax/swing/JComponent.setBorder(Ljavax/swing/border/Border;)V",
      "Ljavax/swing/plaf/metal/MetalScrollButton.paint(Ljava/awt/Graphics;)V"
    ]
  },
  {
    "frequency": 4,
    "overriddenMethods": [
      "Ljavax/swing/plaf/metal/MetalScrollButton.paint(Ljava/awt/Graphics;)V"
    ]
  }
]