[
  {
    "frequency": 2,
    "overriddenMethods": [
      "Ljavax/swing/plaf/basic/BasicScrollBarUI.createTrackListener()Ljavax/swing/plaf/basic/BasicScrollBarUI$TrackListener;",
      "Ljavax/swing/plaf/metal/MetalScrollBarUI.createDecreaseButton(I)Ljavax/swing/JButton;",
      "Ljavax/swing/plaf/metal/MetalScrollBarUI.createIncreaseButton(I)Ljavax/swing/JButton;",
      "Ljavax/swing/plaf/metal/MetalScrollBarUI.paintThumb(Ljava/awt/Graphics;Ljavax/swing/JComponent;Ljava/awt/Rectangle;)V",
      "Ljavax/swing/plaf/metal/MetalScrollBarUI.paintTrack(Ljava/awt/Graphics;Ljavax/swing/JComponent;Ljava/awt/Rectangle;)V"
    ]
  },
  {
    "frequency": 1,
    "overriddenMethods": [
      "Ljavax/swing/plaf/ComponentUI.update(Ljava/awt/Graphics;Ljavax/swing/JComponent;)V",
      "Ljavax/swing/plaf/basic/BasicScrollBarUI.installUI(Ljavax/swing/JComponent;)V",
      "Ljavax/swing/plaf/basic/BasicScrollBarUI.uninstallUI(Ljavax/swing/JComponent;)V",
      "Ljavax/swing/plaf/metal/MetalScrollBarUI.createDecreaseButton(I)Ljavax/swing/JButton;",
      "Ljavax/swing/plaf/metal/MetalScrollBarUI.createIncreaseButton(I)Ljavax/swing/JButton;",
      "Ljavax/swing/plaf/metal/MetalScrollBarUI.paintThumb(Ljava/awt/Graphics;Ljavax/swing/JComponent;Ljava/awt/Rectangle;)V",
      "Ljavax/swing/plaf/metal/MetalScrollBarUI.paintTrack(Ljava/awt/Graphics;Ljavax/swing/JComponent;Ljava/awt/Rectangle;)V",
      "Ljavax/swing/plaf/metal/MetalScrollBarUI.setThumbBounds(IIII)V"
    ]
  },
  {
    "frequency": 5,
    "overriddenMethods": [
      "Ljavax/swing/plaf/metal/MetalScrollBarUI.configureScrollBarColors()V",
      "Ljavax/swing/plaf/metal/MetalScrollBarUI.createDecreaseButton(I)Ljavax/swing/JButton;",
      "Ljavax/swing/plaf/metal/MetalScrollBarUI.createIncreaseButton(I)Ljavax/swing/JButton;",
      "Ljavax/swing/plaf/metal/MetalScrollBarUI.installDefaults()V",
      "Ljavax/swing/plaf/metal/MetalScrollBarUI.paintThumb(Ljava/awt/Graphics;Ljavax/swing/JComponent;Ljava/awt/Rectangle;)V",
      "Ljavax/swing/plaf/metal/MetalScrollBarUI.paintTrack(Ljava/awt/Graphics;Ljavax/swing/JComponent;Ljava/awt/Rectangle;)V"
    ]
  },
  {
    "frequency": 1,
    "overriddenMethods": [
      "Ljavax/swing/plaf/metal/MetalScrollBarUI.createDecreaseButton(I)Ljavax/swing/JButton;",
      "Ljavax/swing/plaf/metal/MetalScrollBarUI.createIncreaseButton(I)Ljavax/swing/JButton;"
    ]
  },
  {
    "frequency": 1,
    "overriddenMethods": [
      "Ljavax/swing/plaf/metal/MetalScrollBarUI.createDecreaseButton(I)Ljavax/swing/JButton;",
      "Ljavax/swing/plaf/metal/MetalScrollBarUI.createIncreaseButton(I)Ljavax/swing/JButton;",
      "Ljavax/swing/plaf/metal/MetalScrollBarUI.paintThumb(Ljava/awt/Graphics;Ljavax/swing/JComponent;Ljava/awt/Rectangle;)V"
    ]
  }
]