[
  {
    "frequency": 2,
    "overriddenMethods": [
      "Ljavax/swing/plaf/metal/MetalSliderUI.getThumbOverhang()I"
    ]
  },
  {
    "frequency": 2,
    "overriddenMethods": [
      "Ljavax/swing/plaf/basic/BasicSliderUI.createTrackListener(Ljavax/swing/JSlider;)Ljavax/swing/plaf/basic/BasicSliderUI$TrackListener;",
      "Ljavax/swing/plaf/metal/MetalSliderUI.getThumbOverhang()I",
      "Ljavax/swing/plaf/metal/MetalSliderUI.getThumbSize()Ljava/awt/Dimension;",
      "Ljavax/swing/plaf/metal/MetalSliderUI.getTrackWidth()I",
      "Ljavax/swing/plaf/metal/MetalSliderUI.installUI(Ljavax/swing/JComponent;)V",
      "Ljavax/swing/plaf/metal/MetalSliderUI.paintFocus(Ljava/awt/Graphics;)V",
      "Ljavax/swing/plaf/metal/MetalSliderUI.paintMajorTickForHorizSlider(Ljava/awt/Graphics;Ljava/awt/Rectangle;I)V",
      "Ljavax/swing/plaf/metal/MetalSliderUI.paintMajorTickForVertSlider(Ljava/awt/Graphics;Ljava/awt/Rectangle;I)V",
      "Ljavax/swing/plaf/metal/MetalSliderUI.paintMinorTickForHorizSlider(Ljava/awt/Graphics;Ljava/awt/Rectangle;I)V",
      "Ljavax/swing/plaf/metal/MetalSliderUI.paintMinorTickForVertSlider(Ljava/awt/Graphics;Ljava/awt/Rectangle;I)V",
      "Ljavax/swing/plaf/metal/MetalSliderUI.paintThumb(Ljava/awt/Graphics;)V",
      "Ljavax/swing/plaf/metal/MetalSliderUI.paintTrack(Ljava/awt/Graphics;)V"
    ]
  },
  {
    "frequency": 1,
    "overriddenMethods": [
      "Ljavax/swing/plaf/ComponentUI.update(Ljava/awt/Graphics;Ljavax/swing/JComponent;)V",
      "Ljavax/swing/plaf/basic/BasicSliderUI.drawInverted()Z",
      "Ljavax/swing/plaf/basic/BasicSliderUI.paintHorizontalLabel(Ljava/awt/Graphics;ILjava/awt/Component;)V",
      "Ljavax/swing/plaf/basic/BasicSliderUI.paintTicks(Ljava/awt/Graphics;)V",
      "Ljavax/swing/plaf/basic/BasicSliderUI.paintVerticalLabel(Ljava/awt/Graphics;ILjava/awt/Component;)V",
      "Ljavax/swing/plaf/basic/BasicSliderUI.uninstallUI(Ljavax/swing/JComponent;)V",
      "Ljavax/swing/plaf/metal/MetalSliderUI.getThumbSize()Ljava/awt/Dimension;",
      "Ljavax/swing/plaf/metal/MetalSliderUI.installUI(Ljavax/swing/JComponent;)V",
      "Ljavax/swing/plaf/metal/MetalSliderUI.paintFocus(Ljava/awt/Graphics;)V",
      "Ljavax/swing/plaf/metal/MetalSliderUI.paintMajorTickForHorizSlider(Ljava/awt/Graphics;Ljava/awt/Rectangle;I)V",
      "Ljavax/swing/plaf/metal/MetalSliderUI.paintMajorTickForVertSlider(Ljava/awt/Graphics;Ljava/awt/Rectangle;I)V",
      "Ljavax/swing/plaf/metal/MetalSliderUI.paintMinorTickForHorizSlider(Ljava/awt/Graphics;Ljava/awt/Rectangle;I)V",
      "Ljavax/swing/plaf/metal/MetalSliderUI.paintMinorTickForVertSlider(Ljava/awt/Graphics;Ljava/awt/Rectangle;I)V",
      "Ljavax/swing/plaf/metal/MetalSliderUI.paintTrack(Ljava/awt/Graphics;)V"
    ]
  }
]