[
  {
    "frequency": 1,
    "overriddenMethods": [
      "Ljavax/swing/plaf/metal/MetalInternalFrameUI.createNorthPane(Ljavax/swing/JInternalFrame;)Ljavax/swing/JComponent;",
      "Ljavax/swing/plaf/metal/MetalInternalFrameUI.installListeners()V",
      "Ljavax/swing/plaf/metal/MetalInternalFrameUI.installUI(Ljavax/swing/JComponent;)V",
      "Ljavax/swing/plaf/metal/MetalInternalFrameUI.setPalette(Z)V",
      "Ljavax/swing/plaf/metal/MetalInternalFrameUI.uninstallComponents()V",
      "Ljavax/swing/plaf/metal/MetalInternalFrameUI.uninstallListeners()V",
      "Ljavax/swing/plaf/metal/MetalInternalFrameUI.uninstallUI(Ljavax/swing/JComponent;)V"
    ]
  },
  {
    "frequency": 2,
    "overriddenMethods": [
      "Ljavax/swing/plaf/ComponentUI.update(Ljava/awt/Graphics;Ljavax/swing/JComponent;)V",
      "Ljavax/swing/plaf/metal/MetalInternalFrameUI.createNorthPane(Ljavax/swing/JInternalFrame;)Ljavax/swing/JComponent;"
    ]
  },
  {
    "frequency": 1,
    "overriddenMethods": [
      "Ljavax/swing/plaf/metal/MetalInternalFrameUI.createNorthPane(Ljavax/swing/JInternalFrame;)Ljavax/swing/JComponent;",
      "Ljavax/swing/plaf/metal/MetalInternalFrameUI.installUI(Ljavax/swing/JComponent;)V",
      "Ljavax/swing/plaf/metal/MetalInternalFrameUI.setPalette(Z)V",
      "Ljavax/swing/plaf/metal/MetalInternalFrameUI.uninstallUI(Ljavax/swing/JComponent;)V"
    ]
  },
  {
    "frequency": 1,
    "overriddenMethods": [
      "Ljavax/swing/plaf/metal/MetalInternalFrameUI.createNorthPane(Ljavax/swing/JInternalFrame;)Ljavax/swing/JComponent;",
      "Ljavax/swing/plaf/metal/MetalInternalFrameUI.setPalette(Z)V"
    ]
  },
  {
    "frequency": 1,
    "overriddenMethods": [
      "Ljavax/swing/plaf/ComponentUI.update(Ljava/awt/Graphics;Ljavax/swing/JComponent;)V",
      "Ljavax/swing/plaf/basic/BasicInternalFrameUI.installDefaults()V",
      "Ljavax/swing/plaf/metal/MetalInternalFrameUI.createNorthPane(Ljavax/swing/JInternalFrame;)Ljavax/swing/JComponent;",
      "Ljavax/swing/plaf/metal/MetalInternalFrameUI.installUI(Ljavax/swing/JComponent;)V",
      "Ljavax/swing/plaf/metal/MetalInternalFrameUI.setPalette(Z)V",
      "Ljavax/swing/plaf/metal/MetalInternalFrameUI.uninstallUI(Ljavax/swing/JComponent;)V"
    ]
  }
]