[
  {
    "frequency": 1,
    "overriddenMethods": [
      "Ljavax/swing/plaf/basic/BasicTabbedPaneUI.getContentBorderInsets(I)Ljava/awt/Insets;",
      "Ljavax/swing/plaf/basic/BasicTabbedPaneUI.paintContentBorder(Ljava/awt/Graphics;II)V",
      "Ljavax/swing/plaf/metal/MetalTabbedPaneUI.installDefaults()V",
      "Ljavax/swing/plaf/metal/MetalTabbedPaneUI.paintContentBorderRightEdge(Ljava/awt/Graphics;IIIIII)V",
      "Ljavax/swing/plaf/metal/MetalTabbedPaneUI.paintTabBackground(Ljava/awt/Graphics;IIIIIIZ)V"
    ]
  },
  {
    "frequency": 1,
    "overriddenMethods": [
      "Ljavax/swing/plaf/basic/BasicTabbedPaneUI.createChangeListener()Ljavax/swing/event/ChangeListener;",
      "Ljavax/swing/plaf/basic/BasicTabbedPaneUI.createPropertyChangeListener()Ljava/beans/PropertyChangeListener;",
      "Ljavax/swing/plaf/basic/BasicTabbedPaneUI.getContentBorderInsets(I)Ljava/awt/Insets;",
      "Ljavax/swing/plaf/basic/BasicTabbedPaneUI.getIconForTab(I)Ljavax/swing/Icon;",
      "Ljavax/swing/plaf/basic/BasicTabbedPaneUI.getSelectedTabPadInsets(I)Ljava/awt/Insets;",
      "Ljavax/swing/plaf/basic/BasicTabbedPaneUI.getTabAreaInsets(I)Ljava/awt/Insets;",
      "Ljavax/swing/plaf/basic/BasicTabbedPaneUI.getTabBounds(ILjava/awt/Rectangle;)Ljava/awt/Rectangle;",
      "Ljavax/swing/plaf/basic/BasicTabbedPaneUI.getTabInsets(II)Ljava/awt/Insets;",
      "Ljavax/swing/plaf/basic/BasicTabbedPaneUI.getTabRunIndent(II)I",
      "Ljavax/swing/plaf/basic/BasicTabbedPaneUI.installComponents()V",
      "Ljavax/swing/plaf/basic/BasicTabbedPaneUI.installKeyboardActions()V",
      "Ljavax/swing/plaf/basic/BasicTabbedPaneUI.installListeners()V",
      "Ljavax/swing/plaf/basic/BasicTabbedPaneUI.installUI(Ljavax/swing/JComponent;)V",
      "Ljavax/swing/plaf/basic/BasicTabbedPaneUI.layoutLabel(ILjava/awt/FontMetrics;ILjava/lang/String;Ljavax/swing/Icon;Ljava/awt/Rectangle;Ljava/awt/Rectangle;Ljava/awt/Rectangle;Z)V",
      "Ljavax/swing/plaf/basic/BasicTabbedPaneUI.paintContentBorder(Ljava/awt/Graphics;II)V",
      "Ljavax/swing/plaf/basic/BasicTabbedPaneUI.paintTab(Ljava/awt/Graphics;I[Ljava/awt/Rectangle;ILjava/awt/Rectangle;Ljava/awt/Rectangle;)V",
      "Ljavax/swing/plaf/basic/BasicTabbedPaneUI.paintTabArea(Ljava/awt/Graphics;II)V",
      "Ljavax/swing/plaf/basic/BasicTabbedPaneUI.shouldRotateTabRuns(I)Z",
      "Ljavax/swing/plaf/basic/BasicTabbedPaneUI.tabForCoordinate(Ljavax/swing/JTabbedPane;II)I",
      "Ljavax/swing/plaf/basic/BasicTabbedPaneUI.uninstallComponents()V",
      "Ljavax/swing/plaf/basic/BasicTabbedPaneUI.uninstallListeners()V",
      "Ljavax/swing/plaf/basic/BasicTabbedPaneUI.uninstallUI(Ljavax/swing/JComponent;)V",
      "Ljavax/swing/plaf/metal/MetalTabbedPaneUI.createLayoutManager()Ljava/awt/LayoutManager;",
      "Ljavax/swing/plaf/metal/MetalTabbedPaneUI.getTabLabelShiftX(IIZ)I",
      "Ljavax/swing/plaf/metal/MetalTabbedPaneUI.getTabLabelShiftY(IIZ)I",
      "Ljavax/swing/plaf/metal/MetalTabbedPaneUI.getTabRunOverlay(I)I",
      "Ljavax/swing/plaf/metal/MetalTabbedPaneUI.paint(Ljava/awt/Graphics;Ljavax/swing/JComponent;)V",
      "Ljavax/swing/plaf/metal/MetalTabbedPaneUI.paintFocusIndicator(Ljava/awt/Graphics;I[Ljava/awt/Rectangle;ILjava/awt/Rectangle;Ljava/awt/Rectangle;Z)V",
      "Ljavax/swing/plaf/metal/MetalTabbedPaneUI.paintTabBackground(Ljava/awt/Graphics;IIIIIIZ)V",
      "Ljavax/swing/plaf/metal/MetalTabbedPaneUI.paintTabBorder(Ljava/awt/Graphics;IIIIIIZ)V",
      "Ljavax/swing/plaf/metal/MetalTabbedPaneUI.shouldPadTabRun(II)Z"
    ]
  },
  {
    "frequency": 3,
    "overriddenMethods": [
      "Ljavax/swing/plaf/basic/BasicTabbedPaneUI.createChangeListener()Ljavax/swing/event/ChangeListener;",
      "Ljavax/swing/plaf/basic/BasicTabbedPaneUI.createPropertyChangeListener()Ljava/beans/PropertyChangeListener;",
      "Ljavax/swing/plaf/basic/BasicTabbedPaneUI.getContentBorderInsets(I)Ljava/awt/Insets;",
      "Ljavax/swing/plaf/basic/BasicTabbedPaneUI.getIconForTab(I)Ljavax/swing/Icon;",
      "Ljavax/swing/plaf/basic/BasicTabbedPaneUI.getSelectedTabPadInsets(I)Ljava/awt/Insets;",
      "Ljavax/swing/plaf/basic/BasicTabbedPaneUI.getTabAreaInsets(I)Ljava/awt/Insets;",
      "Ljavax/swing/plaf/basic/BasicTabbedPaneUI.getTabInsets(II)Ljava/awt/Insets;",
      "Ljavax/swing/plaf/basic/BasicTabbedPaneUI.getTabRunIndent(II)I",
      "Ljavax/swing/plaf/basic/BasicTabbedPaneUI.installUI(Ljavax/swing/JComponent;)V",
      "Ljavax/swing/plaf/basic/BasicTabbedPaneUI.layoutLabel(ILjava/awt/FontMetrics;ILjava/lang/String;Ljavax/swing/Icon;Ljava/awt/Rectangle;Ljava/awt/Rectangle;Ljava/awt/Rectangle;Z)V",
      "Ljavax/swing/plaf/basic/BasicTabbedPaneUI.paintContentBorder(Ljava/awt/Graphics;II)V",
      "Ljavax/swing/plaf/basic/BasicTabbedPaneUI.shouldRotateTabRuns(I)Z",
      "Ljavax/swing/plaf/basic/BasicTabbedPaneUI.uninstallUI(Ljavax/swing/JComponent;)V",
      "Ljavax/swing/plaf/metal/MetalTabbedPaneUI.createLayoutManager()Ljava/awt/LayoutManager;",
      "Ljavax/swing/plaf/metal/MetalTabbedPaneUI.getTabLabelShiftX(IIZ)I",
      "Ljavax/swing/plaf/metal/MetalTabbedPaneUI.getTabLabelShiftY(IIZ)I",
      "Ljavax/swing/plaf/metal/MetalTabbedPaneUI.getTabRunOverlay(I)I",
      "Ljavax/swing/plaf/metal/MetalTabbedPaneUI.paint(Ljava/awt/Graphics;Ljavax/swing/JComponent;)V",
      "Ljavax/swing/plaf/metal/MetalTabbedPaneUI.paintFocusIndicator(Ljava/awt/Graphics;I[Ljava/awt/Rectangle;ILjava/awt/Rectangle;Ljava/awt/Rectangle;Z)V",
      "Ljavax/swing/plaf/metal/MetalTabbedPaneUI.paintTabBackground(Ljava/awt/Graphics;IIIIIIZ)V",
      "Ljavax/swing/plaf/metal/MetalTabbedPaneUI.paintTabBorder(Ljava/awt/Graphics;IIIIIIZ)V",
      "Ljavax/swing/plaf/metal/MetalTabbedPaneUI.shouldPadTabRun(II)Z"
    ]
  }
]