[
  {
    "frequency": 1,
    "overriddenMethods": [
      "Ljavax/swing/plaf/basic/BasicButtonUI.createButtonListener(Ljavax/swing/AbstractButton;)Ljavax/swing/plaf/basic/BasicButtonListener;",
      "Ljavax/swing/plaf/metal/MetalRadioButtonUI.paint(Ljava/awt/Graphics;Ljavax/swing/JComponent;)V"
    ]
  },
  {
    "frequency": 3,
    "overriddenMethods": [
      "Ljavax/swing/plaf/basic/BasicButtonUI.createButtonListener(Ljavax/swing/AbstractButton;)Ljavax/swing/plaf/basic/BasicButtonListener;"
    ]
  },
  {
    "frequency": 2,
    "overriddenMethods": [
      "Ljavax/swing/plaf/metal/MetalCheckBoxUI.installDefaults(Ljavax/swing/AbstractButton;)V"
    ]
  },
  {
    "frequency": 1,
    "overriddenMethods": [
      "Ljavax/swing/plaf/ComponentUI.update(Ljava/awt/Graphics;Ljavax/swing/JComponent;)V",
      "Ljavax/swing/plaf/basic/BasicButtonUI.installUI(Ljavax/swing/JComponent;)V",
      "Ljavax/swing/plaf/basic/BasicButtonUI.paintFocus(Ljava/awt/Graphics;Ljavax/swing/AbstractButton;Ljava/awt/Rectangle;Ljava/awt/Rectangle;Ljava/awt/Rectangle;)V",
      "Ljavax/swing/plaf/basic/BasicButtonUI.uninstallUI(Ljavax/swing/JComponent;)V",
      "Ljavax/swing/plaf/metal/MetalRadioButtonUI.paint(Ljava/awt/Graphics;Ljavax/swing/JComponent;)V"
    ]
  },
  {
    "frequency": 2,
    "overriddenMethods": [
      "Ljavax/swing/plaf/metal/MetalCheckBoxUI.installDefaults(Ljavax/swing/AbstractButton;)V",
      "Ljavax/swing/plaf/metal/MetalRadioButtonUI.paintFocus(Ljava/awt/Graphics;Ljava/awt/Rectangle;Ljava/awt/Dimension;)V"
    ]
  },
  {
    "frequency": 1,
    "overriddenMethods": [
      "Ljavax/swing/plaf/metal/MetalCheckBoxUI.getPropertyPrefix()Ljava/lang/String;",
      "Ljavax/swing/plaf/metal/MetalCheckBoxUI.installDefaults(Ljavax/swing/AbstractButton;)V",
      "Ljavax/swing/plaf/metal/MetalCheckBoxUI.uninstallDefaults(Ljavax/swing/AbstractButton;)V"
    ]
  },
  {
    "frequency": 2,
    "overriddenMethods": [
      "Ljavax/swing/plaf/metal/MetalCheckBoxUI.installDefaults(Ljavax/swing/AbstractButton;)V",
      "Ljavax/swing/plaf/metal/MetalCheckBoxUI.uninstallDefaults(Ljavax/swing/AbstractButton;)V",
      "Ljavax/swing/plaf/metal/MetalRadioButtonUI.paint(Ljava/awt/Graphics;Ljavax/swing/JComponent;)V",
      "Ljavax/swing/plaf/metal/MetalRadioButtonUI.paintFocus(Ljava/awt/Graphics;Ljava/awt/Rectangle;Ljava/awt/Dimension;)V"
    ]
  }
]