[
  {
    "frequency": 2,
    "overriddenMethods": [
      "Ljavax/swing/plaf/metal/MetalFileChooserUI.installComponents(Ljavax/swing/JFileChooser;)V"
    ]
  },
  {
    "frequency": 1,
    "overriddenMethods": [
      "Ljavax/swing/plaf/basic/BasicFileChooserUI.getFileView(Ljavax/swing/JFileChooser;)Ljavax/swing/filechooser/FileView;"
    ]
  },
  {
    "frequency": 1,
    "overriddenMethods": [
      "Ljavax/swing/plaf/basic/BasicFileChooserUI.clearIconCache()V",
      "Ljavax/swing/plaf/basic/BasicFileChooserUI.getFileView(Ljavax/swing/JFileChooser;)Ljavax/swing/filechooser/FileView;"
    ]
  },
  {
    "frequency": 2,
    "overriddenMethods": [
      "Ljavax/swing/plaf/ComponentUI.update(Ljava/awt/Graphics;Ljavax/swing/JComponent;)V",
      "Ljavax/swing/plaf/basic/BasicFileChooserUI.getFileView(Ljavax/swing/JFileChooser;)Ljavax/swing/filechooser/FileView;",
      "Ljavax/swing/plaf/basic/BasicFileChooserUI.installDefaults(Ljavax/swing/JFileChooser;)V",
      "Ljavax/swing/plaf/basic/BasicFileChooserUI.uninstallDefaults(Ljavax/swing/JFileChooser;)V",
      "Ljavax/swing/plaf/basic/BasicFileChooserUI.uninstallListeners(Ljavax/swing/JFileChooser;)V",
      "Ljavax/swing/plaf/metal/MetalFileChooserUI.installComponents(Ljavax/swing/JFileChooser;)V",
      "Ljavax/swing/plaf/metal/MetalFileChooserUI.installListeners(Ljavax/swing/JFileChooser;)V",
      "Ljavax/swing/plaf/metal/MetalFileChooserUI.installUI(Ljavax/swing/JComponent;)V",
      "Ljavax/swing/plaf/metal/MetalFileChooserUI.uninstallComponents(Ljavax/swing/JFileChooser;)V",
      "Ljavax/swing/plaf/metal/MetalFileChooserUI.uninstallUI(Ljavax/swing/JComponent;)V"
    ]
  },
  {
    "frequency": 1,
    "overriddenMethods": [
      "Ljavax/swing/plaf/ComponentUI.update(Ljava/awt/Graphics;Ljavax/swing/JComponent;)V",
      "Ljavax/swing/plaf/basic/BasicFileChooserUI.getFileView(Ljavax/swing/JFileChooser;)Ljavax/swing/filechooser/FileView;",
      "Ljavax/swing/plaf/metal/MetalFileChooserUI.installUI(Ljavax/swing/JComponent;)V",
      "Ljavax/swing/plaf/metal/MetalFileChooserUI.uninstallUI(Ljavax/swing/JComponent;)V"
    ]
  }
]