[
  {
    "frequency": 1,
    "overriddenMethods": [
      "Ljavax/swing/plaf/ComponentUI.paint(Ljava/awt/Graphics;Ljavax/swing/JComponent;)V"
    ]
  },
  {
    "frequency": 4,
    "overriddenMethods": [
      "Ljavax/swing/plaf/basic/BasicToolBarUI.installDefaults()V",
      "Ljavax/swing/plaf/basic/BasicToolBarUI.setBorderToRollover(Ljava/awt/Component;)V",
      "Ljavax/swing/plaf/metal/MetalToolBarUI.createRolloverBorder()Ljavax/swing/border/Border;",
      "Ljavax/swing/plaf/metal/MetalToolBarUI.installListeners()V",
      "Ljavax/swing/plaf/metal/MetalToolBarUI.uninstallListeners()V",
      "Ljavax/swing/plaf/metal/MetalToolBarUI.update(Ljava/awt/Graphics;Ljavax/swing/JComponent;)V"
    ]
  },
  {
    "frequency": 1,
    "overriddenMethods": [
      "Ljavax/swing/plaf/ComponentUI.paint(Ljava/awt/Graphics;Ljavax/swing/JComponent;)V",
      "Ljavax/swing/plaf/basic/BasicToolBarUI.setBorderToRollover(Ljava/awt/Component;)V",
      "Ljavax/swing/plaf/metal/MetalToolBarUI.installUI(Ljavax/swing/JComponent;)V"
    ]
  },
  {
    "frequency": 1,
    "overriddenMethods": [
      "Ljavax/swing/plaf/basic/BasicToolBarUI.installDefaults()V",
      "Ljavax/swing/plaf/basic/BasicToolBarUI.setBorderToRollover(Ljava/awt/Component;)V",
      "Ljavax/swing/plaf/metal/MetalToolBarUI.createRolloverBorder()Ljavax/swing/border/Border;",
      "Ljavax/swing/plaf/metal/MetalToolBarUI.installListeners()V",
      "Ljavax/swing/plaf/metal/MetalToolBarUI.uninstallListeners()V"
    ]
  },
  {
    "frequency": 2,
    "overriddenMethods": [
      "Ljavax/swing/plaf/ComponentUI.paint(Ljava/awt/Graphics;Ljavax/swing/JComponent;)V",
      "Ljavax/swing/plaf/basic/BasicToolBarUI.createFloatingWindow(Ljavax/swing/JToolBar;)Ljavax/swing/RootPaneContainer;",
      "Ljavax/swing/plaf/basic/BasicToolBarUI.setBorderToNormal(Ljava/awt/Component;)V",
      "Ljavax/swing/plaf/basic/BasicToolBarUI.setBorderToRollover(Ljava/awt/Component;)V",
      "Ljavax/swing/plaf/metal/MetalToolBarUI.installUI(Ljavax/swing/JComponent;)V",
      "Ljavax/swing/plaf/metal/MetalToolBarUI.uninstallUI(Ljavax/swing/JComponent;)V"
    ]
  },
  {
    "frequency": 1,
    "overriddenMethods": [
      "Ljavax/swing/plaf/basic/BasicToolBarUI.installDefaults()V",
      "Ljavax/swing/plaf/basic/BasicToolBarUI.setBorderToRollover(Ljava/awt/Component;)V",
      "Ljavax/swing/plaf/metal/MetalToolBarUI.createDockingListener()Ljavax/swing/event/MouseInputListener;",
      "Ljavax/swing/plaf/metal/MetalToolBarUI.createRolloverBorder()Ljavax/swing/border/Border;",
      "Ljavax/swing/plaf/metal/MetalToolBarUI.installListeners()V",
      "Ljavax/swing/plaf/metal/MetalToolBarUI.uninstallListeners()V"
    ]
  },
  {
    "frequency": 2,
    "overriddenMethods": [
      "Ljavax/swing/plaf/metal/MetalToolBarUI.createRolloverBorder()Ljavax/swing/border/Border;"
    ]
  },
  {
    "frequency": 1,
    "overriddenMethods": [
      "Ljavax/swing/plaf/basic/BasicToolBarUI.installNormalBorders(Ljavax/swing/JComponent;)V",
      "Ljavax/swing/plaf/basic/BasicToolBarUI.setBorderToRollover(Ljava/awt/Component;)V",
      "Ljavax/swing/plaf/metal/MetalToolBarUI.createDockingListener()Ljavax/swing/event/MouseInputListener;",
      "Ljavax/swing/plaf/metal/MetalToolBarUI.setBorderToNonRollover(Ljava/awt/Component;)V",
      "Ljavax/swing/plaf/metal/MetalToolBarUI.setDragOffset(Ljava/awt/Point;)V",
      "Ljavax/swing/plaf/metal/MetalToolBarUI.update(Ljava/awt/Graphics;Ljavax/swing/JComponent;)V"
    ]
  }
]