[
  {
    "frequency": 1,
    "overriddenMethods": [
      "Ljavax/swing/plaf/basic/BasicComboBoxUI.installDefaults()V",
      "Ljavax/swing/plaf/metal/MetalComboBoxUI.paint(Ljava/awt/Graphics;Ljavax/swing/JComponent;)V",
      "Ljavax/swing/plaf/metal/MetalComboBoxUI.paintCurrentValue(Ljava/awt/Graphics;Ljava/awt/Rectangle;Z)V"
    ]
  },
  {
    "frequency": 2,
    "overriddenMethods": [
      "Ljavax/swing/plaf/basic/BasicComboBoxUI.installDefaults()V",
      "Ljavax/swing/plaf/basic/BasicComboBoxUI.installListeners()V",
      "Ljavax/swing/plaf/basic/BasicComboBoxUI.uninstallDefaults()V",
      "Ljavax/swing/plaf/basic/BasicComboBoxUI.uninstallListeners()V",
      "Ljavax/swing/plaf/metal/MetalComboBoxUI.createArrowButton()Ljavax/swing/JButton;",
      "Ljavax/swing/plaf/metal/MetalComboBoxUI.createEditor()Ljavax/swing/ComboBoxEditor;",
      "Ljavax/swing/plaf/metal/MetalComboBoxUI.getMinimumSize(Ljavax/swing/JComponent;)Ljava/awt/Dimension;"
    ]
  },
  {
    "frequency": 1,
    "overriddenMethods": [
      "Ljavax/swing/plaf/basic/BasicComboBoxUI.addEditor()V",
      "Ljavax/swing/plaf/basic/BasicComboBoxUI.configureArrowButton()V",
      "Ljavax/swing/plaf/basic/BasicComboBoxUI.createFocusListener()Ljava/awt/event/FocusListener;",
      "Ljavax/swing/plaf/basic/BasicComboBoxUI.createItemListener()Ljava/awt/event/ItemListener;",
      "Ljavax/swing/plaf/basic/BasicComboBoxUI.createKeyListener()Ljava/awt/event/KeyListener;",
      "Ljavax/swing/plaf/basic/BasicComboBoxUI.createListDataListener()Ljavax/swing/event/ListDataListener;",
      "Ljavax/swing/plaf/basic/BasicComboBoxUI.createRenderer()Ljavax/swing/ListCellRenderer;",
      "Ljavax/swing/plaf/basic/BasicComboBoxUI.getAccessibleChild(Ljavax/swing/JComponent;I)Ljavax/accessibility/Accessible;",
      "Ljavax/swing/plaf/basic/BasicComboBoxUI.getAccessibleChildrenCount(Ljavax/swing/JComponent;)I",
      "Ljavax/swing/plaf/basic/BasicComboBoxUI.getDefaultSize()Ljava/awt/Dimension;",
      "Ljavax/swing/plaf/basic/BasicComboBoxUI.getDisplaySize()Ljava/awt/Dimension;",
      "Ljavax/swing/plaf/basic/BasicComboBoxUI.getInsets()Ljava/awt/Insets;",
      "Ljavax/swing/plaf/basic/BasicComboBoxUI.getMaximumSize(Ljavax/swing/JComponent;)Ljava/awt/Dimension;",
      "Ljavax/swing/plaf/basic/BasicComboBoxUI.getPreferredSize(Ljavax/swing/JComponent;)Ljava/awt/Dimension;",
      "Ljavax/swing/plaf/basic/BasicComboBoxUI.installComponents()V",
      "Ljavax/swing/plaf/basic/BasicComboBoxUI.installDefaults()V",
      "Ljavax/swing/plaf/basic/BasicComboBoxUI.installKeyboardActions()V",
      "Ljavax/swing/plaf/basic/BasicComboBoxUI.installListeners()V",
      "Ljavax/swing/plaf/basic/BasicComboBoxUI.installUI(Ljavax/swing/JComponent;)V",
      "Ljavax/swing/plaf/basic/BasicComboBoxUI.isFocusTraversable(Ljavax/swing/JComboBox;)Z",
      "Ljavax/swing/plaf/basic/BasicComboBoxUI.isNavigationKey(I)Z",
      "Ljavax/swing/plaf/basic/BasicComboBoxUI.isPopupVisible(Ljavax/swing/JComboBox;)Z",
      "Ljavax/swing/plaf/basic/BasicComboBoxUI.rectangleForCurrentValue()Ljava/awt/Rectangle;",
      "Ljavax/swing/plaf/basic/BasicComboBoxUI.removeEditor()V",
      "Ljavax/swing/plaf/basic/BasicComboBoxUI.selectNextPossibleValue()V",
      "Ljavax/swing/plaf/basic/BasicComboBoxUI.selectPreviousPossibleValue()V",
      "Ljavax/swing/plaf/basic/BasicComboBoxUI.setPopupVisible(Ljavax/swing/JComboBox;Z)V",
      "Ljavax/swing/plaf/basic/BasicComboBoxUI.toggleOpenClose()V",
      "Ljavax/swing/plaf/basic/BasicComboBoxUI.unconfigureArrowButton()V",
      "Ljavax/swing/plaf/basic/BasicComboBoxUI.uninstallComponents()V",
      "Ljavax/swing/plaf/basic/BasicComboBoxUI.uninstallDefaults()V",
      "Ljavax/swing/plaf/basic/BasicComboBoxUI.uninstallKeyboardActions()V",
      "Ljavax/swing/plaf/basic/BasicComboBoxUI.uninstallListeners()V",
      "Ljavax/swing/plaf/basic/BasicComboBoxUI.uninstallUI(Ljavax/swing/JComponent;)V",
      "Ljavax/swing/plaf/metal/MetalComboBoxUI.configureEditor()V",
      "Ljavax/swing/plaf/metal/MetalComboBoxUI.createArrowButton()Ljavax/swing/JButton;",
      "Ljavax/swing/plaf/metal/MetalComboBoxUI.createEditor()Ljavax/swing/ComboBoxEditor;",
      "Ljavax/swing/plaf/metal/MetalComboBoxUI.createLayoutManager()Ljava/awt/LayoutManager;",
      "Ljavax/swing/plaf/metal/MetalComboBoxUI.createPopup()Ljavax/swing/plaf/basic/ComboPopup;",
      "Ljavax/swing/plaf/metal/MetalComboBoxUI.createPropertyChangeListener()Ljava/beans/PropertyChangeListener;",
      "Ljavax/swing/plaf/metal/MetalComboBoxUI.getMinimumSize(Ljavax/swing/JComponent;)Ljava/awt/Dimension;",
      "Ljavax/swing/plaf/metal/MetalComboBoxUI.paint(Ljava/awt/Graphics;Ljavax/swing/JComponent;)V",
      "Ljavax/swing/plaf/metal/MetalComboBoxUI.paintCurrentValue(Ljava/awt/Graphics;Ljava/awt/Rectangle;Z)V",
      "Ljavax/swing/plaf/metal/MetalComboBoxUI.paintCurrentValueBackground(Ljava/awt/Graphics;Ljava/awt/Rectangle;Z)V",
      "Ljavax/swing/plaf/metal/MetalComboBoxUI.unconfigureEditor()V"
    ]
  },
  {
    "frequency": 1,
    "overriddenMethods": [
      "Ljavax/swing/plaf/metal/MetalComboBoxUI.createArrowButton()Ljavax/swing/JButton;"
    ]
  },
  {
    "frequency": 1,
    "overriddenMethods": [
      "Ljavax/swing/plaf/basic/BasicComboBoxUI.createRenderer()Ljavax/swing/ListCellRenderer;"
    ]
  },
  {
    "frequency": 1,
    "overriddenMethods": [
      "Ljavax/swing/plaf/ComponentUI.update(Ljava/awt/Graphics;Ljavax/swing/JComponent;)V",
      "Ljavax/swing/plaf/basic/BasicComboBoxUI.configureArrowButton()V",
      "Ljavax/swing/plaf/basic/BasicComboBoxUI.createRenderer()Ljavax/swing/ListCellRenderer;",
      "Ljavax/swing/plaf/basic/BasicComboBoxUI.installComponents()V",
      "Ljavax/swing/plaf/basic/BasicComboBoxUI.installListeners()V",
      "Ljavax/swing/plaf/basic/BasicComboBoxUI.installUI(Ljavax/swing/JComponent;)V",
      "Ljavax/swing/plaf/basic/BasicComboBoxUI.isFocusTraversable(Ljavax/swing/JComboBox;)Z",
      "Ljavax/swing/plaf/basic/BasicComboBoxUI.unconfigureArrowButton()V",
      "Ljavax/swing/plaf/basic/BasicComboBoxUI.uninstallComponents()V",
      "Ljavax/swing/plaf/basic/BasicComboBoxUI.uninstallUI(Ljavax/swing/JComponent;)V",
      "Ljavax/swing/plaf/metal/MetalComboBoxUI.createArrowButton()Ljavax/swing/JButton;",
      "Ljavax/swing/plaf/metal/MetalComboBoxUI.createEditor()Ljavax/swing/ComboBoxEditor;",
      "Ljavax/swing/plaf/metal/MetalComboBoxUI.createPopup()Ljavax/swing/plaf/basic/ComboPopup;",
      "Ljavax/swing/plaf/metal/MetalComboBoxUI.paint(Ljava/awt/Graphics;Ljavax/swing/JComponent;)V"
    ]
  },
  {
    "frequency": 3,
    "overriddenMethods": [
      "Ljavax/swing/plaf/metal/MetalComboBoxUI.createArrowButton()Ljavax/swing/JButton;",
      "Ljavax/swing/plaf/metal/MetalComboBoxUI.createEditor()Ljavax/swing/ComboBoxEditor;",
      "Ljavax/swing/plaf/metal/MetalComboBoxUI.createLayoutManager()Ljava/awt/LayoutManager;",
      "Ljavax/swing/plaf/metal/MetalComboBoxUI.createPopup()Ljavax/swing/plaf/basic/ComboPopup;",
      "Ljavax/swing/plaf/metal/MetalComboBoxUI.createPropertyChangeListener()Ljava/beans/PropertyChangeListener;",
      "Ljavax/swing/plaf/metal/MetalComboBoxUI.getMinimumSize(Ljavax/swing/JComponent;)Ljava/awt/Dimension;"
    ]
  },
  {
    "frequency": 1,
    "overriddenMethods": [
      "Ljavax/swing/plaf/ComponentUI.update(Ljava/awt/Graphics;Ljavax/swing/JComponent;)V",
      "Ljavax/swing/plaf/basic/BasicComboBoxUI.createRenderer()Ljavax/swing/ListCellRenderer;",
      "Ljavax/swing/plaf/basic/BasicComboBoxUI.getPreferredSize(Ljavax/swing/JComponent;)Ljava/awt/Dimension;",
      "Ljavax/swing/plaf/basic/BasicComboBoxUI.installListeners()V",
      "Ljavax/swing/plaf/basic/BasicComboBoxUI.installUI(Ljavax/swing/JComponent;)V",
      "Ljavax/swing/plaf/basic/BasicComboBoxUI.rectangleForCurrentValue()Ljava/awt/Rectangle;",
      "Ljavax/swing/plaf/basic/BasicComboBoxUI.uninstallListeners()V",
      "Ljavax/swing/plaf/metal/MetalComboBoxUI.createArrowButton()Ljavax/swing/JButton;",
      "Ljavax/swing/plaf/metal/MetalComboBoxUI.createEditor()Ljavax/swing/ComboBoxEditor;",
      "Ljavax/swing/plaf/metal/MetalComboBoxUI.createLayoutManager()Ljava/awt/LayoutManager;",
      "Ljavax/swing/plaf/metal/MetalComboBoxUI.createPopup()Ljavax/swing/plaf/basic/ComboPopup;",
      "Ljavax/swing/plaf/metal/MetalComboBoxUI.createPropertyChangeListener()Ljava/beans/PropertyChangeListener;",
      "Ljavax/swing/plaf/metal/MetalComboBoxUI.getMinimumSize(Ljavax/swing/JComponent;)Ljava/awt/Dimension;"
    ]
  }
]