[
  {
    "frequency": 4,
    "overriddenMethods": []
  },
  {
    "frequency": 1,
    "overriddenMethods": [
      "Ljava/util/concurrent/CountDownLatch.await()V",
      "Ljava/util/concurrent/CountDownLatch.await(JLjava/util/concurrent/TimeUnit;)Z",
      "Ljava/util/concurrent/CountDownLatch.countDown()V",
      "Ljava/util/concurrent/CountDownLatch.getCount()J",
      "Ljava/util/concurrent/CountDownLatch.toString()Ljava/lang/String;"
    ]
  },
  {
    "frequency": 1,
    "overriddenMethods": [
      "Ljava/util/concurrent/CountDownLatch.await(JLjava/util/concurrent/TimeUnit;)Z"
    ]
  }
]