[
  {
    "frequency": 2,
    "overriddenMethods": []
  },
  {
    "frequency": 7,
    "overriddenMethods": [
      "Ljava/util/concurrent/LinkedBlockingQueue.offer(Ljava/lang/Object;)Z"
    ]
  },
  {
    "frequency": 1,
    "overriddenMethods": [
      "Ljava/util/concurrent/LinkedBlockingQueue.poll(JLjava/util/concurrent/TimeUnit;)Ljava/lang/Object;"
    ]
  },
  {
    "frequency": 3,
    "overriddenMethods": [
      "Ljava/util/concurrent/LinkedBlockingQueue.offer(Ljava/lang/Object;)Z",
      "Ljava/util/concurrent/LinkedBlockingQueue.poll(JLjava/util/concurrent/TimeUnit;)Ljava/lang/Object;",
      "Ljava/util/concurrent/LinkedBlockingQueue.remainingCapacity()I",
      "Ljava/util/concurrent/LinkedBlockingQueue.take()Ljava/lang/Object;"
    ]
  }
]