[
  {
    "frequency": 4,
    "overriddenMethods": [
      "Ljava/lang/Object.toString()Ljava/lang/String;",
      "Ljavax/xml/datatype/DatatypeFactory.newDuration(J)Ljavax/xml/datatype/Duration;",
      "Ljavax/xml/datatype/DatatypeFactory.newDuration(Ljava/lang/String;)Ljavax/xml/datatype/Duration;",
      "Ljavax/xml/datatype/DatatypeFactory.newDuration(ZIIIIII)Ljavax/xml/datatype/Duration;",
      "Ljavax/xml/datatype/DatatypeFactory.newDuration(ZLjava/math/BigInteger;Ljava/math/BigInteger;Ljava/math/BigInteger;Ljava/math/BigInteger;Ljava/math/BigInteger;Ljava/math/BigDecimal;)Ljavax/xml/datatype/Duration;",
      "Ljavax/xml/datatype/DatatypeFactory.newDurationDayTime(J)Ljavax/xml/datatype/Duration;",
      "Ljavax/xml/datatype/DatatypeFactory.newDurationDayTime(Ljava/lang/String;)Ljavax/xml/datatype/Duration;",
      "Ljavax/xml/datatype/DatatypeFactory.newDurationDayTime(ZIIII)Ljavax/xml/datatype/Duration;",
      "Ljavax/xml/datatype/DatatypeFactory.newDurationDayTime(ZLjava/math/BigInteger;Ljava/math/BigInteger;Ljava/math/BigInteger;Ljava/math/BigInteger;)Ljavax/xml/datatype/Duration;",
      "Ljavax/xml/datatype/DatatypeFactory.newDurationYearMonth(J)Ljavax/xml/datatype/Duration;",
      "Ljavax/xml/datatype/DatatypeFactory.newDurationYearMonth(Ljava/lang/String;)Ljavax/xml/datatype/Duration;",
      "Ljavax/xml/datatype/DatatypeFactory.newDurationYearMonth(ZII)Ljavax/xml/datatype/Duration;",
      "Ljavax/xml/datatype/DatatypeFactory.newDurationYearMonth(ZLjava/math/BigInteger;Ljava/math/BigInteger;)Ljavax/xml/datatype/Duration;",
      "Ljavax/xml/datatype/DatatypeFactory.newXMLGregorianCalendar()Ljavax/xml/datatype/XMLGregorianCalendar;",
      "Ljavax/xml/datatype/DatatypeFactory.newXMLGregorianCalendar(IIIIIIII)Ljavax/xml/datatype/XMLGregorianCalendar;",
      "Ljavax/xml/datatype/DatatypeFactory.newXMLGregorianCalendar(Ljava/lang/String;)Ljavax/xml/datatype/XMLGregorianCalendar;",
      "Ljavax/xml/datatype/DatatypeFactory.newXMLGregorianCalendar(Ljava/math/BigInteger;IIIIILjava/math/BigDecimal;I)Ljavax/xml/datatype/XMLGregorianCalendar;",
      "Ljavax/xml/datatype/DatatypeFactory.newXMLGregorianCalendar(Ljava/util/GregorianCalendar;)Ljavax/xml/datatype/XMLGregorianCalendar;",
      "Ljavax/xml/datatype/DatatypeFactory.newXMLGregorianCalendarDate(IIII)Ljavax/xml/datatype/XMLGregorianCalendar;",
      "Ljavax/xml/datatype/DatatypeFactory.newXMLGregorianCalendarTime(IIII)Ljavax/xml/datatype/XMLGregorianCalendar;",
      "Ljavax/xml/datatype/DatatypeFactory.newXMLGregorianCalendarTime(IIIII)Ljavax/xml/datatype/XMLGregorianCalendar;",
      "Ljavax/xml/datatype/DatatypeFactory.newXMLGregorianCalendarTime(IIILjava/math/BigDecimal;I)Ljavax/xml/datatype/XMLGregorianCalendar;"
    ]
  },
  {
    "frequency": 12,
    "overriddenMethods": [
      "Ljavax/xml/datatype/DatatypeFactory.newDuration(J)Ljavax/xml/datatype/Duration;",
      "Ljavax/xml/datatype/DatatypeFactory.newDuration(Ljava/lang/String;)Ljavax/xml/datatype/Duration;",
      "Ljavax/xml/datatype/DatatypeFactory.newDuration(ZLjava/math/BigInteger;Ljava/math/BigInteger;Ljava/math/BigInteger;Ljava/math/BigInteger;Ljava/math/BigInteger;Ljava/math/BigDecimal;)Ljavax/xml/datatype/Duration;",
      "Ljavax/xml/datatype/DatatypeFactory.newXMLGregorianCalendar()Ljavax/xml/datatype/XMLGregorianCalendar;",
      "Ljavax/xml/datatype/DatatypeFactory.newXMLGregorianCalendar(Ljava/lang/String;)Ljavax/xml/datatype/XMLGregorianCalendar;",
      "Ljavax/xml/datatype/DatatypeFactory.newXMLGregorianCalendar(Ljava/math/BigInteger;IIIIILjava/math/BigDecimal;I)Ljavax/xml/datatype/XMLGregorianCalendar;",
      "Ljavax/xml/datatype/DatatypeFactory.newXMLGregorianCalendar(Ljava/util/GregorianCalendar;)Ljavax/xml/datatype/XMLGregorianCalendar;"
    ]
  },
  {
    "frequency": 12,
    "overriddenMethods": [
      "Ljavax/xml/datatype/DatatypeFactory.newDuration(J)Ljavax/xml/datatype/Duration;",
      "Ljavax/xml/datatype/DatatypeFactory.newDuration(Ljava/lang/String;)Ljavax/xml/datatype/Duration;",
      "Ljavax/xml/datatype/DatatypeFactory.newDuration(ZLjava/math/BigInteger;Ljava/math/BigInteger;Ljava/math/BigInteger;Ljava/math/BigInteger;Ljava/math/BigInteger;Ljava/math/BigDecimal;)Ljavax/xml/datatype/Duration;",
      "Ljavax/xml/datatype/DatatypeFactory.newXMLGregorianCalendar()Ljavax/xml/datatype/XMLGregorianCalendar;",
      "Ljavax/xml/datatype/DatatypeFactory.newXMLGregorianCalendar(IIIIIIII)Ljavax/xml/datatype/XMLGregorianCalendar;",
      "Ljavax/xml/datatype/DatatypeFactory.newXMLGregorianCalendar(Ljava/lang/String;)Ljavax/xml/datatype/XMLGregorianCalendar;",
      "Ljavax/xml/datatype/DatatypeFactory.newXMLGregorianCalendar(Ljava/math/BigInteger;IIIIILjava/math/BigDecimal;I)Ljavax/xml/datatype/XMLGregorianCalendar;",
      "Ljavax/xml/datatype/DatatypeFactory.newXMLGregorianCalendar(Ljava/util/GregorianCalendar;)Ljavax/xml/datatype/XMLGregorianCalendar;"
    ]
  }
]