[
  {
    "frequency": 24,
    "overriddenMethods": [
      "Ljavax/xml/datatype/Duration.add(Ljavax/xml/datatype/Duration;)Ljavax/xml/datatype/Duration;",
      "Ljavax/xml/datatype/Duration.addTo(Ljava/util/Calendar;)V",
      "Ljavax/xml/datatype/Duration.addTo(Ljava/util/Date;)V",
      "Ljavax/xml/datatype/Duration.compare(Ljavax/xml/datatype/Duration;)I",
      "Ljavax/xml/datatype/Duration.getDays()I",
      "Ljavax/xml/datatype/Duration.getField(Ljavax/xml/datatype/DatatypeConstants$Field;)Ljava/lang/Number;",
      "Ljavax/xml/datatype/Duration.getHours()I",
      "Ljavax/xml/datatype/Duration.getMinutes()I",
      "Ljavax/xml/datatype/Duration.getMonths()I",
      "Ljavax/xml/datatype/Duration.getSeconds()I",
      "Ljavax/xml/datatype/Duration.getSign()I",
      "Ljavax/xml/datatype/Duration.getTimeInMillis(Ljava/util/Calendar;)J",
      "Ljavax/xml/datatype/Duration.getTimeInMillis(Ljava/util/Date;)J",
      "Ljavax/xml/datatype/Duration.getYears()I",
      "Ljavax/xml/datatype/Duration.hashCode()I",
      "Ljavax/xml/datatype/Duration.isSet(Ljavax/xml/datatype/DatatypeConstants$Field;)Z",
      "Ljavax/xml/datatype/Duration.multiply(I)Ljavax/xml/datatype/Duration;",
      "Ljavax/xml/datatype/Duration.multiply(Ljava/math/BigDecimal;)Ljavax/xml/datatype/Duration;",
      "Ljavax/xml/datatype/Duration.negate()Ljavax/xml/datatype/Duration;",
      "Ljavax/xml/datatype/Duration.normalizeWith(Ljava/util/Calendar;)Ljavax/xml/datatype/Duration;",
      "Ljavax/xml/datatype/Duration.subtract(Ljavax/xml/datatype/Duration;)Ljavax/xml/datatype/Duration;",
      "Ljavax/xml/datatype/Duration.toString()Ljava/lang/String;"
    ]
  },
  {
    "frequency": 1,
    "overriddenMethods": [
      "Ljavax/xml/datatype/Duration.add(Ljavax/xml/datatype/Duration;)Ljavax/xml/datatype/Duration;",
      "Ljavax/xml/datatype/Duration.addTo(Ljava/util/Calendar;)V",
      "Ljavax/xml/datatype/Duration.compare(Ljavax/xml/datatype/Duration;)I",
      "Ljavax/xml/datatype/Duration.equals(Ljava/lang/Object;)Z",
      "Ljavax/xml/datatype/Duration.getDays()I",
      "Ljavax/xml/datatype/Duration.getField(Ljavax/xml/datatype/DatatypeConstants$Field;)Ljava/lang/Number;",
      "Ljavax/xml/datatype/Duration.getHours()I",
      "Ljavax/xml/datatype/Duration.getMinutes()I",
      "Ljavax/xml/datatype/Duration.getMonths()I",
      "Ljavax/xml/datatype/Duration.getSeconds()I",
      "Ljavax/xml/datatype/Duration.getSign()I",
      "Ljavax/xml/datatype/Duration.getYears()I",
      "Ljavax/xml/datatype/Duration.hashCode()I",
      "Ljavax/xml/datatype/Duration.isSet(Ljavax/xml/datatype/DatatypeConstants$Field;)Z",
      "Ljavax/xml/datatype/Duration.multiply(Ljava/math/BigDecimal;)Ljavax/xml/datatype/Duration;",
      "Ljavax/xml/datatype/Duration.negate()Ljavax/xml/datatype/Duration;",
      "Ljavax/xml/datatype/Duration.normalizeWith(Ljava/util/Calendar;)Ljavax/xml/datatype/Duration;",
      "Ljavax/xml/datatype/Duration.toString()Ljava/lang/String;"
    ]
  },
  {
    "frequency": 3,
    "overriddenMethods": [
      "Ljavax/xml/datatype/Duration.add(Ljavax/xml/datatype/Duration;)Ljavax/xml/datatype/Duration;",
      "Ljavax/xml/datatype/Duration.addTo(Ljava/util/Calendar;)V",
      "Ljavax/xml/datatype/Duration.compare(Ljavax/xml/datatype/Duration;)I",
      "Ljavax/xml/datatype/Duration.getField(Ljavax/xml/datatype/DatatypeConstants$Field;)Ljava/lang/Number;",
      "Ljavax/xml/datatype/Duration.getSign()I",
      "Ljavax/xml/datatype/Duration.getXMLSchemaType()Ljavax/xml/namespace/QName;",
      "Ljavax/xml/datatype/Duration.hashCode()I",
      "Ljavax/xml/datatype/Duration.isSet(Ljavax/xml/datatype/DatatypeConstants$Field;)Z",
      "Ljavax/xml/datatype/Duration.multiply(Ljava/math/BigDecimal;)Ljavax/xml/datatype/Duration;",
      "Ljavax/xml/datatype/Duration.negate()Ljavax/xml/datatype/Duration;",
      "Ljavax/xml/datatype/Duration.normalizeWith(Ljava/util/Calendar;)Ljavax/xml/datatype/Duration;",
      "Ljavax/xml/datatype/Duration.subtract(Ljavax/xml/datatype/Duration;)Ljavax/xml/datatype/Duration;"
    ]
  }
]