[
  {
    "frequency": 1,
    "overriddenMethods": [
      "Lorg/omg/CORBA/portable/OutputStream.create_input_stream()Lorg/omg/CORBA/portable/InputStream;",
      "Lorg/omg/CORBA/portable/OutputStream.write_Object(Lorg/omg/CORBA/Object;)V",
      "Lorg/omg/CORBA/portable/OutputStream.write_TypeCode(Lorg/omg/CORBA/TypeCode;)V",
      "Lorg/omg/CORBA/portable/OutputStream.write_any(Lorg/omg/CORBA/Any;)V",
      "Lorg/omg/CORBA/portable/OutputStream.write_boolean(Z)V",
      "Lorg/omg/CORBA/portable/OutputStream.write_boolean_array([ZII)V",
      "Lorg/omg/CORBA/portable/OutputStream.write_char(C)V",
      "Lorg/omg/CORBA/portable/OutputStream.write_char_array([CII)V",
      "Lorg/omg/CORBA/portable/OutputStream.write_double(D)V",
      "Lorg/omg/CORBA/portable/OutputStream.write_double_array([DII)V",
      "Lorg/omg/CORBA/portable/OutputStream.write_float(F)V",
      "Lorg/omg/CORBA/portable/OutputStream.write_float_array([FII)V",
      "Lorg/omg/CORBA/portable/OutputStream.write_long(I)V",
      "Lorg/omg/CORBA/portable/OutputStream.write_long_array([III)V",
      "Lorg/omg/CORBA/portable/OutputStream.write_longlong(J)V",
      "Lorg/omg/CORBA/portable/OutputStream.write_longlong_array([JII)V",
      "Lorg/omg/CORBA/portable/OutputStream.write_octet(B)V",
      "Lorg/omg/CORBA/portable/OutputStream.write_octet_array([BII)V",
      "Lorg/omg/CORBA/portable/OutputStream.write_short(S)V",
      "Lorg/omg/CORBA/portable/OutputStream.write_short_array([SII)V",
      "Lorg/omg/CORBA/portable/OutputStream.write_string(Ljava/lang/String;)V",
      "Lorg/omg/CORBA/portable/OutputStream.write_ulong(I)V",
      "Lorg/omg/CORBA/portable/OutputStream.write_ulong_array([III)V",
      "Lorg/omg/CORBA/portable/OutputStream.write_ulonglong(J)V",
      "Lorg/omg/CORBA/portable/OutputStream.write_ulonglong_array([JII)V",
      "Lorg/omg/CORBA/portable/OutputStream.write_ushort(S)V",
      "Lorg/omg/CORBA/portable/OutputStream.write_ushort_array([SII)V",
      "Lorg/omg/CORBA/portable/OutputStream.write_wchar(C)V",
      "Lorg/omg/CORBA/portable/OutputStream.write_wchar_array([CII)V",
      "Lorg/omg/CORBA/portable/OutputStream.write_wstring(Ljava/lang/String;)V",
      "Lorg/omg/CORBA_2_3/portable/OutputStream.write_abstract_interface(Ljava/lang/Object;)V",
      "Lorg/omg/CORBA_2_3/portable/OutputStream.write_value(Ljava/io/Serializable;)V",
      "Lorg/omg/CORBA_2_3/portable/OutputStream.write_value(Ljava/io/Serializable;Ljava/lang/Class;)V",
      "Lorg/omg/CORBA_2_3/portable/OutputStream.write_value(Ljava/io/Serializable;Ljava/lang/String;)V",
      "Lorg/omg/CORBA_2_3/portable/OutputStream.write_value(Ljava/io/Serializable;Lorg/omg/CORBA/portable/BoxedValueHelper;)V"
    ]
  },
  {
    "frequency": 1,
    "overriddenMethods": [
      "Ljava/io/OutputStream.close()V",
      "Ljava/lang/Object.finalize()V",
      "Lorg/omg/CORBA/portable/OutputStream.create_input_stream()Lorg/omg/CORBA/portable/InputStream;",
      "Lorg/omg/CORBA/portable/OutputStream.orb()Lorg/omg/CORBA/ORB;",
      "Lorg/omg/CORBA/portable/OutputStream.write_Object(Lorg/omg/CORBA/Object;)V",
      "Lorg/omg/CORBA/portable/OutputStream.write_fixed(Ljava/math/BigDecimal;)V",
      "Lorg/omg/CORBA_2_3/portable/OutputStream.write_abstract_interface(Ljava/lang/Object;)V",
      "Lorg/omg/CORBA_2_3/portable/OutputStream.write_value(Ljava/io/Serializable;)V",
      "Lorg/omg/CORBA_2_3/portable/OutputStream.write_value(Ljava/io/Serializable;Ljava/lang/Class;)V",
      "Lorg/omg/CORBA_2_3/portable/OutputStream.write_value(Ljava/io/Serializable;Ljava/lang/String;)V",
      "Lorg/omg/CORBA_2_3/portable/OutputStream.write_value(Ljava/io/Serializable;Lorg/omg/CORBA/portable/BoxedValueHelper;)V"
    ]
  },
  {
    "frequency": 1,
    "overriddenMethods": [
      "Ljava/lang/Object.equals(Ljava/lang/Object;)Z",
      "Lorg/omg/CORBA/portable/OutputStream.create_input_stream()Lorg/omg/CORBA/portable/InputStream;",
      "Lorg/omg/CORBA/portable/OutputStream.orb()Lorg/omg/CORBA/ORB;",
      "Lorg/omg/CORBA/portable/OutputStream.write_Context(Lorg/omg/CORBA/Context;Lorg/omg/CORBA/ContextList;)V",
      "Lorg/omg/CORBA/portable/OutputStream.write_Object(Lorg/omg/CORBA/Object;)V",
      "Lorg/omg/CORBA/portable/OutputStream.write_Principal(Lorg/omg/CORBA/Principal;)V",
      "Lorg/omg/CORBA/portable/OutputStream.write_TypeCode(Lorg/omg/CORBA/TypeCode;)V",
      "Lorg/omg/CORBA/portable/OutputStream.write_any(Lorg/omg/CORBA/Any;)V",
      "Lorg/omg/CORBA/portable/OutputStream.write_boolean(Z)V",
      "Lorg/omg/CORBA/portable/OutputStream.write_boolean_array([ZII)V",
      "Lorg/omg/CORBA/portable/OutputStream.write_char(C)V",
      "Lorg/omg/CORBA/portable/OutputStream.write_char_array([CII)V",
      "Lorg/omg/CORBA/portable/OutputStream.write_double(D)V",
      "Lorg/omg/CORBA/portable/OutputStream.write_double_array([DII)V",
      "Lorg/omg/CORBA/portable/OutputStream.write_fixed(Ljava/math/BigDecimal;)V",
      "Lorg/omg/CORBA/portable/OutputStream.write_float(F)V",
      "Lorg/omg/CORBA/portable/OutputStream.write_float_array([FII)V",
      "Lorg/omg/CORBA/portable/OutputStream.write_long(I)V",
      "Lorg/omg/CORBA/portable/OutputStream.write_long_array([III)V",
      "Lorg/omg/CORBA/portable/OutputStream.write_longlong(J)V",
      "Lorg/omg/CORBA/portable/OutputStream.write_longlong_array([JII)V",
      "Lorg/omg/CORBA/portable/OutputStream.write_octet(B)V",
      "Lorg/omg/CORBA/portable/OutputStream.write_octet_array([BII)V",
      "Lorg/omg/CORBA/portable/OutputStream.write_short(S)V",
      "Lorg/omg/CORBA/portable/OutputStream.write_short_array([SII)V",
      "Lorg/omg/CORBA/portable/OutputStream.write_string(Ljava/lang/String;)V",
      "Lorg/omg/CORBA/portable/OutputStream.write_ulong(I)V",
      "Lorg/omg/CORBA/portable/OutputStream.write_ulong_array([III)V",
      "Lorg/omg/CORBA/portable/OutputStream.write_ulonglong(J)V",
      "Lorg/omg/CORBA/portable/OutputStream.write_ulonglong_array([JII)V",
      "Lorg/omg/CORBA/portable/OutputStream.write_ushort(S)V",
      "Lorg/omg/CORBA/portable/OutputStream.write_ushort_array([SII)V",
      "Lorg/omg/CORBA/portable/OutputStream.write_wchar(C)V",
      "Lorg/omg/CORBA/portable/OutputStream.write_wchar_array([CII)V",
      "Lorg/omg/CORBA/portable/OutputStream.write_wstring(Ljava/lang/String;)V",
      "Lorg/omg/CORBA_2_3/portable/OutputStream.write_abstract_interface(Ljava/lang/Object;)V",
      "Lorg/omg/CORBA_2_3/portable/OutputStream.write_value(Ljava/io/Serializable;)V",
      "Lorg/omg/CORBA_2_3/portable/OutputStream.write_value(Ljava/io/Serializable;Ljava/lang/Class;)V",
      "Lorg/omg/CORBA_2_3/portable/OutputStream.write_value(Ljava/io/Serializable;Ljava/lang/String;)V",
      "Lorg/omg/CORBA_2_3/portable/OutputStream.write_value(Ljava/io/Serializable;Lorg/omg/CORBA/portable/BoxedValueHelper;)V"
    ]
  },
  {
    "frequency": 2,
    "overriddenMethods": [
      "Ljava/io/OutputStream.close()V",
      "Ljava/lang/Object.finalize()V",
      "Lorg/omg/CORBA/portable/OutputStream.create_input_stream()Lorg/omg/CORBA/portable/InputStream;",
      "Lorg/omg/CORBA/portable/OutputStream.orb()Lorg/omg/CORBA/ORB;",
      "Lorg/omg/CORBA/portable/OutputStream.write_Object(Lorg/omg/CORBA/Object;)V",
      "Lorg/omg/CORBA_2_3/portable/OutputStream.write_abstract_interface(Ljava/lang/Object;)V",
      "Lorg/omg/CORBA_2_3/portable/OutputStream.write_value(Ljava/io/Serializable;)V",
      "Lorg/omg/CORBA_2_3/portable/OutputStream.write_value(Ljava/io/Serializable;Ljava/lang/Class;)V",
      "Lorg/omg/CORBA_2_3/portable/OutputStream.write_value(Ljava/io/Serializable;Ljava/lang/String;)V",
      "Lorg/omg/CORBA_2_3/portable/OutputStream.write_value(Ljava/io/Serializable;Lorg/omg/CORBA/portable/BoxedValueHelper;)V"
    ]
  },
  {
    "frequency": 1,
    "overriddenMethods": [
      "Ljava/io/OutputStream.close()V",
      "Ljava/io/OutputStream.flush()V",
      "Ljava/io/OutputStream.write([B)V",
      "Ljava/io/OutputStream.write([BII)V",
      "Lorg/omg/CORBA/portable/OutputStream.create_input_stream()Lorg/omg/CORBA/portable/InputStream;",
      "Lorg/omg/CORBA/portable/OutputStream.orb()Lorg/omg/CORBA/ORB;",
      "Lorg/omg/CORBA/portable/OutputStream.write(I)V",
      "Lorg/omg/CORBA/portable/OutputStream.write_Context(Lorg/omg/CORBA/Context;Lorg/omg/CORBA/ContextList;)V",
      "Lorg/omg/CORBA/portable/OutputStream.write_Object(Lorg/omg/CORBA/Object;)V",
      "Lorg/omg/CORBA/portable/OutputStream.write_Principal(Lorg/omg/CORBA/Principal;)V",
      "Lorg/omg/CORBA/portable/OutputStream.write_TypeCode(Lorg/omg/CORBA/TypeCode;)V",
      "Lorg/omg/CORBA/portable/OutputStream.write_any(Lorg/omg/CORBA/Any;)V",
      "Lorg/omg/CORBA/portable/OutputStream.write_boolean(Z)V",
      "Lorg/omg/CORBA/portable/OutputStream.write_boolean_array([ZII)V",
      "Lorg/omg/CORBA/portable/OutputStream.write_char(C)V",
      "Lorg/omg/CORBA/portable/OutputStream.write_char_array([CII)V",
      "Lorg/omg/CORBA/portable/OutputStream.write_double(D)V",
      "Lorg/omg/CORBA/portable/OutputStream.write_double_array([DII)V",
      "Lorg/omg/CORBA/portable/OutputStream.write_fixed(Ljava/math/BigDecimal;)V",
      "Lorg/omg/CORBA/portable/OutputStream.write_float(F)V",
      "Lorg/omg/CORBA/portable/OutputStream.write_float_array([FII)V",
      "Lorg/omg/CORBA/portable/OutputStream.write_long(I)V",
      "Lorg/omg/CORBA/portable/OutputStream.write_long_array([III)V",
      "Lorg/omg/CORBA/portable/OutputStream.write_longlong(J)V",
      "Lorg/omg/CORBA/portable/OutputStream.write_longlong_array([JII)V",
      "Lorg/omg/CORBA/portable/OutputStream.write_octet(B)V",
      "Lorg/omg/CORBA/portable/OutputStream.write_octet_array([BII)V",
      "Lorg/omg/CORBA/portable/OutputStream.write_short(S)V",
      "Lorg/omg/CORBA/portable/OutputStream.write_short_array([SII)V",
      "Lorg/omg/CORBA/portable/OutputStream.write_string(Ljava/lang/String;)V",
      "Lorg/omg/CORBA/portable/OutputStream.write_ulong(I)V",
      "Lorg/omg/CORBA/portable/OutputStream.write_ulong_array([III)V",
      "Lorg/omg/CORBA/portable/OutputStream.write_ulonglong(J)V",
      "Lorg/omg/CORBA/portable/OutputStream.write_ulonglong_array([JII)V",
      "Lorg/omg/CORBA/portable/OutputStream.write_ushort(S)V",
      "Lorg/omg/CORBA/portable/OutputStream.write_ushort_array([SII)V",
      "Lorg/omg/CORBA/portable/OutputStream.write_wchar(C)V",
      "Lorg/omg/CORBA/portable/OutputStream.write_wchar_array([CII)V",
      "Lorg/omg/CORBA/portable/OutputStream.write_wstring(Ljava/lang/String;)V",
      "Lorg/omg/CORBA_2_3/portable/OutputStream.write_abstract_interface(Ljava/lang/Object;)V",
      "Lorg/omg/CORBA_2_3/portable/OutputStream.write_value(Ljava/io/Serializable;)V",
      "Lorg/omg/CORBA_2_3/portable/OutputStream.write_value(Ljava/io/Serializable;Ljava/lang/Class;)V",
      "Lorg/omg/CORBA_2_3/portable/OutputStream.write_value(Ljava/io/Serializable;Ljava/lang/String;)V",
      "Lorg/omg/CORBA_2_3/portable/OutputStream.write_value(Ljava/io/Serializable;Lorg/omg/CORBA/portable/BoxedValueHelper;)V"
    ]
  }
]