[
  {
    "frequency": 1,
    "overriddenMethods": [
      "Ljava/awt/color/ColorSpace.fromCIEXYZ([F)[F",
      "Ljava/awt/color/ColorSpace.fromRGB([F)[F",
      "Ljava/awt/color/ColorSpace.getMaxValue(I)F",
      "Ljava/awt/color/ColorSpace.getMinValue(I)F",
      "Ljava/awt/color/ColorSpace.getName(I)Ljava/lang/String;",
      "Ljava/awt/color/ColorSpace.toCIEXYZ([F)[F",
      "Ljava/awt/color/ColorSpace.toRGB([F)[F",
      "Ljava/lang/Object.equals(Ljava/lang/Object;)Z",
      "Ljava/lang/Object.hashCode()I",
      "Ljava/lang/Object.toString()Ljava/lang/String;"
    ]
  },
  {
    "frequency": 1,
    "overriddenMethods": [
      "Ljava/awt/color/ColorSpace.fromCIEXYZ([F)[F",
      "Ljava/awt/color/ColorSpace.fromRGB([F)[F",
      "Ljava/awt/color/ColorSpace.getMaxValue(I)F",
      "Ljava/awt/color/ColorSpace.getMinValue(I)F",
      "Ljava/awt/color/ColorSpace.getName(I)Ljava/lang/String;",
      "Ljava/awt/color/ColorSpace.toCIEXYZ([F)[F",
      "Ljava/awt/color/ColorSpace.toRGB([F)[F"
    ]
  },
  {
    "frequency": 16,
    "overriddenMethods": [
      "Ljava/awt/color/ColorSpace.fromCIEXYZ([F)[F",
      "Ljava/awt/color/ColorSpace.fromRGB([F)[F",
      "Ljava/awt/color/ColorSpace.toCIEXYZ([F)[F",
      "Ljava/awt/color/ColorSpace.toRGB([F)[F"
    ]
  }
]