[
  {
    "frequency": 2,
    "overriddenMethods": [
      "Ljava/io/FilterOutputStream.write([B)V",
      "Ljava/util/zip/DeflaterOutputStream.close()V",
      "Ljava/util/zip/DeflaterOutputStream.deflate()V",
      "Ljava/util/zip/DeflaterOutputStream.flush()V",
      "Ljava/util/zip/DeflaterOutputStream.write(I)V",
      "Ljava/util/zip/GZIPOutputStream.finish()V",
      "Ljava/util/zip/GZIPOutputStream.write([BII)V"
    ]
  },
  {
    "frequency": 9,
    "overriddenMethods": []
  },
  {
    "frequency": 3,
    "overriddenMethods": [
      "Ljava/util/zip/GZIPOutputStream.finish()V"
    ]
  }
]