[
  {
    "frequency": 1,
    "overriddenMethods": []
  },
  {
    "frequency": 5,
    "overriddenMethods": [
      "Ljava/util/zip/InflaterInputStream.close()V",
      "Ljava/util/zip/InflaterInputStream.read([BII)I"
    ]
  },
  {
    "frequency": 9,
    "overriddenMethods": [
      "Ljava/util/zip/InflaterInputStream.close()V"
    ]
  },
  {
    "frequency": 1,
    "overriddenMethods": [
      "Ljava/io/FilterInputStream.read([B)I",
      "Ljava/util/zip/InflaterInputStream.close()V",
      "Ljava/util/zip/InflaterInputStream.read()I",
      "Ljava/util/zip/InflaterInputStream.read([BII)I"
    ]
  },
  {
    "frequency": 10,
    "overriddenMethods": [
      "Ljava/util/zip/InflaterInputStream.fill()V"
    ]
  }
]