[
  {
    "frequency": 1,
    "overriddenMethods": [
      "Ljava/text/BreakIterator.current()I",
      "Ljava/text/BreakIterator.first()I",
      "Ljava/text/BreakIterator.following(I)I",
      "Ljava/text/BreakIterator.getText()Ljava/text/CharacterIterator;",
      "Ljava/text/BreakIterator.last()I",
      "Ljava/text/BreakIterator.next()I",
      "Ljava/text/BreakIterator.next(I)I",
      "Ljava/text/BreakIterator.preceding(I)I",
      "Ljava/text/BreakIterator.previous()I",
      "Ljava/text/BreakIterator.setText(Ljava/lang/String;)V",
      "Ljava/text/BreakIterator.setText(Ljava/text/CharacterIterator;)V"
    ]
  },
  {
    "frequency": 1,
    "overriddenMethods": [
      "Ljava/text/BreakIterator.current()I",
      "Ljava/text/BreakIterator.first()I",
      "Ljava/text/BreakIterator.following(I)I",
      "Ljava/text/BreakIterator.getText()Ljava/text/CharacterIterator;",
      "Ljava/text/BreakIterator.isBoundary(I)Z",
      "Ljava/text/BreakIterator.last()I",
      "Ljava/text/BreakIterator.next()I",
      "Ljava/text/BreakIterator.next(I)I",
      "Ljava/text/BreakIterator.preceding(I)I",
      "Ljava/text/BreakIterator.previous()I",
      "Ljava/text/BreakIterator.setText(Ljava/lang/String;)V",
      "Ljava/text/BreakIterator.setText(Ljava/text/CharacterIterator;)V"
    ]
  },
  {
    "frequency": 1,
    "overriddenMethods": [
      "Ljava/text/BreakIterator.current()I",
      "Ljava/text/BreakIterator.first()I",
      "Ljava/text/BreakIterator.following(I)I",
      "Ljava/text/BreakIterator.getText()Ljava/text/CharacterIterator;",
      "Ljava/text/BreakIterator.last()I",
      "Ljava/text/BreakIterator.next()I",
      "Ljava/text/BreakIterator.next(I)I",
      "Ljava/text/BreakIterator.previous()I",
      "Ljava/text/BreakIterator.setText(Ljava/lang/String;)V",
      "Ljava/text/BreakIterator.setText(Ljava/text/CharacterIterator;)V"
    ]
  }
]