[
  {
    "frequency": 1,
    "overriddenMethods": []
  },
  {
    "frequency": 7,
    "overriddenMethods": [
      "Ljavax/xml/stream/util/StreamReaderDelegate.next()I"
    ]
  },
  {
    "frequency": 3,
    "overriddenMethods": [
      "Ljavax/xml/stream/util/StreamReaderDelegate.getElementText()Ljava/lang/String;",
      "Ljavax/xml/stream/util/StreamReaderDelegate.next()I"
    ]
  },
  {
    "frequency": 1,
    "overriddenMethods": [
      "Ljavax/xml/stream/util/StreamReaderDelegate.getEventType()I",
      "Ljavax/xml/stream/util/StreamReaderDelegate.getNamespaceCount()I",
      "Ljavax/xml/stream/util/StreamReaderDelegate.getNamespacePrefix(I)Ljava/lang/String;",
      "Ljavax/xml/stream/util/StreamReaderDelegate.getNamespaceURI(I)Ljava/lang/String;",
      "Ljavax/xml/stream/util/StreamReaderDelegate.getNamespaceURI(Ljava/lang/String;)Ljava/lang/String;",
      "Ljavax/xml/stream/util/StreamReaderDelegate.hasNext()Z",
      "Ljavax/xml/stream/util/StreamReaderDelegate.isStartElement()Z",
      "Ljavax/xml/stream/util/StreamReaderDelegate.next()I",
      "Ljavax/xml/stream/util/StreamReaderDelegate.nextTag()I"
    ]
  },
  {
    "frequency": 1,
    "overriddenMethods": [
      "Ljavax/xml/stream/util/StreamReaderDelegate.getName()Ljavax/xml/namespace/QName;",
      "Ljavax/xml/stream/util/StreamReaderDelegate.getNamespaceContext()Ljavax/xml/namespace/NamespaceContext;",
      "Ljavax/xml/stream/util/StreamReaderDelegate.getNamespaceURI()Ljava/lang/String;",
      "Ljavax/xml/stream/util/StreamReaderDelegate.getNamespaceURI(I)Ljava/lang/String;",
      "Ljavax/xml/stream/util/StreamReaderDelegate.getNamespaceURI(Ljava/lang/String;)Ljava/lang/String;"
    ]
  },
  {
    "frequency": 9,
    "overriddenMethods": [
      "Ljavax/xml/stream/util/StreamReaderDelegate.getProperty(Ljava/lang/String;)Ljava/lang/Object;",
      "Ljavax/xml/stream/util/StreamReaderDelegate.next()I"
    ]
  },
  {
    "frequency": 9,
    "overriddenMethods": [
      "Ljavax/xml/stream/util/StreamReaderDelegate.getEventType()I",
      "Ljavax/xml/stream/util/StreamReaderDelegate.getText()Ljava/lang/String;",
      "Ljavax/xml/stream/util/StreamReaderDelegate.getTextCharacters()[C",
      "Ljavax/xml/stream/util/StreamReaderDelegate.getTextCharacters(I[CII)I",
      "Ljavax/xml/stream/util/StreamReaderDelegate.getTextLength()I",
      "Ljavax/xml/stream/util/StreamReaderDelegate.getTextStart()I",
      "Ljavax/xml/stream/util/StreamReaderDelegate.hasText()Z",
      "Ljavax/xml/stream/util/StreamReaderDelegate.isWhiteSpace()Z",
      "Ljavax/xml/stream/util/StreamReaderDelegate.next()I"
    ]
  },
  {
    "frequency": 1,
    "overriddenMethods": [
      "Ljavax/xml/stream/util/StreamReaderDelegate.getElementText()Ljava/lang/String;",
      "Ljavax/xml/stream/util/StreamReaderDelegate.getPIData()Ljava/lang/String;",
      "Ljavax/xml/stream/util/StreamReaderDelegate.getText()Ljava/lang/String;",
      "Ljavax/xml/stream/util/StreamReaderDelegate.getTextCharacters()[C",
      "Ljavax/xml/stream/util/StreamReaderDelegate.getTextCharacters(I[CII)I",
      "Ljavax/xml/stream/util/StreamReaderDelegate.getTextLength()I",
      "Ljavax/xml/stream/util/StreamReaderDelegate.getTextStart()I",
      "Ljavax/xml/stream/util/StreamReaderDelegate.hasNext()Z",
      "Ljavax/xml/stream/util/StreamReaderDelegate.next()I",
      "Ljavax/xml/stream/util/StreamReaderDelegate.nextTag()I"
    ]
  },
  {
    "frequency": 1,
    "overriddenMethods": [
      "Ljavax/xml/stream/util/StreamReaderDelegate.getNamespaceContext()Ljavax/xml/namespace/NamespaceContext;",
      "Ljavax/xml/stream/util/StreamReaderDelegate.next()I",
      "Ljavax/xml/stream/util/StreamReaderDelegate.nextTag()I"
    ]
  },
  {
    "frequency": 3,
    "overriddenMethods": [
      "Ljavax/xml/stream/util/StreamReaderDelegate.setParent(Ljavax/xml/stream/XMLStreamReader;)V"
    ]
  }
]