[
  {
    "frequency": 1,
    "overriddenMethods": [
      "Ljavax/swing/text/BoxView.getMaximumSpan(I)F",
      "Ljavax/swing/text/BoxView.getMinimumSpan(I)F",
      "Ljavax/swing/text/BoxView.getPreferredSpan(I)F",
      "Ljavax/swing/text/BoxView.paint(Ljava/awt/Graphics;Ljava/awt/Shape;)V",
      "Ljavax/swing/text/BoxView.setSize(FF)V",
      "Ljavax/swing/text/CompositeView.loadChildren(Ljavax/swing/text/ViewFactory;)V",
      "Ljavax/swing/text/CompositeView.modelToView(ILjavax/swing/text/Position$Bias;ILjavax/swing/text/Position$Bias;Ljava/awt/Shape;)Ljava/awt/Shape;",
      "Ljavax/swing/text/View.changedUpdate(Ljavax/swing/event/DocumentEvent;Ljava/awt/Shape;Ljavax/swing/text/ViewFactory;)V",
      "Ljavax/swing/text/View.insertUpdate(Ljavax/swing/event/DocumentEvent;Ljava/awt/Shape;Ljavax/swing/text/ViewFactory;)V",
      "Ljavax/swing/text/View.removeUpdate(Ljavax/swing/event/DocumentEvent;Ljava/awt/Shape;Ljavax/swing/text/ViewFactory;)V"
    ]
  },
  {
    "frequency": 2,
    "overriddenMethods": [
      "Ljavax/swing/text/BoxView.paint(Ljava/awt/Graphics;Ljava/awt/Shape;)V"
    ]
  },
  {
    "frequency": 3,
    "overriddenMethods": [
      "Ljavax/swing/text/BoxView.getMinimumSpan(I)F",
      "Ljavax/swing/text/BoxView.layout(II)V"
    ]
  }
]