[
  {
    "frequency": 1,
    "overriddenMethods": [
      "Ljavax/swing/text/DefaultHighlighter$DefaultHighlightPainter.paint(Ljava/awt/Graphics;IILjava/awt/Shape;Ljavax/swing/text/JTextComponent;)V",
      "Ljavax/swing/text/DefaultHighlighter$DefaultHighlightPainter.paintLayer(Ljava/awt/Graphics;IILjava/awt/Shape;Ljavax/swing/text/JTextComponent;Ljavax/swing/text/View;)Ljava/awt/Shape;"
    ]
  },
  {
    "frequency": 1,
    "overriddenMethods": [
      "Ljavax/swing/text/DefaultHighlighter$DefaultHighlightPainter.getColor()Ljava/awt/Color;",
      "Ljavax/swing/text/DefaultHighlighter$DefaultHighlightPainter.paintLayer(Ljava/awt/Graphics;IILjava/awt/Shape;Ljavax/swing/text/JTextComponent;Ljavax/swing/text/View;)Ljava/awt/Shape;"
    ]
  },
  {
    "frequency": 3,
    "overriddenMethods": [
      "Ljavax/swing/text/DefaultHighlighter$DefaultHighlightPainter.paintLayer(Ljava/awt/Graphics;IILjava/awt/Shape;Ljavax/swing/text/JTextComponent;Ljavax/swing/text/View;)Ljava/awt/Shape;"
    ]
  },
  {
    "frequency": 1,
    "overriddenMethods": [
      "Ljavax/swing/text/DefaultHighlighter$DefaultHighlightPainter.getColor()Ljava/awt/Color;"
    ]
  }
]