[
  {
    "frequency": 2,
    "overriddenMethods": [
      "Ljavax/swing/text/DefaultEditorKit.getActions()[Ljavax/swing/Action;",
      "Ljavax/swing/text/DefaultEditorKit.read(Ljava/io/Reader;Ljavax/swing/text/Document;I)V"
    ]
  },
  {
    "frequency": 1,
    "overriddenMethods": [
      "Ljavax/swing/text/DefaultEditorKit.getViewFactory()Ljavax/swing/text/ViewFactory;"
    ]
  },
  {
    "frequency": 4,
    "overriddenMethods": [
      "Ljavax/swing/text/DefaultEditorKit.createDefaultDocument()Ljavax/swing/text/Document;",
      "Ljavax/swing/text/DefaultEditorKit.getContentType()Ljava/lang/String;",
      "Ljavax/swing/text/DefaultEditorKit.getViewFactory()Ljavax/swing/text/ViewFactory;",
      "Ljavax/swing/text/EditorKit.clone()Ljava/lang/Object;",
      "Ljavax/swing/text/EditorKit.install(Ljavax/swing/JEditorPane;)V"
    ]
  },
  {
    "frequency": 1,
    "overriddenMethods": [
      "Ljavax/swing/text/DefaultEditorKit.createDefaultDocument()Ljavax/swing/text/Document;",
      "Ljavax/swing/text/DefaultEditorKit.getViewFactory()Ljavax/swing/text/ViewFactory;"
    ]
  },
  {
    "frequency": 2,
    "overriddenMethods": [
      "Ljavax/swing/text/DefaultEditorKit.getViewFactory()Ljavax/swing/text/ViewFactory;",
      "Ljavax/swing/text/EditorKit.clone()Ljava/lang/Object;",
      "Ljavax/swing/text/EditorKit.install(Ljavax/swing/JEditorPane;)V"
    ]
  },
  {
    "frequency": 2,
    "overriddenMethods": [
      "Ljavax/swing/text/DefaultEditorKit.createCaret()Ljavax/swing/text/Caret;",
      "Ljavax/swing/text/DefaultEditorKit.createDefaultDocument()Ljavax/swing/text/Document;",
      "Ljavax/swing/text/DefaultEditorKit.getViewFactory()Ljavax/swing/text/ViewFactory;",
      "Ljavax/swing/text/DefaultEditorKit.read(Ljava/io/Reader;Ljavax/swing/text/Document;I)V",
      "Ljavax/swing/text/DefaultEditorKit.write(Ljava/io/Writer;Ljavax/swing/text/Document;II)V",
      "Ljavax/swing/text/EditorKit.clone()Ljava/lang/Object;",
      "Ljavax/swing/text/EditorKit.deinstall(Ljavax/swing/JEditorPane;)V",
      "Ljavax/swing/text/EditorKit.install(Ljavax/swing/JEditorPane;)V"
    ]
  }
]