[
  {
    "frequency": 2,
    "overriddenMethods": []
  },
  {
    "frequency": 1,
    "overriddenMethods": [
      "Ljavax/swing/text/AbstractDocument.insertString(ILjava/lang/String;Ljavax/swing/text/AttributeSet;)V",
      "Ljavax/swing/text/AbstractDocument.remove(II)V",
      "Ljavax/swing/text/AbstractDocument.replace(IILjava/lang/String;Ljavax/swing/text/AttributeSet;)V"
    ]
  },
  {
    "frequency": 2,
    "overriddenMethods": [
      "Ljavax/swing/text/AbstractDocument.insertString(ILjava/lang/String;Ljavax/swing/text/AttributeSet;)V",
      "Ljavax/swing/text/AbstractDocument.remove(II)V"
    ]
  },
  {
    "frequency": 1,
    "overriddenMethods": [
      "Ljava/lang/Object.finalize()V"
    ]
  },
  {
    "frequency": 1,
    "overriddenMethods": [
      "Ljavax/swing/text/AbstractDocument.insertString(ILjava/lang/String;Ljavax/swing/text/AttributeSet;)V"
    ]
  }
]