[
  {
    "frequency": 1,
    "overriddenMethods": [
      "Ljavax/swing/text/PasswordView.drawEchoCharacter(Ljava/awt/Graphics;IIC)I",
      "Ljavax/swing/text/PasswordView.getPreferredSpan(I)F",
      "Ljavax/swing/text/PasswordView.modelToView(ILjava/awt/Shape;Ljavax/swing/text/Position$Bias;)Ljava/awt/Shape;",
      "Ljavax/swing/text/PasswordView.viewToModel(FFLjava/awt/Shape;[Ljavax/swing/text/Position$Bias;)I"
    ]
  },
  {
    "frequency": 1,
    "overriddenMethods": [
      "Ljavax/swing/text/PasswordView.drawEchoCharacter(Ljava/awt/Graphics;IIC)I"
    ]
  },
  {
    "frequency": 2,
    "overriddenMethods": [
      "Ljavax/swing/text/PasswordView.drawEchoCharacter(Ljava/awt/Graphics;IIC)I",
      "Ljavax/swing/text/PasswordView.modelToView(ILjava/awt/Shape;Ljavax/swing/text/Position$Bias;)Ljava/awt/Shape;",
      "Ljavax/swing/text/PasswordView.viewToModel(FFLjava/awt/Shape;[Ljavax/swing/text/Position$Bias;)I"
    ]
  }
]