[
  {
    "frequency": 3,
    "overriddenMethods": []
  },
  {
    "frequency": 6,
    "overriddenMethods": [
      "Ljavax/swing/text/AbstractDocument.fireInsertUpdate(Ljavax/swing/event/DocumentEvent;)V",
      "Ljavax/swing/text/AbstractDocument.fireRemoveUpdate(Ljavax/swing/event/DocumentEvent;)V"
    ]
  },
  {
    "frequency": 7,
    "overriddenMethods": [
      "Ljavax/swing/text/AbstractDocument.remove(II)V",
      "Ljavax/swing/text/PlainDocument.insertString(ILjava/lang/String;Ljavax/swing/text/AttributeSet;)V"
    ]
  },
  {
    "frequency": 1,
    "overriddenMethods": [
      "Ljava/lang/Object.toString()Ljava/lang/String;"
    ]
  },
  {
    "frequency": 1,
    "overriddenMethods": [
      "Ljavax/swing/text/AbstractDocument.remove(II)V",
      "Ljavax/swing/text/AbstractDocument.replace(IILjava/lang/String;Ljavax/swing/text/AttributeSet;)V",
      "Ljavax/swing/text/PlainDocument.insertString(ILjava/lang/String;Ljavax/swing/text/AttributeSet;)V"
    ]
  },
  {
    "frequency": 47,
    "overriddenMethods": [
      "Ljavax/swing/text/PlainDocument.insertString(ILjava/lang/String;Ljavax/swing/text/AttributeSet;)V"
    ]
  }
]