[
  {
    "frequency": 1,
    "overriddenMethods": [
      "Ljavax/swing/text/View.getPreferredSpan(I)F",
      "Ljavax/swing/text/View.insertUpdate(Ljavax/swing/event/DocumentEvent;Ljava/awt/Shape;Ljavax/swing/text/ViewFactory;)V",
      "Ljavax/swing/text/View.modelToView(ILjava/awt/Shape;Ljavax/swing/text/Position$Bias;)Ljava/awt/Shape;",
      "Ljavax/swing/text/View.paint(Ljava/awt/Graphics;Ljava/awt/Shape;)V",
      "Ljavax/swing/text/View.removeUpdate(Ljavax/swing/event/DocumentEvent;Ljava/awt/Shape;Ljavax/swing/text/ViewFactory;)V",
      "Ljavax/swing/text/View.viewToModel(FFLjava/awt/Shape;[Ljavax/swing/text/Position$Bias;)I"
    ]
  },
  {
    "frequency": 2,
    "overriddenMethods": [
      "Ljava/lang/Object.toString()Ljava/lang/String;",
      "Ljavax/swing/text/View.changedUpdate(Ljavax/swing/event/DocumentEvent;Ljava/awt/Shape;Ljavax/swing/text/ViewFactory;)V",
      "Ljavax/swing/text/View.getAlignment(I)F",
      "Ljavax/swing/text/View.getChildAllocation(ILjava/awt/Shape;)Ljava/awt/Shape;",
      "Ljavax/swing/text/View.getMaximumSpan(I)F",
      "Ljavax/swing/text/View.getMinimumSpan(I)F",
      "Ljavax/swing/text/View.getNextVisualPositionFrom(ILjavax/swing/text/Position$Bias;Ljava/awt/Shape;I[Ljavax/swing/text/Position$Bias;)I",
      "Ljavax/swing/text/View.getPreferredSpan(I)F",
      "Ljavax/swing/text/View.getView(I)Ljavax/swing/text/View;",
      "Ljavax/swing/text/View.getViewCount()I",
      "Ljavax/swing/text/View.getViewIndex(ILjavax/swing/text/Position$Bias;)I",
      "Ljavax/swing/text/View.insertUpdate(Ljavax/swing/event/DocumentEvent;Ljava/awt/Shape;Ljavax/swing/text/ViewFactory;)V",
      "Ljavax/swing/text/View.modelToView(ILjava/awt/Shape;Ljavax/swing/text/Position$Bias;)Ljava/awt/Shape;",
      "Ljavax/swing/text/View.paint(Ljava/awt/Graphics;Ljava/awt/Shape;)V",
      "Ljavax/swing/text/View.preferenceChanged(Ljavax/swing/text/View;ZZ)V",
      "Ljavax/swing/text/View.removeUpdate(Ljavax/swing/event/DocumentEvent;Ljava/awt/Shape;Ljavax/swing/text/ViewFactory;)V",
      "Ljavax/swing/text/View.replace(II[Ljavax/swing/text/View;)V",
      "Ljavax/swing/text/View.setParent(Ljavax/swing/text/View;)V",
      "Ljavax/swing/text/View.setSize(FF)V",
      "Ljavax/swing/text/View.updateLayout(Ljavax/swing/event/DocumentEvent$ElementChange;Ljavax/swing/event/DocumentEvent;Ljava/awt/Shape;)V",
      "Ljavax/swing/text/View.viewToModel(FFLjava/awt/Shape;[Ljavax/swing/text/Position$Bias;)I"
    ]
  },
  {
    "frequency": 1,
    "overriddenMethods": [
      "Ljava/lang/Object.equals(Ljava/lang/Object;)Z",
      "Ljavax/swing/text/View.append(Ljavax/swing/text/View;)V",
      "Ljavax/swing/text/View.breakView(IIFF)Ljavax/swing/text/View;",
      "Ljavax/swing/text/View.changedUpdate(Ljavax/swing/event/DocumentEvent;Ljava/awt/Shape;Ljavax/swing/text/ViewFactory;)V",
      "Ljavax/swing/text/View.createFragment(II)Ljavax/swing/text/View;",
      "Ljavax/swing/text/View.getAlignment(I)F",
      "Ljavax/swing/text/View.getAttributes()Ljavax/swing/text/AttributeSet;",
      "Ljavax/swing/text/View.getBreakWeight(IFF)I",
      "Ljavax/swing/text/View.getChildAllocation(ILjava/awt/Shape;)Ljava/awt/Shape;",
      "Ljavax/swing/text/View.getContainer()Ljava/awt/Container;",
      "Ljavax/swing/text/View.getDocument()Ljavax/swing/text/Document;",
      "Ljavax/swing/text/View.getElement()Ljavax/swing/text/Element;",
      "Ljavax/swing/text/View.getEndOffset()I",
      "Ljavax/swing/text/View.getGraphics()Ljava/awt/Graphics;",
      "Ljavax/swing/text/View.getMaximumSpan(I)F",
      "Ljavax/swing/text/View.getMinimumSpan(I)F",
      "Ljavax/swing/text/View.getNextVisualPositionFrom(ILjavax/swing/text/Position$Bias;Ljava/awt/Shape;I[Ljavax/swing/text/Position$Bias;)I",
      "Ljavax/swing/text/View.getParent()Ljavax/swing/text/View;",
      "Ljavax/swing/text/View.getPreferredSpan(I)F",
      "Ljavax/swing/text/View.getResizeWeight(I)I",
      "Ljavax/swing/text/View.getStartOffset()I",
      "Ljavax/swing/text/View.getToolTipText(FFLjava/awt/Shape;)Ljava/lang/String;",
      "Ljavax/swing/text/View.getView(I)Ljavax/swing/text/View;",
      "Ljavax/swing/text/View.getViewCount()I",
      "Ljavax/swing/text/View.getViewFactory()Ljavax/swing/text/ViewFactory;",
      "Ljavax/swing/text/View.getViewIndex(FFLjava/awt/Shape;)I",
      "Ljavax/swing/text/View.getViewIndex(ILjavax/swing/text/Position$Bias;)I",
      "Ljavax/swing/text/View.insert(ILjavax/swing/text/View;)V",
      "Ljavax/swing/text/View.insertUpdate(Ljavax/swing/event/DocumentEvent;Ljava/awt/Shape;Ljavax/swing/text/ViewFactory;)V",
      "Ljavax/swing/text/View.isVisible()Z",
      "Ljavax/swing/text/View.modelToView(ILjava/awt/Shape;Ljavax/swing/text/Position$Bias;)Ljava/awt/Shape;",
      "Ljavax/swing/text/View.modelToView(ILjavax/swing/text/Position$Bias;ILjavax/swing/text/Position$Bias;Ljava/awt/Shape;)Ljava/awt/Shape;",
      "Ljavax/swing/text/View.paint(Ljava/awt/Graphics;Ljava/awt/Shape;)V",
      "Ljavax/swing/text/View.preferenceChanged(Ljavax/swing/text/View;ZZ)V",
      "Ljavax/swing/text/View.remove(I)V",
      "Ljavax/swing/text/View.removeAll()V",
      "Ljavax/swing/text/View.removeUpdate(Ljavax/swing/event/DocumentEvent;Ljava/awt/Shape;Ljavax/swing/text/ViewFactory;)V",
      "Ljavax/swing/text/View.replace(II[Ljavax/swing/text/View;)V",
      "Ljavax/swing/text/View.setParent(Ljavax/swing/text/View;)V",
      "Ljavax/swing/text/View.setSize(FF)V",
      "Ljavax/swing/text/View.viewToModel(FFLjava/awt/Shape;[Ljavax/swing/text/Position$Bias;)I"
    ]
  },
  {
    "frequency": 1,
    "overriddenMethods": [
      "Ljavax/swing/text/View.getAlignment(I)F",
      "Ljavax/swing/text/View.getAttributes()Ljavax/swing/text/AttributeSet;",
      "Ljavax/swing/text/View.getContainer()Ljava/awt/Container;",
      "Ljavax/swing/text/View.getDocument()Ljavax/swing/text/Document;",
      "Ljavax/swing/text/View.getElement()Ljavax/swing/text/Element;",
      "Ljavax/swing/text/View.getEndOffset()I",
      "Ljavax/swing/text/View.getMaximumSpan(I)F",
      "Ljavax/swing/text/View.getMinimumSpan(I)F",
      "Ljavax/swing/text/View.getPreferredSpan(I)F",
      "Ljavax/swing/text/View.getStartOffset()I",
      "Ljavax/swing/text/View.getView(I)Ljavax/swing/text/View;",
      "Ljavax/swing/text/View.getViewCount()I",
      "Ljavax/swing/text/View.getViewFactory()Ljavax/swing/text/ViewFactory;",
      "Ljavax/swing/text/View.modelToView(ILjava/awt/Shape;Ljavax/swing/text/Position$Bias;)Ljava/awt/Shape;",
      "Ljavax/swing/text/View.modelToView(ILjavax/swing/text/Position$Bias;ILjavax/swing/text/Position$Bias;Ljava/awt/Shape;)Ljava/awt/Shape;",
      "Ljavax/swing/text/View.paint(Ljava/awt/Graphics;Ljava/awt/Shape;)V",
      "Ljavax/swing/text/View.preferenceChanged(Ljavax/swing/text/View;ZZ)V",
      "Ljavax/swing/text/View.setParent(Ljavax/swing/text/View;)V",
      "Ljavax/swing/text/View.setSize(FF)V",
      "Ljavax/swing/text/View.viewToModel(FFLjava/awt/Shape;[Ljavax/swing/text/Position$Bias;)I"
    ]
  },
  {
    "frequency": 2,
    "overriddenMethods": [
      "Ljavax/swing/text/View.changedUpdate(Ljavax/swing/event/DocumentEvent;Ljava/awt/Shape;Ljavax/swing/text/ViewFactory;)V",
      "Ljavax/swing/text/View.getNextVisualPositionFrom(ILjavax/swing/text/Position$Bias;Ljava/awt/Shape;I[Ljavax/swing/text/Position$Bias;)I",
      "Ljavax/swing/text/View.getPreferredSpan(I)F",
      "Ljavax/swing/text/View.insertUpdate(Ljavax/swing/event/DocumentEvent;Ljava/awt/Shape;Ljavax/swing/text/ViewFactory;)V",
      "Ljavax/swing/text/View.modelToView(ILjava/awt/Shape;Ljavax/swing/text/Position$Bias;)Ljava/awt/Shape;",
      "Ljavax/swing/text/View.modelToView(ILjavax/swing/text/Position$Bias;ILjavax/swing/text/Position$Bias;Ljava/awt/Shape;)Ljava/awt/Shape;",
      "Ljavax/swing/text/View.paint(Ljava/awt/Graphics;Ljava/awt/Shape;)V",
      "Ljavax/swing/text/View.removeUpdate(Ljavax/swing/event/DocumentEvent;Ljava/awt/Shape;Ljavax/swing/text/ViewFactory;)V",
      "Ljavax/swing/text/View.setSize(FF)V",
      "Ljavax/swing/text/View.viewToModel(FFLjava/awt/Shape;[Ljavax/swing/text/Position$Bias;)I"
    ]
  },
  {
    "frequency": 2,
    "overriddenMethods": [
      "Ljavax/swing/text/View.changedUpdate(Ljavax/swing/event/DocumentEvent;Ljava/awt/Shape;Ljavax/swing/text/ViewFactory;)V",
      "Ljavax/swing/text/View.getAlignment(I)F",
      "Ljavax/swing/text/View.getAttributes()Ljavax/swing/text/AttributeSet;",
      "Ljavax/swing/text/View.getChildAllocation(ILjava/awt/Shape;)Ljava/awt/Shape;",
      "Ljavax/swing/text/View.getDocument()Ljavax/swing/text/Document;",
      "Ljavax/swing/text/View.getElement()Ljavax/swing/text/Element;",
      "Ljavax/swing/text/View.getEndOffset()I",
      "Ljavax/swing/text/View.getMaximumSpan(I)F",
      "Ljavax/swing/text/View.getMinimumSpan(I)F",
      "Ljavax/swing/text/View.getNextVisualPositionFrom(ILjavax/swing/text/Position$Bias;Ljava/awt/Shape;I[Ljavax/swing/text/Position$Bias;)I",
      "Ljavax/swing/text/View.getPreferredSpan(I)F",
      "Ljavax/swing/text/View.getResizeWeight(I)I",
      "Ljavax/swing/text/View.getStartOffset()I",
      "Ljavax/swing/text/View.getToolTipText(FFLjava/awt/Shape;)Ljava/lang/String;",
      "Ljavax/swing/text/View.getView(I)Ljavax/swing/text/View;",
      "Ljavax/swing/text/View.getViewCount()I",
      "Ljavax/swing/text/View.getViewIndex(ILjavax/swing/text/Position$Bias;)I",
      "Ljavax/swing/text/View.insertUpdate(Ljavax/swing/event/DocumentEvent;Ljava/awt/Shape;Ljavax/swing/text/ViewFactory;)V",
      "Ljavax/swing/text/View.modelToView(ILjava/awt/Shape;Ljavax/swing/text/Position$Bias;)Ljava/awt/Shape;",
      "Ljavax/swing/text/View.modelToView(ILjavax/swing/text/Position$Bias;ILjavax/swing/text/Position$Bias;Ljava/awt/Shape;)Ljava/awt/Shape;",
      "Ljavax/swing/text/View.paint(Ljava/awt/Graphics;Ljava/awt/Shape;)V",
      "Ljavax/swing/text/View.preferenceChanged(Ljavax/swing/text/View;ZZ)V",
      "Ljavax/swing/text/View.removeUpdate(Ljavax/swing/event/DocumentEvent;Ljava/awt/Shape;Ljavax/swing/text/ViewFactory;)V",
      "Ljavax/swing/text/View.setParent(Ljavax/swing/text/View;)V",
      "Ljavax/swing/text/View.setSize(FF)V",
      "Ljavax/swing/text/View.viewToModel(FFLjava/awt/Shape;[Ljavax/swing/text/Position$Bias;)I"
    ]
  },
  {
    "frequency": 2,
    "overriddenMethods": [
      "Ljavax/swing/text/View.changedUpdate(Ljavax/swing/event/DocumentEvent;Ljava/awt/Shape;Ljavax/swing/text/ViewFactory;)V",
      "Ljavax/swing/text/View.forwardUpdate(Ljavax/swing/event/DocumentEvent$ElementChange;Ljavax/swing/event/DocumentEvent;Ljava/awt/Shape;Ljavax/swing/text/ViewFactory;)V",
      "Ljavax/swing/text/View.forwardUpdateToView(Ljavax/swing/text/View;Ljavax/swing/event/DocumentEvent;Ljava/awt/Shape;Ljavax/swing/text/ViewFactory;)V",
      "Ljavax/swing/text/View.getAlignment(I)F",
      "Ljavax/swing/text/View.getDocument()Ljavax/swing/text/Document;",
      "Ljavax/swing/text/View.getEndOffset()I",
      "Ljavax/swing/text/View.getNextVisualPositionFrom(ILjavax/swing/text/Position$Bias;Ljava/awt/Shape;I[Ljavax/swing/text/Position$Bias;)I",
      "Ljavax/swing/text/View.getPreferredSpan(I)F",
      "Ljavax/swing/text/View.getStartOffset()I",
      "Ljavax/swing/text/View.getToolTipText(FFLjava/awt/Shape;)Ljava/lang/String;",
      "Ljavax/swing/text/View.insertUpdate(Ljavax/swing/event/DocumentEvent;Ljava/awt/Shape;Ljavax/swing/text/ViewFactory;)V",
      "Ljavax/swing/text/View.modelToView(ILjava/awt/Shape;Ljavax/swing/text/Position$Bias;)Ljava/awt/Shape;",
      "Ljavax/swing/text/View.paint(Ljava/awt/Graphics;Ljava/awt/Shape;)V",
      "Ljavax/swing/text/View.removeUpdate(Ljavax/swing/event/DocumentEvent;Ljava/awt/Shape;Ljavax/swing/text/ViewFactory;)V",
      "Ljavax/swing/text/View.viewToModel(FFLjava/awt/Shape;[Ljavax/swing/text/Position$Bias;)I"
    ]
  },
  {
    "frequency": 2,
    "overriddenMethods": [
      "Ljavax/swing/text/View.changedUpdate(Ljavax/swing/event/DocumentEvent;Ljava/awt/Shape;Ljavax/swing/text/ViewFactory;)V",
      "Ljavax/swing/text/View.getAlignment(I)F",
      "Ljavax/swing/text/View.getAttributes()Ljavax/swing/text/AttributeSet;",
      "Ljavax/swing/text/View.getChildAllocation(ILjava/awt/Shape;)Ljava/awt/Shape;",
      "Ljavax/swing/text/View.getContainer()Ljava/awt/Container;",
      "Ljavax/swing/text/View.getDocument()Ljavax/swing/text/Document;",
      "Ljavax/swing/text/View.getElement()Ljavax/swing/text/Element;",
      "Ljavax/swing/text/View.getEndOffset()I",
      "Ljavax/swing/text/View.getMaximumSpan(I)F",
      "Ljavax/swing/text/View.getMinimumSpan(I)F",
      "Ljavax/swing/text/View.getNextVisualPositionFrom(ILjavax/swing/text/Position$Bias;Ljava/awt/Shape;I[Ljavax/swing/text/Position$Bias;)I",
      "Ljavax/swing/text/View.getPreferredSpan(I)F",
      "Ljavax/swing/text/View.getResizeWeight(I)I",
      "Ljavax/swing/text/View.getStartOffset()I",
      "Ljavax/swing/text/View.getView(I)Ljavax/swing/text/View;",
      "Ljavax/swing/text/View.getViewCount()I",
      "Ljavax/swing/text/View.getViewFactory()Ljavax/swing/text/ViewFactory;",
      "Ljavax/swing/text/View.getViewIndex(ILjavax/swing/text/Position$Bias;)I",
      "Ljavax/swing/text/View.insertUpdate(Ljavax/swing/event/DocumentEvent;Ljava/awt/Shape;Ljavax/swing/text/ViewFactory;)V",
      "Ljavax/swing/text/View.modelToView(ILjava/awt/Shape;Ljavax/swing/text/Position$Bias;)Ljava/awt/Shape;",
      "Ljavax/swing/text/View.modelToView(ILjavax/swing/text/Position$Bias;ILjavax/swing/text/Position$Bias;Ljava/awt/Shape;)Ljava/awt/Shape;",
      "Ljavax/swing/text/View.paint(Ljava/awt/Graphics;Ljava/awt/Shape;)V",
      "Ljavax/swing/text/View.preferenceChanged(Ljavax/swing/text/View;ZZ)V",
      "Ljavax/swing/text/View.removeUpdate(Ljavax/swing/event/DocumentEvent;Ljava/awt/Shape;Ljavax/swing/text/ViewFactory;)V",
      "Ljavax/swing/text/View.setParent(Ljavax/swing/text/View;)V",
      "Ljavax/swing/text/View.setSize(FF)V",
      "Ljavax/swing/text/View.viewToModel(FFLjava/awt/Shape;[Ljavax/swing/text/Position$Bias;)I"
    ]
  },
  {
    "frequency": 2,
    "overriddenMethods": [
      "Ljavax/swing/text/View.createFragment(II)Ljavax/swing/text/View;",
      "Ljavax/swing/text/View.getAlignment(I)F",
      "Ljavax/swing/text/View.getPreferredSpan(I)F",
      "Ljavax/swing/text/View.insertUpdate(Ljavax/swing/event/DocumentEvent;Ljava/awt/Shape;Ljavax/swing/text/ViewFactory;)V",
      "Ljavax/swing/text/View.modelToView(ILjava/awt/Shape;Ljavax/swing/text/Position$Bias;)Ljava/awt/Shape;",
      "Ljavax/swing/text/View.paint(Ljava/awt/Graphics;Ljava/awt/Shape;)V",
      "Ljavax/swing/text/View.removeUpdate(Ljavax/swing/event/DocumentEvent;Ljava/awt/Shape;Ljavax/swing/text/ViewFactory;)V",
      "Ljavax/swing/text/View.viewToModel(FFLjava/awt/Shape;[Ljavax/swing/text/Position$Bias;)I"
    ]
  }
]