[
  {
    "frequency": 16,
    "overriddenMethods": []
  },
  {
    "frequency": 1,
    "overriddenMethods": [
      "Lorg/xml/sax/InputSource.getByteStream()Ljava/io/InputStream;",
      "Lorg/xml/sax/InputSource.getCharacterStream()Ljava/io/Reader;",
      "Lorg/xml/sax/InputSource.getEncoding()Ljava/lang/String;",
      "Lorg/xml/sax/InputSource.getPublicId()Ljava/lang/String;",
      "Lorg/xml/sax/InputSource.getSystemId()Ljava/lang/String;",
      "Lorg/xml/sax/InputSource.setByteStream(Ljava/io/InputStream;)V",
      "Lorg/xml/sax/InputSource.setCharacterStream(Ljava/io/Reader;)V",
      "Lorg/xml/sax/InputSource.setEncoding(Ljava/lang/String;)V",
      "Lorg/xml/sax/InputSource.setPublicId(Ljava/lang/String;)V",
      "Lorg/xml/sax/InputSource.setSystemId(Ljava/lang/String;)V"
    ]
  },
  {
    "frequency": 1,
    "overriddenMethods": [
      "Ljava/lang/Object.toString()Ljava/lang/String;",
      "Lorg/xml/sax/InputSource.getByteStream()Ljava/io/InputStream;",
      "Lorg/xml/sax/InputSource.getSystemId()Ljava/lang/String;"
    ]
  },
  {
    "frequency": 3,
    "overriddenMethods": [
      "Lorg/xml/sax/InputSource.getCharacterStream()Ljava/io/Reader;",
      "Lorg/xml/sax/InputSource.setByteStream(Ljava/io/InputStream;)V",
      "Lorg/xml/sax/InputSource.setCharacterStream(Ljava/io/Reader;)V"
    ]
  },
  {
    "frequency": 31,
    "overriddenMethods": [
      "Lorg/xml/sax/InputSource.getCharacterStream()Ljava/io/Reader;",
      "Lorg/xml/sax/InputSource.setCharacterStream(Ljava/io/Reader;)V"
    ]
  }
]