[
  {
    "frequency": 18,
    "overriddenMethods": []
  },
  {
    "frequency": 1,
    "overriddenMethods": [
      "Lorg/xml/sax/SAXException.getCause()Ljava/lang/Throwable;"
    ]
  },
  {
    "frequency": 5,
    "overriddenMethods": [
      "Ljava/lang/Throwable.fillInStackTrace()Ljava/lang/Throwable;"
    ]
  },
  {
    "frequency": 1,
    "overriddenMethods": [
      "Ljava/lang/Throwable.printStackTrace(Ljava/io/PrintStream;)V",
      "Ljava/lang/Throwable.printStackTrace(Ljava/io/PrintWriter;)V"
    ]
  },
  {
    "frequency": 5,
    "overriddenMethods": [
      "Lorg/xml/sax/SAXException.getMessage()Ljava/lang/String;"
    ]
  }
]