[
  {
    "frequency": 12,
    "overriddenMethods": []
  },
  {
    "frequency": 1,
    "overriddenMethods": [
      "Ljava/io/FilterOutputStream.close()V",
      "Ljava/lang/Object.finalize()V"
    ]
  },
  {
    "frequency": 25,
    "overriddenMethods": [
      "Ljava/io/FilterOutputStream.close()V"
    ]
  },
  {
    "frequency": 1,
    "overriddenMethods": [
      "Ljava/io/BufferedOutputStream.write(I)V",
      "Ljava/io/BufferedOutputStream.write([BII)V",
      "Ljava/io/FilterOutputStream.close()V",
      "Ljava/io/FilterOutputStream.write([B)V"
    ]
  },
  {
    "frequency": 5,
    "overriddenMethods": [
      "Ljava/io/BufferedOutputStream.write(I)V",
      "Ljava/io/BufferedOutputStream.write([BII)V"
    ]
  },
  {
    "frequency": 1,
    "overriddenMethods": [
      "Ljava/io/BufferedOutputStream.flush()V",
      "Ljava/io/BufferedOutputStream.write(I)V",
      "Ljava/io/BufferedOutputStream.write([BII)V",
      "Ljava/io/FilterOutputStream.close()V",
      "Ljava/io/FilterOutputStream.write([B)V"
    ]
  }
]