[
  {
    "frequency": 22,
    "overriddenMethods": []
  },
  {
    "frequency": 19,
    "overriddenMethods": [
      "Ljava/io/BufferedInputStream.available()I",
      "Ljava/io/BufferedInputStream.close()V",
      "Ljava/io/BufferedInputStream.mark(I)V",
      "Ljava/io/BufferedInputStream.markSupported()Z",
      "Ljava/io/BufferedInputStream.read()I",
      "Ljava/io/BufferedInputStream.read([BII)I",
      "Ljava/io/BufferedInputStream.reset()V",
      "Ljava/io/BufferedInputStream.skip(J)J",
      "Ljava/lang/Object.finalize()V"
    ]
  },
  {
    "frequency": 1,
    "overriddenMethods": [
      "Ljava/io/BufferedInputStream.read()I",
      "Ljava/io/BufferedInputStream.read([BII)I",
      "Ljava/io/FilterInputStream.read([B)I"
    ]
  },
  {
    "frequency": 6,
    "overriddenMethods": [
      "Ljava/io/BufferedInputStream.available()I",
      "Ljava/io/BufferedInputStream.close()V",
      "Ljava/io/BufferedInputStream.markSupported()Z",
      "Ljava/io/BufferedInputStream.read()I",
      "Ljava/io/BufferedInputStream.read([BII)I",
      "Ljava/io/FilterInputStream.read([B)I"
    ]
  },
  {
    "frequency": 1,
    "overriddenMethods": [
      "Ljava/io/BufferedInputStream.mark(I)V",
      "Ljava/io/BufferedInputStream.read()I",
      "Ljava/io/BufferedInputStream.read([BII)I",
      "Ljava/io/FilterInputStream.read([B)I"
    ]
  },
  {
    "frequency": 1,
    "overriddenMethods": [
      "Ljava/io/BufferedInputStream.available()I",
      "Ljava/io/BufferedInputStream.close()V",
      "Ljava/io/BufferedInputStream.read()I",
      "Ljava/io/BufferedInputStream.read([BII)I"
    ]
  },
  {
    "frequency": 26,
    "overriddenMethods": [
      "Ljava/io/BufferedInputStream.close()V"
    ]
  },
  {
    "frequency": 1,
    "overriddenMethods": [
      "Ljava/io/BufferedInputStream.close()V",
      "Ljava/io/BufferedInputStream.read()I",
      "Ljava/io/BufferedInputStream.read([BII)I"
    ]
  },
  {
    "frequency": 1,
    "overriddenMethods": [
      "Ljava/io/BufferedInputStream.read()I",
      "Ljava/io/BufferedInputStream.read([BII)I",
      "Ljava/io/BufferedInputStream.reset()V",
      "Ljava/io/BufferedInputStream.skip(J)J"
    ]
  },
  {
    "frequency": 6,
    "overriddenMethods": [
      "Ljava/io/BufferedInputStream.read()I",
      "Ljava/io/BufferedInputStream.read([BII)I"
    ]
  },
  {
    "frequency": 1,
    "overriddenMethods": [
      "Ljava/io/BufferedInputStream.available()I",
      "Ljava/io/BufferedInputStream.read()I",
      "Ljava/io/BufferedInputStream.read([BII)I"
    ]
  },
  {
    "frequency": 2,
    "overriddenMethods": [
      "Ljava/io/BufferedInputStream.available()I"
    ]
  },
  {
    "frequency": 1,
    "overriddenMethods": [
      "Ljava/lang/Object.toString()Ljava/lang/String;"
    ]
  },
  {
    "frequency": 9,
    "overriddenMethods": [
      "Ljava/io/BufferedInputStream.close()V",
      "Ljava/io/BufferedInputStream.mark(I)V",
      "Ljava/io/BufferedInputStream.markSupported()Z",
      "Ljava/io/BufferedInputStream.reset()V"
    ]
  },
  {
    "frequency": 1,
    "overriddenMethods": [
      "Ljava/io/BufferedInputStream.close()V",
      "Ljava/io/BufferedInputStream.read()I",
      "Ljava/io/BufferedInputStream.read([BII)I",
      "Ljava/io/FilterInputStream.read([B)I"
    ]
  },
  {
    "frequency": 7,
    "overriddenMethods": [
      "Ljava/io/BufferedInputStream.available()I",
      "Ljava/io/BufferedInputStream.close()V",
      "Ljava/io/BufferedInputStream.mark(I)V",
      "Ljava/io/BufferedInputStream.markSupported()Z",
      "Ljava/io/BufferedInputStream.read()I",
      "Ljava/io/BufferedInputStream.read([BII)I",
      "Ljava/io/BufferedInputStream.reset()V",
      "Ljava/io/BufferedInputStream.skip(J)J"
    ]
  },
  {
    "frequency": 5,
    "overriddenMethods": [
      "Ljava/io/BufferedInputStream.skip(J)J"
    ]
  }
]