[
  {
    "frequency": 173,
    "overriddenMethods": []
  },
  {
    "frequency": 2,
    "overriddenMethods": [
      "Ljava/io/ByteArrayOutputStream.reset()V",
      "Ljava/io/ByteArrayOutputStream.toByteArray()[B",
      "Ljava/io/ByteArrayOutputStream.write(I)V",
      "Ljava/io/ByteArrayOutputStream.write([BII)V",
      "Ljava/io/OutputStream.write([B)V"
    ]
  },
  {
    "frequency": 1,
    "overriddenMethods": [
      "Ljava/io/ByteArrayOutputStream.close()V",
      "Ljava/lang/Object.finalize()V"
    ]
  },
  {
    "frequency": 5,
    "overriddenMethods": [
      "Ljava/io/ByteArrayOutputStream.write(I)V",
      "Ljava/io/ByteArrayOutputStream.write([BII)V",
      "Ljava/io/OutputStream.write([B)V"
    ]
  },
  {
    "frequency": 5,
    "overriddenMethods": [
      "Ljava/io/ByteArrayOutputStream.reset()V"
    ]
  },
  {
    "frequency": 74,
    "overriddenMethods": [
      "Ljava/io/ByteArrayOutputStream.close()V"
    ]
  },
  {
    "frequency": 1,
    "overriddenMethods": [
      "Ljava/io/ByteArrayOutputStream.reset()V",
      "Ljava/io/ByteArrayOutputStream.write(I)V",
      "Ljava/io/ByteArrayOutputStream.write([BII)V",
      "Ljava/io/ByteArrayOutputStream.writeTo(Ljava/io/OutputStream;)V"
    ]
  },
  {
    "frequency": 4,
    "overriddenMethods": [
      "Ljava/io/ByteArrayOutputStream.toByteArray()[B",
      "Ljava/io/ByteArrayOutputStream.write(I)V",
      "Ljava/io/ByteArrayOutputStream.write([BII)V",
      "Ljava/io/OutputStream.write([B)V"
    ]
  },
  {
    "frequency": 7,
    "overriddenMethods": [
      "Ljava/io/ByteArrayOutputStream.close()V",
      "Ljava/io/ByteArrayOutputStream.write(I)V",
      "Ljava/io/ByteArrayOutputStream.write([BII)V"
    ]
  },
  {
    "frequency": 3,
    "overriddenMethods": [
      "Ljava/io/ByteArrayOutputStream.close()V",
      "Ljava/io/ByteArrayOutputStream.reset()V",
      "Ljava/io/ByteArrayOutputStream.size()I",
      "Ljava/io/ByteArrayOutputStream.toByteArray()[B",
      "Ljava/io/ByteArrayOutputStream.write(I)V",
      "Ljava/io/ByteArrayOutputStream.write([BII)V",
      "Ljava/io/OutputStream.flush()V",
      "Ljava/io/OutputStream.write([B)V"
    ]
  },
  {
    "frequency": 6,
    "overriddenMethods": [
      "Ljava/io/ByteArrayOutputStream.write(I)V",
      "Ljava/io/ByteArrayOutputStream.write([BII)V"
    ]
  },
  {
    "frequency": 12,
    "overriddenMethods": [
      "Ljava/io/ByteArrayOutputStream.toByteArray()[B"
    ]
  },
  {
    "frequency": 3,
    "overriddenMethods": [
      "Ljava/io/ByteArrayOutputStream.reset()V",
      "Ljava/io/ByteArrayOutputStream.size()I",
      "Ljava/io/ByteArrayOutputStream.toByteArray()[B",
      "Ljava/io/ByteArrayOutputStream.toString()Ljava/lang/String;",
      "Ljava/io/ByteArrayOutputStream.toString(Ljava/lang/String;)Ljava/lang/String;",
      "Ljava/io/ByteArrayOutputStream.write(I)V",
      "Ljava/io/ByteArrayOutputStream.write([BII)V",
      "Ljava/io/ByteArrayOutputStream.writeTo(Ljava/io/OutputStream;)V"
    ]
  },
  {
    "frequency": 1,
    "overriddenMethods": [
      "Ljava/io/ByteArrayOutputStream.close()V",
      "Ljava/io/ByteArrayOutputStream.reset()V",
      "Ljava/io/ByteArrayOutputStream.size()I",
      "Ljava/io/ByteArrayOutputStream.toByteArray()[B",
      "Ljava/io/ByteArrayOutputStream.toString()Ljava/lang/String;",
      "Ljava/io/ByteArrayOutputStream.toString(Ljava/lang/String;)Ljava/lang/String;",
      "Ljava/io/ByteArrayOutputStream.write(I)V",
      "Ljava/io/ByteArrayOutputStream.write([BII)V",
      "Ljava/io/ByteArrayOutputStream.writeTo(Ljava/io/OutputStream;)V",
      "Ljava/io/OutputStream.flush()V"
    ]
  },
  {
    "frequency": 3,
    "overriddenMethods": [
      "Ljava/io/ByteArrayOutputStream.close()V",
      "Ljava/io/OutputStream.flush()V"
    ]
  },
  {
    "frequency": 2,
    "overriddenMethods": [
      "Ljava/io/OutputStream.flush()V"
    ]
  },
  {
    "frequency": 3,
    "overriddenMethods": [
      "Ljava/io/ByteArrayOutputStream.write([BII)V"
    ]
  },
  {
    "frequency": 5,
    "overriddenMethods": [
      "Ljava/io/ByteArrayOutputStream.write(I)V",
      "Ljava/io/OutputStream.write([B)V"
    ]
  },
  {
    "frequency": 2,
    "overriddenMethods": [
      "Ljava/io/ByteArrayOutputStream.toString()Ljava/lang/String;"
    ]
  },
  {
    "frequency": 6,
    "overriddenMethods": [
      "Ljava/io/ByteArrayOutputStream.reset()V",
      "Ljava/io/ByteArrayOutputStream.write(I)V",
      "Ljava/io/ByteArrayOutputStream.write([BII)V"
    ]
  },
  {
    "frequency": 1,
    "overriddenMethods": [
      "Ljava/io/ByteArrayOutputStream.ensureCapacity(I)V",
      "Ljava/io/OutputStream.write([B)V"
    ]
  },
  {
    "frequency": 2,
    "overriddenMethods": [
      "Ljava/io/ByteArrayOutputStream.write(I)V",
      "Ljava/io/ByteArrayOutputStream.write([BII)V",
      "Ljava/io/OutputStream.flush()V"
    ]
  }
]