[
  {
    "frequency": 93,
    "overriddenMethods": []
  },
  {
    "frequency": 6,
    "overriddenMethods": [
      "Ljava/io/FilterInputStream.close()V"
    ]
  },
  {
    "frequency": 4,
    "overriddenMethods": [
      "Ljava/lang/Object.toString()Ljava/lang/String;"
    ]
  },
  {
    "frequency": 3,
    "overriddenMethods": [
      "Ljava/io/FilterInputStream.available()I",
      "Ljava/io/FilterInputStream.close()V",
      "Ljava/io/FilterInputStream.mark(I)V",
      "Ljava/io/FilterInputStream.markSupported()Z",
      "Ljava/io/FilterInputStream.read()I",
      "Ljava/io/FilterInputStream.reset()V",
      "Ljava/io/FilterInputStream.skip(J)J"
    ]
  }
]