[
  {
    "frequency": 10,
    "overriddenMethods": [
      "Ljava/io/DataOutputStream.flush()V",
      "Ljava/io/FilterOutputStream.close()V"
    ]
  },
  {
    "frequency": 67,
    "overriddenMethods": []
  },
  {
    "frequency": 5,
    "overriddenMethods": [
      "Ljava/io/DataOutputStream.write(I)V",
      "Ljava/io/DataOutputStream.write([BII)V"
    ]
  },
  {
    "frequency": 2,
    "overriddenMethods": [
      "Ljava/io/DataOutputStream.flush()V"
    ]
  },
  {
    "frequency": 11,
    "overriddenMethods": [
      "Ljava/io/FilterOutputStream.close()V"
    ]
  },
  {
    "frequency": 3,
    "overriddenMethods": [
      "Ljava/io/DataOutputStream.flush()V",
      "Ljava/io/DataOutputStream.write(I)V",
      "Ljava/io/DataOutputStream.write([BII)V",
      "Ljava/io/FilterOutputStream.close()V",
      "Ljava/io/FilterOutputStream.write([B)V"
    ]
  }
]