[
  {
    "frequency": 17,
    "overriddenMethods": [
      "Ljava/io/FileOutputStream.close()V"
    ]
  },
  {
    "frequency": 1,
    "overriddenMethods": [
      "Ljava/io/FileOutputStream.close()V",
      "Ljava/io/FileOutputStream.write(I)V",
      "Ljava/io/FileOutputStream.write([B)V",
      "Ljava/io/FileOutputStream.write([BII)V",
      "Ljava/io/OutputStream.flush()V"
    ]
  },
  {
    "frequency": 1,
    "overriddenMethods": [
      "Ljava/io/OutputStream.flush()V"
    ]
  },
  {
    "frequency": 2,
    "overriddenMethods": [
      "Ljava/io/FileOutputStream.write(I)V",
      "Ljava/io/FileOutputStream.write([B)V",
      "Ljava/io/FileOutputStream.write([BII)V"
    ]
  }
]