[
  {
    "frequency": 1,
    "overriddenMethods": [
      "Ljava/io/FileInputStream.close()V",
      "Ljava/io/FileInputStream.read()I",
      "Ljava/io/FileInputStream.read([B)I",
      "Ljava/io/FileInputStream.read([BII)I"
    ]
  },
  {
    "frequency": 7,
    "overriddenMethods": [
      "Ljava/io/FileInputStream.read()I",
      "Ljava/io/FileInputStream.read([B)I",
      "Ljava/io/FileInputStream.read([BII)I"
    ]
  },
  {
    "frequency": 3,
    "overriddenMethods": []
  },
  {
    "frequency": 1,
    "overriddenMethods": [
      "Ljava/io/FileInputStream.available()I",
      "Ljava/io/FileInputStream.close()V",
      "Ljava/io/FileInputStream.read()I",
      "Ljava/io/FileInputStream.read([B)I",
      "Ljava/io/FileInputStream.read([BII)I",
      "Ljava/io/FileInputStream.skip(J)J"
    ]
  },
  {
    "frequency": 2,
    "overriddenMethods": [
      "Ljava/io/FileInputStream.read()I",
      "Ljava/io/FileInputStream.read([B)I",
      "Ljava/io/FileInputStream.read([BII)I",
      "Ljava/io/FileInputStream.skip(J)J"
    ]
  },
  {
    "frequency": 1,
    "overriddenMethods": [
      "Ljava/io/FileInputStream.close()V",
      "Ljava/io/FileInputStream.finalize()V"
    ]
  },
  {
    "frequency": 18,
    "overriddenMethods": [
      "Ljava/io/FileInputStream.close()V"
    ]
  }
]