[
  {
    "frequency": 1,
    "overriddenMethods": [
      "Ljava/io/FilterReader.read()I",
      "Ljava/io/FilterReader.read([CII)I",
      "Ljava/io/FilterReader.skip(J)J",
      "Ljava/io/Reader.read([C)I"
    ]
  },
  {
    "frequency": 4,
    "overriddenMethods": []
  },
  {
    "frequency": 3,
    "overriddenMethods": [
      "Ljava/io/FilterReader.markSupported()Z",
      "Ljava/io/FilterReader.read()I",
      "Ljava/io/FilterReader.read([CII)I"
    ]
  },
  {
    "frequency": 1,
    "overriddenMethods": [
      "Ljava/io/FilterReader.mark(I)V",
      "Ljava/io/FilterReader.read()I",
      "Ljava/io/FilterReader.reset()V"
    ]
  },
  {
    "frequency": 2,
    "overriddenMethods": [
      "Ljava/io/FilterReader.read()I"
    ]
  },
  {
    "frequency": 35,
    "overriddenMethods": [
      "Ljava/io/FilterReader.read()I",
      "Ljava/io/FilterReader.read([CII)I"
    ]
  },
  {
    "frequency": 2,
    "overriddenMethods": [
      "Ljava/io/FilterReader.close()V",
      "Ljava/io/FilterReader.read()I",
      "Ljava/io/FilterReader.read([CII)I",
      "Ljava/io/Reader.read([C)I"
    ]
  },
  {
    "frequency": 2,
    "overriddenMethods": [
      "Ljava/io/FilterReader.read([CII)I"
    ]
  },
  {
    "frequency": 1,
    "overriddenMethods": [
      "Ljava/io/FilterReader.read()I",
      "Ljava/io/FilterReader.read([CII)I",
      "Ljava/io/FilterReader.ready()Z"
    ]
  },
  {
    "frequency": 9,
    "overriddenMethods": [
      "Ljava/io/FilterReader.close()V",
      "Ljava/io/FilterReader.read()I",
      "Ljava/io/FilterReader.read([CII)I"
    ]
  },
  {
    "frequency": 25,
    "overriddenMethods": [
      "Ljava/io/FilterReader.close()V"
    ]
  },
  {
    "frequency": 2,
    "overriddenMethods": [
      "Ljava/io/FilterReader.markSupported()Z",
      "Ljava/io/FilterReader.read()I",
      "Ljava/io/FilterReader.read([CII)I",
      "Ljava/io/Reader.read([C)I"
    ]
  },
  {
    "frequency": 1,
    "overriddenMethods": [
      "Ljava/io/FilterReader.markSupported()Z",
      "Ljava/io/FilterReader.read()I",
      "Ljava/io/FilterReader.read([CII)I",
      "Ljava/io/FilterReader.ready()Z"
    ]
  },
  {
    "frequency": 37,
    "overriddenMethods": [
      "Ljava/io/FilterReader.read()I",
      "Ljava/io/FilterReader.read([CII)I",
      "Ljava/io/FilterReader.skip(J)J"
    ]
  },
  {
    "frequency": 2,
    "overriddenMethods": [
      "Ljava/io/FilterReader.close()V",
      "Ljava/lang/Object.finalize()V"
    ]
  }
]