[
  {
    "frequency": 17,
    "overriddenMethods": []
  },
  {
    "frequency": 2,
    "overriddenMethods": [
      "Ljava/io/FilterWriter.write(I)V",
      "Ljava/io/FilterWriter.write([CII)V"
    ]
  },
  {
    "frequency": 1,
    "overriddenMethods": [
      "Ljava/io/FilterWriter.write(I)V",
      "Ljava/io/FilterWriter.write(Ljava/lang/String;II)V",
      "Ljava/io/FilterWriter.write([CII)V",
      "Ljava/io/Writer.write(Ljava/lang/String;)V",
      "Ljava/io/Writer.write([C)V"
    ]
  },
  {
    "frequency": 1,
    "overriddenMethods": [
      "Ljava/io/FilterWriter.close()V",
      "Ljava/io/FilterWriter.flush()V",
      "Ljava/io/FilterWriter.write(I)V",
      "Ljava/io/FilterWriter.write(Ljava/lang/String;II)V",
      "Ljava/io/FilterWriter.write([CII)V"
    ]
  },
  {
    "frequency": 1,
    "overriddenMethods": [
      "Ljava/io/FilterWriter.write(I)V",
      "Ljava/io/FilterWriter.write(Ljava/lang/String;II)V",
      "Ljava/io/FilterWriter.write([CII)V",
      "Ljava/lang/Object.toString()Ljava/lang/String;"
    ]
  },
  {
    "frequency": 41,
    "overriddenMethods": [
      "Ljava/io/FilterWriter.close()V"
    ]
  },
  {
    "frequency": 39,
    "overriddenMethods": [
      "Ljava/io/FilterWriter.write(I)V",
      "Ljava/io/FilterWriter.write(Ljava/lang/String;II)V",
      "Ljava/io/FilterWriter.write([CII)V"
    ]
  },
  {
    "frequency": 1,
    "overriddenMethods": [
      "Ljava/io/FilterWriter.write(I)V",
      "Ljava/io/FilterWriter.write(Ljava/lang/String;II)V"
    ]
  },
  {
    "frequency": 1,
    "overriddenMethods": [
      "Ljava/io/FilterWriter.close()V",
      "Ljava/io/FilterWriter.flush()V"
    ]
  },
  {
    "frequency": 5,
    "overriddenMethods": [
      "Ljava/io/FilterWriter.close()V",
      "Ljava/io/FilterWriter.flush()V",
      "Ljava/io/FilterWriter.write(I)V",
      "Ljava/io/FilterWriter.write(Ljava/lang/String;II)V",
      "Ljava/io/FilterWriter.write([CII)V",
      "Ljava/io/Writer.append(C)Ljava/io/Writer;",
      "Ljava/io/Writer.append(C)Ljava/lang/Appendable;",
      "Ljava/io/Writer.append(Ljava/lang/CharSequence;)Ljava/io/Writer;",
      "Ljava/io/Writer.append(Ljava/lang/CharSequence;)Ljava/lang/Appendable;",
      "Ljava/io/Writer.append(Ljava/lang/CharSequence;II)Ljava/io/Writer;",
      "Ljava/io/Writer.append(Ljava/lang/CharSequence;II)Ljava/lang/Appendable;",
      "Ljava/io/Writer.write(Ljava/lang/String;)V",
      "Ljava/io/Writer.write([C)V"
    ]
  },
  {
    "frequency": 1,
    "overriddenMethods": [
      "Ljava/io/FilterWriter.write(I)V",
      "Ljava/io/FilterWriter.write(Ljava/lang/String;II)V",
      "Ljava/io/FilterWriter.write([CII)V",
      "Ljava/io/Writer.write([C)V"
    ]
  },
  {
    "frequency": 24,
    "overriddenMethods": [
      "Ljava/io/FilterWriter.flush()V",
      "Ljava/io/Writer.write(Ljava/lang/String;)V"
    ]
  },
  {
    "frequency": 1,
    "overriddenMethods": [
      "Ljava/io/FilterWriter.write(I)V",
      "Ljava/io/FilterWriter.write(Ljava/lang/String;II)V",
      "Ljava/io/FilterWriter.write([CII)V",
      "Ljava/io/Writer.write(Ljava/lang/String;)V"
    ]
  },
  {
    "frequency": 2,
    "overriddenMethods": [
      "Ljava/io/FilterWriter.write(Ljava/lang/String;II)V"
    ]
  },
  {
    "frequency": 25,
    "overriddenMethods": [
      "Ljava/io/FilterWriter.close()V",
      "Ljava/io/FilterWriter.flush()V",
      "Ljava/io/FilterWriter.write(I)V",
      "Ljava/io/FilterWriter.write(Ljava/lang/String;II)V",
      "Ljava/io/FilterWriter.write([CII)V",
      "Ljava/io/Writer.write(Ljava/lang/String;)V",
      "Ljava/io/Writer.write([C)V"
    ]
  },
  {
    "frequency": 1,
    "overriddenMethods": [
      "Ljava/io/FilterWriter.write(I)V",
      "Ljava/io/FilterWriter.write(Ljava/lang/String;II)V",
      "Ljava/io/FilterWriter.write([CII)V",
      "Ljava/io/Writer.write(Ljava/lang/String;)V",
      "Ljava/io/Writer.write([C)V",
      "Ljava/lang/Object.toString()Ljava/lang/String;"
    ]
  }
]