[
  {
    "frequency": 1391,
    "overriddenMethods": []
  },
  {
    "frequency": 76,
    "overriddenMethods": [
      "Ljava/lang/Throwable.getMessage()Ljava/lang/String;"
    ]
  },
  {
    "frequency": 10,
    "overriddenMethods": [
      "Ljava/lang/Throwable.getCause()Ljava/lang/Throwable;",
      "Ljava/lang/Throwable.initCause(Ljava/lang/Throwable;)Ljava/lang/Throwable;"
    ]
  },
  {
    "frequency": 1,
    "overriddenMethods": [
      "Ljava/lang/Throwable.getMessage()Ljava/lang/String;",
      "Ljava/lang/Throwable.printStackTrace()V",
      "Ljava/lang/Throwable.printStackTrace(Ljava/io/PrintStream;)V",
      "Ljava/lang/Throwable.printStackTrace(Ljava/io/PrintWriter;)V"
    ]
  },
  {
    "frequency": 2,
    "overriddenMethods": [
      "Ljava/lang/Throwable.fillInStackTrace()Ljava/lang/Throwable;"
    ]
  },
  {
    "frequency": 1,
    "overriddenMethods": [
      "Ljava/lang/Throwable.getCause()Ljava/lang/Throwable;",
      "Ljava/lang/Throwable.getMessage()Ljava/lang/String;",
      "Ljava/lang/Throwable.printStackTrace()V",
      "Ljava/lang/Throwable.printStackTrace(Ljava/io/PrintStream;)V",
      "Ljava/lang/Throwable.printStackTrace(Ljava/io/PrintWriter;)V"
    ]
  },
  {
    "frequency": 62,
    "overriddenMethods": [
      "Ljava/lang/Throwable.toString()Ljava/lang/String;"
    ]
  },
  {
    "frequency": 14,
    "overriddenMethods": [
      "Ljava/lang/Throwable.getMessage()Ljava/lang/String;",
      "Ljava/lang/Throwable.toString()Ljava/lang/String;"
    ]
  },
  {
    "frequency": 4,
    "overriddenMethods": [
      "Ljava/lang/Object.clone()Ljava/lang/Object;",
      "Ljava/lang/Throwable.printStackTrace(Ljava/io/PrintStream;)V",
      "Ljava/lang/Throwable.printStackTrace(Ljava/io/PrintWriter;)V"
    ]
  },
  {
    "frequency": 6,
    "overriddenMethods": [
      "Ljava/lang/Throwable.getCause()Ljava/lang/Throwable;",
      "Ljava/lang/Throwable.getMessage()Ljava/lang/String;",
      "Ljava/lang/Throwable.toString()Ljava/lang/String;"
    ]
  },
  {
    "frequency": 6,
    "overriddenMethods": [
      "Ljava/lang/Throwable.printStackTrace()V",
      "Ljava/lang/Throwable.printStackTrace(Ljava/io/PrintStream;)V",
      "Ljava/lang/Throwable.printStackTrace(Ljava/io/PrintWriter;)V",
      "Ljava/lang/Throwable.toString()Ljava/lang/String;"
    ]
  },
  {
    "frequency": 2,
    "overriddenMethods": [
      "Ljava/lang/Throwable.getLocalizedMessage()Ljava/lang/String;",
      "Ljava/lang/Throwable.getMessage()Ljava/lang/String;"
    ]
  },
  {
    "frequency": 2,
    "overriddenMethods": [
      "Ljava/lang/Throwable.getLocalizedMessage()Ljava/lang/String;"
    ]
  },
  {
    "frequency": 87,
    "overriddenMethods": [
      "Ljava/lang/Throwable.getCause()Ljava/lang/Throwable;"
    ]
  },
  {
    "frequency": 10,
    "overriddenMethods": [
      "Ljava/lang/Throwable.getMessage()Ljava/lang/String;",
      "Ljava/lang/Throwable.printStackTrace()V",
      "Ljava/lang/Throwable.printStackTrace(Ljava/io/PrintStream;)V",
      "Ljava/lang/Throwable.printStackTrace(Ljava/io/PrintWriter;)V",
      "Ljava/lang/Throwable.toString()Ljava/lang/String;"
    ]
  },
  {
    "frequency": 2,
    "overriddenMethods": [
      "Ljava/lang/Throwable.getLocalizedMessage()Ljava/lang/String;",
      "Ljava/lang/Throwable.printStackTrace()V",
      "Ljava/lang/Throwable.printStackTrace(Ljava/io/PrintStream;)V",
      "Ljava/lang/Throwable.printStackTrace(Ljava/io/PrintWriter;)V",
      "Ljava/lang/Throwable.toString()Ljava/lang/String;"
    ]
  },
  {
    "frequency": 29,
    "overriddenMethods": [
      "Ljava/lang/Throwable.getCause()Ljava/lang/Throwable;",
      "Ljava/lang/Throwable.printStackTrace()V",
      "Ljava/lang/Throwable.printStackTrace(Ljava/io/PrintStream;)V",
      "Ljava/lang/Throwable.printStackTrace(Ljava/io/PrintWriter;)V"
    ]
  },
  {
    "frequency": 1,
    "overriddenMethods": [
      "Ljava/lang/Throwable.printStackTrace()V",
      "Ljava/lang/Throwable.printStackTrace(Ljava/io/PrintStream;)V",
      "Ljava/lang/Throwable.printStackTrace(Ljava/io/PrintWriter;)V"
    ]
  },
  {
    "frequency": 2,
    "overriddenMethods": [
      "Ljava/lang/Throwable.printStackTrace()V"
    ]
  },
  {
    "frequency": 2,
    "overriddenMethods": [
      "Ljava/lang/Throwable.getMessage()Ljava/lang/String;",
      "Ljava/lang/Throwable.printStackTrace(Ljava/io/PrintStream;)V"
    ]
  }
]