[
  {
    "frequency": 39,
    "overriddenMethods": []
  },
  {
    "frequency": 1,
    "overriddenMethods": [
      "Ljava/io/BufferedReader.close()V",
      "Ljava/io/BufferedReader.markSupported()Z",
      "Ljava/io/BufferedReader.ready()Z",
      "Ljava/io/LineNumberReader.getLineNumber()I",
      "Ljava/io/LineNumberReader.readLine()Ljava/lang/String;",
      "Ljava/io/LineNumberReader.setLineNumber(I)V"
    ]
  },
  {
    "frequency": 2,
    "overriddenMethods": [
      "Ljava/lang/Object.toString()Ljava/lang/String;"
    ]
  },
  {
    "frequency": 1,
    "overriddenMethods": [
      "Ljava/io/LineNumberReader.read()I",
      "Ljava/io/LineNumberReader.read([CII)I",
      "Ljava/io/LineNumberReader.readLine()Ljava/lang/String;"
    ]
  },
  {
    "frequency": 2,
    "overriddenMethods": [
      "Ljava/io/LineNumberReader.readLine()Ljava/lang/String;"
    ]
  }
]