[
  {
    "frequency": 9,
    "overriddenMethods": []
  },
  {
    "frequency": 2,
    "overriddenMethods": [
      "Ljava/io/ObjectInputStream.readClassDescriptor()Ljava/io/ObjectStreamClass;",
      "Ljava/io/ObjectInputStream.resolveObject(Ljava/lang/Object;)Ljava/lang/Object;"
    ]
  },
  {
    "frequency": 1,
    "overriddenMethods": [
      "Ljava/io/ObjectInputStream.defaultReadObject()V"
    ]
  },
  {
    "frequency": 1,
    "overriddenMethods": [
      "Ljava/io/ObjectInputStream.available()I",
      "Ljava/io/ObjectInputStream.close()V"
    ]
  },
  {
    "frequency": 3,
    "overriddenMethods": [
      "Ljava/io/ObjectInputStream.close()V",
      "Ljava/io/ObjectInputStream.resolveClass(Ljava/io/ObjectStreamClass;)Ljava/lang/Class;",
      "Ljava/io/ObjectInputStream.resolveProxyClass([Ljava/lang/String;)Ljava/lang/Class;"
    ]
  },
  {
    "frequency": 1,
    "overriddenMethods": [
      "Ljava/io/ObjectInputStream.defaultReadObject()V",
      "Ljava/io/ObjectInputStream.readChar()C",
      "Ljava/io/ObjectInputStream.readFields()Ljava/io/ObjectInputStream$GetField;"
    ]
  },
  {
    "frequency": 8,
    "overriddenMethods": [
      "Ljava/io/ObjectInputStream.readClassDescriptor()Ljava/io/ObjectStreamClass;",
      "Ljava/io/ObjectInputStream.readStreamHeader()V",
      "Ljava/io/ObjectInputStream.resolveClass(Ljava/io/ObjectStreamClass;)Ljava/lang/Class;"
    ]
  },
  {
    "frequency": 15,
    "overriddenMethods": [
      "Ljava/io/InputStream.mark(I)V",
      "Ljava/io/InputStream.markSupported()Z",
      "Ljava/io/InputStream.read([B)I",
      "Ljava/io/InputStream.reset()V",
      "Ljava/io/InputStream.skip(J)J",
      "Ljava/io/ObjectInputStream.available()I",
      "Ljava/io/ObjectInputStream.close()V",
      "Ljava/io/ObjectInputStream.defaultReadObject()V",
      "Ljava/io/ObjectInputStream.read()I",
      "Ljava/io/ObjectInputStream.read([BII)I",
      "Ljava/io/ObjectInputStream.readBoolean()Z",
      "Ljava/io/ObjectInputStream.readByte()B",
      "Ljava/io/ObjectInputStream.readChar()C",
      "Ljava/io/ObjectInputStream.readDouble()D",
      "Ljava/io/ObjectInputStream.readFields()Ljava/io/ObjectInputStream$GetField;",
      "Ljava/io/ObjectInputStream.readFloat()F",
      "Ljava/io/ObjectInputStream.readFully([B)V",
      "Ljava/io/ObjectInputStream.readFully([BII)V",
      "Ljava/io/ObjectInputStream.readInt()I",
      "Ljava/io/ObjectInputStream.readLine()Ljava/lang/String;",
      "Ljava/io/ObjectInputStream.readLong()J",
      "Ljava/io/ObjectInputStream.readObjectOverride()Ljava/lang/Object;",
      "Ljava/io/ObjectInputStream.readShort()S",
      "Ljava/io/ObjectInputStream.readUTF()Ljava/lang/String;",
      "Ljava/io/ObjectInputStream.readUnshared()Ljava/lang/Object;",
      "Ljava/io/ObjectInputStream.readUnsignedByte()I",
      "Ljava/io/ObjectInputStream.readUnsignedShort()I",
      "Ljava/io/ObjectInputStream.registerValidation(Ljava/io/ObjectInputValidation;I)V",
      "Ljava/io/ObjectInputStream.skipBytes(I)I"
    ]
  },
  {
    "frequency": 6,
    "overriddenMethods": [
      "Ljava/io/ObjectInputStream.readStreamHeader()V"
    ]
  },
  {
    "frequency": 1,
    "overriddenMethods": [
      "Ljava/io/InputStream.read([B)I",
      "Ljava/io/InputStream.skip(J)J",
      "Ljava/io/ObjectInputStream.available()I",
      "Ljava/io/ObjectInputStream.close()V",
      "Ljava/io/ObjectInputStream.defaultReadObject()V",
      "Ljava/io/ObjectInputStream.read()I",
      "Ljava/io/ObjectInputStream.read([BII)I",
      "Ljava/io/ObjectInputStream.readBoolean()Z",
      "Ljava/io/ObjectInputStream.readByte()B",
      "Ljava/io/ObjectInputStream.readChar()C",
      "Ljava/io/ObjectInputStream.readDouble()D",
      "Ljava/io/ObjectInputStream.readFields()Ljava/io/ObjectInputStream$GetField;",
      "Ljava/io/ObjectInputStream.readFloat()F",
      "Ljava/io/ObjectInputStream.readFully([B)V",
      "Ljava/io/ObjectInputStream.readFully([BII)V",
      "Ljava/io/ObjectInputStream.readInt()I",
      "Ljava/io/ObjectInputStream.readLine()Ljava/lang/String;",
      "Ljava/io/ObjectInputStream.readLong()J",
      "Ljava/io/ObjectInputStream.readObjectOverride()Ljava/lang/Object;",
      "Ljava/io/ObjectInputStream.readShort()S",
      "Ljava/io/ObjectInputStream.readUTF()Ljava/lang/String;",
      "Ljava/io/ObjectInputStream.readUnsignedByte()I",
      "Ljava/io/ObjectInputStream.readUnsignedShort()I",
      "Ljava/io/ObjectInputStream.registerValidation(Ljava/io/ObjectInputValidation;I)V",
      "Ljava/io/ObjectInputStream.skipBytes(I)I"
    ]
  },
  {
    "frequency": 12,
    "overriddenMethods": [
      "Ljava/io/ObjectInputStream.readClassDescriptor()Ljava/io/ObjectStreamClass;",
      "Ljava/io/ObjectInputStream.resolveClass(Ljava/io/ObjectStreamClass;)Ljava/lang/Class;"
    ]
  },
  {
    "frequency": 1,
    "overriddenMethods": [
      "Ljava/io/ObjectInputStream.resolveClass(Ljava/io/ObjectStreamClass;)Ljava/lang/Class;",
      "Ljava/io/ObjectInputStream.resolveObject(Ljava/lang/Object;)Ljava/lang/Object;",
      "Ljava/io/ObjectInputStream.resolveProxyClass([Ljava/lang/String;)Ljava/lang/Class;"
    ]
  },
  {
    "frequency": 2,
    "overriddenMethods": [
      "Ljava/io/ObjectInputStream.readClassDescriptor()Ljava/io/ObjectStreamClass;",
      "Ljava/io/ObjectInputStream.resolveClass(Ljava/io/ObjectStreamClass;)Ljava/lang/Class;",
      "Ljava/io/ObjectInputStream.resolveProxyClass([Ljava/lang/String;)Ljava/lang/Class;"
    ]
  },
  {
    "frequency": 13,
    "overriddenMethods": [
      "Ljava/io/ObjectInputStream.readClassDescriptor()Ljava/io/ObjectStreamClass;"
    ]
  },
  {
    "frequency": 186,
    "overriddenMethods": [
      "Ljava/io/ObjectInputStream.resolveClass(Ljava/io/ObjectStreamClass;)Ljava/lang/Class;"
    ]
  },
  {
    "frequency": 59,
    "overriddenMethods": [
      "Ljava/io/ObjectInputStream.resolveClass(Ljava/io/ObjectStreamClass;)Ljava/lang/Class;",
      "Ljava/io/ObjectInputStream.resolveProxyClass([Ljava/lang/String;)Ljava/lang/Class;"
    ]
  },
  {
    "frequency": 2,
    "overriddenMethods": [
      "Ljava/io/InputStream.mark(I)V",
      "Ljava/io/InputStream.markSupported()Z",
      "Ljava/io/InputStream.read([B)I",
      "Ljava/io/InputStream.reset()V",
      "Ljava/io/InputStream.skip(J)J",
      "Ljava/io/ObjectInputStream.available()I",
      "Ljava/io/ObjectInputStream.close()V",
      "Ljava/io/ObjectInputStream.defaultReadObject()V",
      "Ljava/io/ObjectInputStream.read()I",
      "Ljava/io/ObjectInputStream.read([BII)I",
      "Ljava/io/ObjectInputStream.readBoolean()Z",
      "Ljava/io/ObjectInputStream.readByte()B",
      "Ljava/io/ObjectInputStream.readChar()C",
      "Ljava/io/ObjectInputStream.readDouble()D",
      "Ljava/io/ObjectInputStream.readFields()Ljava/io/ObjectInputStream$GetField;",
      "Ljava/io/ObjectInputStream.readFloat()F",
      "Ljava/io/ObjectInputStream.readFully([B)V",
      "Ljava/io/ObjectInputStream.readFully([BII)V",
      "Ljava/io/ObjectInputStream.readInt()I",
      "Ljava/io/ObjectInputStream.readLine()Ljava/lang/String;",
      "Ljava/io/ObjectInputStream.readLong()J",
      "Ljava/io/ObjectInputStream.readObjectOverride()Ljava/lang/Object;",
      "Ljava/io/ObjectInputStream.readShort()S",
      "Ljava/io/ObjectInputStream.readUTF()Ljava/lang/String;",
      "Ljava/io/ObjectInputStream.readUnshared()Ljava/lang/Object;",
      "Ljava/io/ObjectInputStream.readUnsignedByte()I",
      "Ljava/io/ObjectInputStream.readUnsignedShort()I",
      "Ljava/io/ObjectInputStream.registerValidation(Ljava/io/ObjectInputValidation;I)V",
      "Ljava/io/ObjectInputStream.resolveClass(Ljava/io/ObjectStreamClass;)Ljava/lang/Class;",
      "Ljava/io/ObjectInputStream.skipBytes(I)I"
    ]
  },
  {
    "frequency": 4,
    "overriddenMethods": [
      "Ljava/io/InputStream.read([B)I",
      "Ljava/io/InputStream.skip(J)J",
      "Ljava/io/ObjectInputStream.available()I",
      "Ljava/io/ObjectInputStream.close()V",
      "Ljava/io/ObjectInputStream.defaultReadObject()V",
      "Ljava/io/ObjectInputStream.read()I",
      "Ljava/io/ObjectInputStream.read([BII)I",
      "Ljava/io/ObjectInputStream.readBoolean()Z",
      "Ljava/io/ObjectInputStream.readByte()B",
      "Ljava/io/ObjectInputStream.readChar()C",
      "Ljava/io/ObjectInputStream.readDouble()D",
      "Ljava/io/ObjectInputStream.readFields()Ljava/io/ObjectInputStream$GetField;",
      "Ljava/io/ObjectInputStream.readFloat()F",
      "Ljava/io/ObjectInputStream.readFully([B)V",
      "Ljava/io/ObjectInputStream.readFully([BII)V",
      "Ljava/io/ObjectInputStream.readInt()I",
      "Ljava/io/ObjectInputStream.readLine()Ljava/lang/String;",
      "Ljava/io/ObjectInputStream.readLong()J",
      "Ljava/io/ObjectInputStream.readObjectOverride()Ljava/lang/Object;",
      "Ljava/io/ObjectInputStream.readShort()S",
      "Ljava/io/ObjectInputStream.readUTF()Ljava/lang/String;",
      "Ljava/io/ObjectInputStream.readUnshared()Ljava/lang/Object;",
      "Ljava/io/ObjectInputStream.readUnsignedByte()I",
      "Ljava/io/ObjectInputStream.readUnsignedShort()I",
      "Ljava/io/ObjectInputStream.registerValidation(Ljava/io/ObjectInputValidation;I)V",
      "Ljava/io/ObjectInputStream.skipBytes(I)I"
    ]
  },
  {
    "frequency": 24,
    "overriddenMethods": [
      "Ljava/io/ObjectInputStream.resolveClass(Ljava/io/ObjectStreamClass;)Ljava/lang/Class;",
      "Ljava/io/ObjectInputStream.resolveObject(Ljava/lang/Object;)Ljava/lang/Object;"
    ]
  },
  {
    "frequency": 9,
    "overriddenMethods": [
      "Ljava/io/ObjectInputStream.resolveObject(Ljava/lang/Object;)Ljava/lang/Object;"
    ]
  },
  {
    "frequency": 1,
    "overriddenMethods": [
      "Ljava/io/InputStream.read([B)I",
      "Ljava/io/InputStream.skip(J)J",
      "Ljava/io/ObjectInputStream.available()I",
      "Ljava/io/ObjectInputStream.close()V",
      "Ljava/io/ObjectInputStream.defaultReadObject()V",
      "Ljava/io/ObjectInputStream.read()I",
      "Ljava/io/ObjectInputStream.read([BII)I",
      "Ljava/io/ObjectInputStream.readBoolean()Z",
      "Ljava/io/ObjectInputStream.readByte()B",
      "Ljava/io/ObjectInputStream.readChar()C",
      "Ljava/io/ObjectInputStream.readClassDescriptor()Ljava/io/ObjectStreamClass;",
      "Ljava/io/ObjectInputStream.readDouble()D",
      "Ljava/io/ObjectInputStream.readFloat()F",
      "Ljava/io/ObjectInputStream.readFully([B)V",
      "Ljava/io/ObjectInputStream.readFully([BII)V",
      "Ljava/io/ObjectInputStream.readInt()I",
      "Ljava/io/ObjectInputStream.readLine()Ljava/lang/String;",
      "Ljava/io/ObjectInputStream.readLong()J",
      "Ljava/io/ObjectInputStream.readObjectOverride()Ljava/lang/Object;",
      "Ljava/io/ObjectInputStream.readShort()S",
      "Ljava/io/ObjectInputStream.readStreamHeader()V",
      "Ljava/io/ObjectInputStream.readUTF()Ljava/lang/String;",
      "Ljava/io/ObjectInputStream.readUnshared()Ljava/lang/Object;",
      "Ljava/io/ObjectInputStream.readUnsignedByte()I",
      "Ljava/io/ObjectInputStream.readUnsignedShort()I",
      "Ljava/io/ObjectInputStream.registerValidation(Ljava/io/ObjectInputValidation;I)V",
      "Ljava/io/ObjectInputStream.resolveClass(Ljava/io/ObjectStreamClass;)Ljava/lang/Class;",
      "Ljava/io/ObjectInputStream.skipBytes(I)I"
    ]
  },
  {
    "frequency": 1,
    "overriddenMethods": [
      "Ljava/io/InputStream.read([B)I",
      "Ljava/io/InputStream.skip(J)J",
      "Ljava/io/ObjectInputStream.available()I",
      "Ljava/io/ObjectInputStream.close()V",
      "Ljava/io/ObjectInputStream.defaultReadObject()V",
      "Ljava/io/ObjectInputStream.read()I",
      "Ljava/io/ObjectInputStream.read([BII)I",
      "Ljava/io/ObjectInputStream.readBoolean()Z",
      "Ljava/io/ObjectInputStream.readByte()B",
      "Ljava/io/ObjectInputStream.readChar()C",
      "Ljava/io/ObjectInputStream.readClassDescriptor()Ljava/io/ObjectStreamClass;",
      "Ljava/io/ObjectInputStream.readDouble()D",
      "Ljava/io/ObjectInputStream.readFields()Ljava/io/ObjectInputStream$GetField;",
      "Ljava/io/ObjectInputStream.readFloat()F",
      "Ljava/io/ObjectInputStream.readFully([B)V",
      "Ljava/io/ObjectInputStream.readFully([BII)V",
      "Ljava/io/ObjectInputStream.readInt()I",
      "Ljava/io/ObjectInputStream.readLine()Ljava/lang/String;",
      "Ljava/io/ObjectInputStream.readLong()J",
      "Ljava/io/ObjectInputStream.readObjectOverride()Ljava/lang/Object;",
      "Ljava/io/ObjectInputStream.readShort()S",
      "Ljava/io/ObjectInputStream.readStreamHeader()V",
      "Ljava/io/ObjectInputStream.readUTF()Ljava/lang/String;",
      "Ljava/io/ObjectInputStream.readUnshared()Ljava/lang/Object;",
      "Ljava/io/ObjectInputStream.readUnsignedByte()I",
      "Ljava/io/ObjectInputStream.readUnsignedShort()I",
      "Ljava/io/ObjectInputStream.registerValidation(Ljava/io/ObjectInputValidation;I)V",
      "Ljava/io/ObjectInputStream.skipBytes(I)I"
    ]
  },
  {
    "frequency": 2,
    "overriddenMethods": [
      "Ljava/io/ObjectInputStream.readClassDescriptor()Ljava/io/ObjectStreamClass;",
      "Ljava/io/ObjectInputStream.resolveClass(Ljava/io/ObjectStreamClass;)Ljava/lang/Class;",
      "Ljava/io/ObjectInputStream.resolveObject(Ljava/lang/Object;)Ljava/lang/Object;"
    ]
  }
]