[
  {
    "frequency": 3,
    "overriddenMethods": [
      "Ljava/io/OutputStreamWriter.close()V",
      "Ljava/io/OutputStreamWriter.flush()V",
      "Ljava/io/OutputStreamWriter.write(I)V",
      "Ljava/io/OutputStreamWriter.write(Ljava/lang/String;II)V",
      "Ljava/io/OutputStreamWriter.write([CII)V",
      "Ljava/io/Writer.write(Ljava/lang/String;)V",
      "Ljava/io/Writer.write([C)V"
    ]
  },
  {
    "frequency": 12,
    "overriddenMethods": []
  },
  {
    "frequency": 1,
    "overriddenMethods": [
      "Ljava/io/OutputStreamWriter.getEncoding()Ljava/lang/String;"
    ]
  },
  {
    "frequency": 3,
    "overriddenMethods": [
      "Ljava/io/OutputStreamWriter.close()V"
    ]
  },
  {
    "frequency": 1,
    "overriddenMethods": [
      "Ljava/io/OutputStreamWriter.write(Ljava/lang/String;II)V",
      "Ljava/io/OutputStreamWriter.write([CII)V"
    ]
  },
  {
    "frequency": 1,
    "overriddenMethods": [
      "Ljava/io/OutputStreamWriter.flush()V"
    ]
  },
  {
    "frequency": 13,
    "overriddenMethods": [
      "Ljava/io/OutputStreamWriter.write(I)V",
      "Ljava/io/OutputStreamWriter.write(Ljava/lang/String;II)V",
      "Ljava/io/OutputStreamWriter.write([CII)V"
    ]
  },
  {
    "frequency": 3,
    "overriddenMethods": [
      "Ljava/io/OutputStreamWriter.write(I)V"
    ]
  },
  {
    "frequency": 2,
    "overriddenMethods": [
      "Ljava/io/OutputStreamWriter.close()V",
      "Ljava/io/OutputStreamWriter.flush()V",
      "Ljava/io/OutputStreamWriter.getEncoding()Ljava/lang/String;",
      "Ljava/io/OutputStreamWriter.write(I)V",
      "Ljava/io/OutputStreamWriter.write(Ljava/lang/String;II)V",
      "Ljava/io/OutputStreamWriter.write([CII)V",
      "Ljava/io/Writer.write(Ljava/lang/String;)V"
    ]
  },
  {
    "frequency": 2,
    "overriddenMethods": [
      "Ljava/io/OutputStreamWriter.close()V",
      "Ljava/io/OutputStreamWriter.flush()V",
      "Ljava/io/OutputStreamWriter.getEncoding()Ljava/lang/String;",
      "Ljava/io/OutputStreamWriter.write(I)V",
      "Ljava/io/OutputStreamWriter.write(Ljava/lang/String;II)V",
      "Ljava/io/OutputStreamWriter.write([CII)V",
      "Ljava/io/Writer.write(Ljava/lang/String;)V",
      "Ljava/io/Writer.write([C)V"
    ]
  }
]