[
  {
    "frequency": 8,
    "overriddenMethods": []
  },
  {
    "frequency": 8,
    "overriddenMethods": [
      "Ljava/io/PrintStream.println(Ljava/lang/String;)V"
    ]
  },
  {
    "frequency": 3,
    "overriddenMethods": [
      "Ljava/io/FilterOutputStream.write([B)V",
      "Ljava/io/PrintStream.write(I)V",
      "Ljava/io/PrintStream.write([BII)V"
    ]
  },
  {
    "frequency": 3,
    "overriddenMethods": [
      "Ljava/io/PrintStream.print(Ljava/lang/String;)V",
      "Ljava/io/PrintStream.println(Ljava/lang/String;)V"
    ]
  },
  {
    "frequency": 5,
    "overriddenMethods": [
      "Ljava/io/FilterOutputStream.write([B)V",
      "Ljava/io/PrintStream.close()V",
      "Ljava/io/PrintStream.flush()V",
      "Ljava/io/PrintStream.print(C)V",
      "Ljava/io/PrintStream.print(D)V",
      "Ljava/io/PrintStream.print(F)V",
      "Ljava/io/PrintStream.print(I)V",
      "Ljava/io/PrintStream.print(J)V",
      "Ljava/io/PrintStream.print(Ljava/lang/Object;)V",
      "Ljava/io/PrintStream.print(Ljava/lang/String;)V",
      "Ljava/io/PrintStream.print(Z)V",
      "Ljava/io/PrintStream.print([C)V",
      "Ljava/io/PrintStream.println()V",
      "Ljava/io/PrintStream.println(C)V",
      "Ljava/io/PrintStream.println(D)V",
      "Ljava/io/PrintStream.println(F)V",
      "Ljava/io/PrintStream.println(I)V",
      "Ljava/io/PrintStream.println(J)V",
      "Ljava/io/PrintStream.println(Ljava/lang/Object;)V",
      "Ljava/io/PrintStream.println(Ljava/lang/String;)V",
      "Ljava/io/PrintStream.println(Z)V",
      "Ljava/io/PrintStream.println([C)V",
      "Ljava/io/PrintStream.write(I)V",
      "Ljava/io/PrintStream.write([BII)V"
    ]
  },
  {
    "frequency": 25,
    "overriddenMethods": [
      "Ljava/io/FilterOutputStream.write([B)V",
      "Ljava/io/PrintStream.checkError()Z",
      "Ljava/io/PrintStream.close()V",
      "Ljava/io/PrintStream.flush()V",
      "Ljava/io/PrintStream.print(C)V",
      "Ljava/io/PrintStream.print(D)V",
      "Ljava/io/PrintStream.print(F)V",
      "Ljava/io/PrintStream.print(I)V",
      "Ljava/io/PrintStream.print(J)V",
      "Ljava/io/PrintStream.print(Ljava/lang/Object;)V",
      "Ljava/io/PrintStream.print(Ljava/lang/String;)V",
      "Ljava/io/PrintStream.print(Z)V",
      "Ljava/io/PrintStream.print([C)V",
      "Ljava/io/PrintStream.println()V",
      "Ljava/io/PrintStream.println(C)V",
      "Ljava/io/PrintStream.println(D)V",
      "Ljava/io/PrintStream.println(F)V",
      "Ljava/io/PrintStream.println(I)V",
      "Ljava/io/PrintStream.println(J)V",
      "Ljava/io/PrintStream.println(Ljava/lang/Object;)V",
      "Ljava/io/PrintStream.println(Ljava/lang/String;)V",
      "Ljava/io/PrintStream.println(Z)V",
      "Ljava/io/PrintStream.println([C)V",
      "Ljava/io/PrintStream.setError()V",
      "Ljava/io/PrintStream.write(I)V",
      "Ljava/io/PrintStream.write([BII)V"
    ]
  },
  {
    "frequency": 2,
    "overriddenMethods": [
      "Ljava/io/FilterOutputStream.write([B)V",
      "Ljava/io/PrintStream.checkError()Z",
      "Ljava/io/PrintStream.close()V",
      "Ljava/io/PrintStream.flush()V",
      "Ljava/io/PrintStream.print(C)V",
      "Ljava/io/PrintStream.print(I)V",
      "Ljava/io/PrintStream.print(J)V",
      "Ljava/io/PrintStream.print(Ljava/lang/Object;)V",
      "Ljava/io/PrintStream.print(Ljava/lang/String;)V",
      "Ljava/io/PrintStream.print(Z)V",
      "Ljava/io/PrintStream.print([C)V",
      "Ljava/io/PrintStream.println()V",
      "Ljava/io/PrintStream.println(C)V",
      "Ljava/io/PrintStream.println(I)V",
      "Ljava/io/PrintStream.println(J)V",
      "Ljava/io/PrintStream.println(Ljava/lang/Object;)V",
      "Ljava/io/PrintStream.println(Ljava/lang/String;)V",
      "Ljava/io/PrintStream.println(Z)V",
      "Ljava/io/PrintStream.println([C)V",
      "Ljava/io/PrintStream.setError()V",
      "Ljava/io/PrintStream.write(I)V",
      "Ljava/io/PrintStream.write([BII)V"
    ]
  },
  {
    "frequency": 3,
    "overriddenMethods": [
      "Ljava/io/FilterOutputStream.write([B)V",
      "Ljava/io/PrintStream.checkError()Z",
      "Ljava/io/PrintStream.close()V",
      "Ljava/io/PrintStream.flush()V",
      "Ljava/io/PrintStream.print(C)V",
      "Ljava/io/PrintStream.print(D)V",
      "Ljava/io/PrintStream.print(F)V",
      "Ljava/io/PrintStream.print(I)V",
      "Ljava/io/PrintStream.print(J)V",
      "Ljava/io/PrintStream.print(Ljava/lang/Object;)V",
      "Ljava/io/PrintStream.print(Ljava/lang/String;)V",
      "Ljava/io/PrintStream.print(Z)V",
      "Ljava/io/PrintStream.print([C)V",
      "Ljava/io/PrintStream.println()V",
      "Ljava/io/PrintStream.println(C)V",
      "Ljava/io/PrintStream.println(D)V",
      "Ljava/io/PrintStream.println(F)V",
      "Ljava/io/PrintStream.println(I)V",
      "Ljava/io/PrintStream.println(J)V",
      "Ljava/io/PrintStream.println(Ljava/lang/Object;)V",
      "Ljava/io/PrintStream.println(Ljava/lang/String;)V",
      "Ljava/io/PrintStream.println(Z)V",
      "Ljava/io/PrintStream.println([C)V",
      "Ljava/io/PrintStream.write(I)V",
      "Ljava/io/PrintStream.write([BII)V"
    ]
  },
  {
    "frequency": 1,
    "overriddenMethods": [
      "Ljava/io/FilterOutputStream.write([B)V",
      "Ljava/io/PrintStream.close()V",
      "Ljava/io/PrintStream.flush()V",
      "Ljava/io/PrintStream.write(I)V",
      "Ljava/io/PrintStream.write([BII)V",
      "Ljava/lang/Object.finalize()V",
      "Ljava/lang/Object.toString()Ljava/lang/String;"
    ]
  },
  {
    "frequency": 1,
    "overriddenMethods": [
      "Ljava/io/PrintStream.print(C)V",
      "Ljava/io/PrintStream.print(D)V",
      "Ljava/io/PrintStream.print(F)V",
      "Ljava/io/PrintStream.print(I)V",
      "Ljava/io/PrintStream.print(J)V",
      "Ljava/io/PrintStream.print(Ljava/lang/Object;)V",
      "Ljava/io/PrintStream.print(Ljava/lang/String;)V",
      "Ljava/io/PrintStream.print(Z)V",
      "Ljava/io/PrintStream.println()V",
      "Ljava/io/PrintStream.println(C)V",
      "Ljava/io/PrintStream.println(D)V",
      "Ljava/io/PrintStream.println(F)V",
      "Ljava/io/PrintStream.println(I)V",
      "Ljava/io/PrintStream.println(J)V",
      "Ljava/io/PrintStream.println(Ljava/lang/Object;)V",
      "Ljava/io/PrintStream.println(Ljava/lang/String;)V",
      "Ljava/io/PrintStream.println(Z)V",
      "Ljava/lang/Object.toString()Ljava/lang/String;"
    ]
  },
  {
    "frequency": 1,
    "overriddenMethods": [
      "Ljava/io/PrintStream.println()V",
      "Ljava/io/PrintStream.println(C)V",
      "Ljava/io/PrintStream.println(D)V",
      "Ljava/io/PrintStream.println(F)V",
      "Ljava/io/PrintStream.println(I)V",
      "Ljava/io/PrintStream.println(J)V",
      "Ljava/io/PrintStream.println(Ljava/lang/String;)V",
      "Ljava/io/PrintStream.println(Z)V",
      "Ljava/io/PrintStream.println([C)V"
    ]
  },
  {
    "frequency": 16,
    "overriddenMethods": [
      "Ljava/io/PrintStream.write(I)V",
      "Ljava/io/PrintStream.write([BII)V"
    ]
  },
  {
    "frequency": 2,
    "overriddenMethods": [
      "Ljava/io/PrintStream.println()V",
      "Ljava/io/PrintStream.println(C)V",
      "Ljava/io/PrintStream.println(D)V",
      "Ljava/io/PrintStream.println(F)V",
      "Ljava/io/PrintStream.println(I)V",
      "Ljava/io/PrintStream.println(J)V",
      "Ljava/io/PrintStream.println(Ljava/lang/Object;)V",
      "Ljava/io/PrintStream.println(Ljava/lang/String;)V",
      "Ljava/io/PrintStream.println(Z)V",
      "Ljava/io/PrintStream.println([C)V"
    ]
  },
  {
    "frequency": 1,
    "overriddenMethods": [
      "Ljava/io/PrintStream.checkError()Z",
      "Ljava/io/PrintStream.println()V",
      "Ljava/io/PrintStream.println(C)V",
      "Ljava/io/PrintStream.println(D)V",
      "Ljava/io/PrintStream.println(F)V",
      "Ljava/io/PrintStream.println(I)V",
      "Ljava/io/PrintStream.println(J)V",
      "Ljava/io/PrintStream.println(Ljava/lang/Object;)V",
      "Ljava/io/PrintStream.println(Ljava/lang/String;)V",
      "Ljava/io/PrintStream.println(Z)V",
      "Ljava/io/PrintStream.println([C)V"
    ]
  },
  {
    "frequency": 1,
    "overriddenMethods": [
      "Ljava/io/PrintStream.flush()V",
      "Ljava/io/PrintStream.write(I)V",
      "Ljava/io/PrintStream.write([BII)V"
    ]
  },
  {
    "frequency": 1,
    "overriddenMethods": [
      "Ljava/io/PrintStream.append(C)Ljava/io/PrintStream;",
      "Ljava/io/PrintStream.append(Ljava/lang/CharSequence;)Ljava/io/PrintStream;",
      "Ljava/io/PrintStream.append(Ljava/lang/CharSequence;II)Ljava/io/PrintStream;",
      "Ljava/io/PrintStream.checkError()Z",
      "Ljava/io/PrintStream.close()V",
      "Ljava/io/PrintStream.flush()V",
      "Ljava/io/PrintStream.format(Ljava/lang/String;[Ljava/lang/Object;)Ljava/io/PrintStream;",
      "Ljava/io/PrintStream.format(Ljava/util/Locale;Ljava/lang/String;[Ljava/lang/Object;)Ljava/io/PrintStream;",
      "Ljava/io/PrintStream.print(C)V",
      "Ljava/io/PrintStream.print(D)V",
      "Ljava/io/PrintStream.print(F)V",
      "Ljava/io/PrintStream.print(I)V",
      "Ljava/io/PrintStream.print(J)V",
      "Ljava/io/PrintStream.print(Ljava/lang/Object;)V",
      "Ljava/io/PrintStream.print(Ljava/lang/String;)V",
      "Ljava/io/PrintStream.print(Z)V",
      "Ljava/io/PrintStream.print([C)V",
      "Ljava/io/PrintStream.printf(Ljava/lang/String;[Ljava/lang/Object;)Ljava/io/PrintStream;",
      "Ljava/io/PrintStream.printf(Ljava/util/Locale;Ljava/lang/String;[Ljava/lang/Object;)Ljava/io/PrintStream;",
      "Ljava/io/PrintStream.println()V",
      "Ljava/io/PrintStream.println(C)V",
      "Ljava/io/PrintStream.println(D)V",
      "Ljava/io/PrintStream.println(F)V",
      "Ljava/io/PrintStream.println(I)V",
      "Ljava/io/PrintStream.println(J)V",
      "Ljava/io/PrintStream.println(Ljava/lang/Object;)V",
      "Ljava/io/PrintStream.println(Ljava/lang/String;)V",
      "Ljava/io/PrintStream.println(Z)V",
      "Ljava/io/PrintStream.println([C)V",
      "Ljava/io/PrintStream.setError()V",
      "Ljava/io/PrintStream.write(I)V",
      "Ljava/io/PrintStream.write([BII)V"
    ]
  },
  {
    "frequency": 1,
    "overriddenMethods": [
      "Ljava/io/FilterOutputStream.write([B)V",
      "Ljava/io/PrintStream.append(C)Ljava/io/PrintStream;",
      "Ljava/io/PrintStream.append(Ljava/lang/CharSequence;)Ljava/io/PrintStream;",
      "Ljava/io/PrintStream.append(Ljava/lang/CharSequence;II)Ljava/io/PrintStream;",
      "Ljava/io/PrintStream.checkError()Z",
      "Ljava/io/PrintStream.close()V",
      "Ljava/io/PrintStream.flush()V",
      "Ljava/io/PrintStream.format(Ljava/lang/String;[Ljava/lang/Object;)Ljava/io/PrintStream;",
      "Ljava/io/PrintStream.format(Ljava/util/Locale;Ljava/lang/String;[Ljava/lang/Object;)Ljava/io/PrintStream;",
      "Ljava/io/PrintStream.print(C)V",
      "Ljava/io/PrintStream.print(D)V",
      "Ljava/io/PrintStream.print(F)V",
      "Ljava/io/PrintStream.print(I)V",
      "Ljava/io/PrintStream.print(J)V",
      "Ljava/io/PrintStream.print(Ljava/lang/Object;)V",
      "Ljava/io/PrintStream.print(Ljava/lang/String;)V",
      "Ljava/io/PrintStream.print(Z)V",
      "Ljava/io/PrintStream.print([C)V",
      "Ljava/io/PrintStream.printf(Ljava/lang/String;[Ljava/lang/Object;)Ljava/io/PrintStream;",
      "Ljava/io/PrintStream.printf(Ljava/util/Locale;Ljava/lang/String;[Ljava/lang/Object;)Ljava/io/PrintStream;",
      "Ljava/io/PrintStream.println()V",
      "Ljava/io/PrintStream.println(C)V",
      "Ljava/io/PrintStream.println(D)V",
      "Ljava/io/PrintStream.println(F)V",
      "Ljava/io/PrintStream.println(I)V",
      "Ljava/io/PrintStream.println(J)V",
      "Ljava/io/PrintStream.println(Ljava/lang/Object;)V",
      "Ljava/io/PrintStream.println(Ljava/lang/String;)V",
      "Ljava/io/PrintStream.println(Z)V",
      "Ljava/io/PrintStream.println([C)V",
      "Ljava/io/PrintStream.write(I)V",
      "Ljava/io/PrintStream.write([BII)V",
      "Ljava/lang/Object.equals(Ljava/lang/Object;)Z",
      "Ljava/lang/Object.hashCode()I",
      "Ljava/lang/Object.toString()Ljava/lang/String;"
    ]
  },
  {
    "frequency": 7,
    "overriddenMethods": [
      "Ljava/io/PrintStream.close()V",
      "Ljava/io/PrintStream.flush()V",
      "Ljava/io/PrintStream.println()V",
      "Ljava/io/PrintStream.println(C)V",
      "Ljava/io/PrintStream.println(D)V",
      "Ljava/io/PrintStream.println(F)V",
      "Ljava/io/PrintStream.println(I)V",
      "Ljava/io/PrintStream.println(J)V",
      "Ljava/io/PrintStream.println(Ljava/lang/Object;)V",
      "Ljava/io/PrintStream.println(Ljava/lang/String;)V",
      "Ljava/io/PrintStream.println(Z)V",
      "Ljava/io/PrintStream.println([C)V",
      "Ljava/io/PrintStream.write([BII)V"
    ]
  },
  {
    "frequency": 2,
    "overriddenMethods": [
      "Ljava/io/FilterOutputStream.write([B)V",
      "Ljava/io/PrintStream.close()V",
      "Ljava/io/PrintStream.flush()V",
      "Ljava/io/PrintStream.println(Ljava/lang/String;)V",
      "Ljava/io/PrintStream.write(I)V",
      "Ljava/io/PrintStream.write([BII)V"
    ]
  },
  {
    "frequency": 6,
    "overriddenMethods": [
      "Ljava/io/PrintStream.println()V",
      "Ljava/io/PrintStream.println(Ljava/lang/Object;)V",
      "Ljava/io/PrintStream.println(Ljava/lang/String;)V"
    ]
  },
  {
    "frequency": 4,
    "overriddenMethods": [
      "Ljava/io/PrintStream.println(Ljava/lang/Object;)V",
      "Ljava/io/PrintStream.println(Ljava/lang/String;)V",
      "Ljava/io/PrintStream.write([BII)V"
    ]
  },
  {
    "frequency": 2,
    "overriddenMethods": [
      "Ljava/io/FilterOutputStream.write([B)V",
      "Ljava/io/PrintStream.close()V",
      "Ljava/io/PrintStream.flush()V",
      "Ljava/io/PrintStream.write(I)V",
      "Ljava/io/PrintStream.write([BII)V"
    ]
  },
  {
    "frequency": 2,
    "overriddenMethods": [
      "Ljava/io/PrintStream.write([BII)V"
    ]
  },
  {
    "frequency": 1,
    "overriddenMethods": [
      "Ljava/io/PrintStream.flush()V",
      "Ljava/io/PrintStream.println(Ljava/lang/String;)V"
    ]
  },
  {
    "frequency": 1,
    "overriddenMethods": [
      "Ljava/io/FilterOutputStream.write([B)V",
      "Ljava/io/PrintStream.print(Ljava/lang/Object;)V",
      "Ljava/io/PrintStream.print(Ljava/lang/String;)V",
      "Ljava/io/PrintStream.println(Ljava/lang/Object;)V",
      "Ljava/io/PrintStream.println(Ljava/lang/String;)V",
      "Ljava/io/PrintStream.write(I)V",
      "Ljava/io/PrintStream.write([BII)V"
    ]
  },
  {
    "frequency": 1,
    "overriddenMethods": [
      "Ljava/io/PrintStream.close()V",
      "Ljava/io/PrintStream.flush()V",
      "Ljava/io/PrintStream.print(Ljava/lang/String;)V",
      "Ljava/io/PrintStream.println(Ljava/lang/String;)V"
    ]
  },
  {
    "frequency": 9,
    "overriddenMethods": [
      "Ljava/io/PrintStream.print(Ljava/lang/Object;)V",
      "Ljava/io/PrintStream.println(Ljava/lang/Object;)V"
    ]
  },
  {
    "frequency": 3,
    "overriddenMethods": [
      "Ljava/io/FilterOutputStream.write([B)V",
      "Ljava/io/PrintStream.append(C)Ljava/io/PrintStream;",
      "Ljava/io/PrintStream.append(C)Ljava/lang/Appendable;",
      "Ljava/io/PrintStream.append(Ljava/lang/CharSequence;)Ljava/io/PrintStream;",
      "Ljava/io/PrintStream.append(Ljava/lang/CharSequence;)Ljava/lang/Appendable;",
      "Ljava/io/PrintStream.append(Ljava/lang/CharSequence;II)Ljava/io/PrintStream;",
      "Ljava/io/PrintStream.append(Ljava/lang/CharSequence;II)Ljava/lang/Appendable;",
      "Ljava/io/PrintStream.checkError()Z",
      "Ljava/io/PrintStream.close()V",
      "Ljava/io/PrintStream.flush()V",
      "Ljava/io/PrintStream.format(Ljava/lang/String;[Ljava/lang/Object;)Ljava/io/PrintStream;",
      "Ljava/io/PrintStream.format(Ljava/util/Locale;Ljava/lang/String;[Ljava/lang/Object;)Ljava/io/PrintStream;",
      "Ljava/io/PrintStream.print(C)V",
      "Ljava/io/PrintStream.print(D)V",
      "Ljava/io/PrintStream.print(F)V",
      "Ljava/io/PrintStream.print(I)V",
      "Ljava/io/PrintStream.print(J)V",
      "Ljava/io/PrintStream.print(Ljava/lang/Object;)V",
      "Ljava/io/PrintStream.print(Ljava/lang/String;)V",
      "Ljava/io/PrintStream.print(Z)V",
      "Ljava/io/PrintStream.print([C)V",
      "Ljava/io/PrintStream.printf(Ljava/lang/String;[Ljava/lang/Object;)Ljava/io/PrintStream;",
      "Ljava/io/PrintStream.printf(Ljava/util/Locale;Ljava/lang/String;[Ljava/lang/Object;)Ljava/io/PrintStream;",
      "Ljava/io/PrintStream.println()V",
      "Ljava/io/PrintStream.println(C)V",
      "Ljava/io/PrintStream.println(D)V",
      "Ljava/io/PrintStream.println(F)V",
      "Ljava/io/PrintStream.println(I)V",
      "Ljava/io/PrintStream.println(J)V",
      "Ljava/io/PrintStream.println(Ljava/lang/Object;)V",
      "Ljava/io/PrintStream.println(Ljava/lang/String;)V",
      "Ljava/io/PrintStream.println(Z)V",
      "Ljava/io/PrintStream.println([C)V",
      "Ljava/io/PrintStream.setError()V",
      "Ljava/io/PrintStream.write(I)V",
      "Ljava/io/PrintStream.write([BII)V"
    ]
  },
  {
    "frequency": 2,
    "overriddenMethods": [
      "Ljava/io/FilterOutputStream.write([B)V",
      "Ljava/io/PrintStream.append(C)Ljava/io/PrintStream;",
      "Ljava/io/PrintStream.append(C)Ljava/lang/Appendable;",
      "Ljava/io/PrintStream.append(Ljava/lang/CharSequence;)Ljava/io/PrintStream;",
      "Ljava/io/PrintStream.append(Ljava/lang/CharSequence;)Ljava/lang/Appendable;",
      "Ljava/io/PrintStream.append(Ljava/lang/CharSequence;II)Ljava/io/PrintStream;",
      "Ljava/io/PrintStream.append(Ljava/lang/CharSequence;II)Ljava/lang/Appendable;",
      "Ljava/io/PrintStream.checkError()Z",
      "Ljava/io/PrintStream.clearError()V",
      "Ljava/io/PrintStream.close()V",
      "Ljava/io/PrintStream.flush()V",
      "Ljava/io/PrintStream.format(Ljava/lang/String;[Ljava/lang/Object;)Ljava/io/PrintStream;",
      "Ljava/io/PrintStream.format(Ljava/util/Locale;Ljava/lang/String;[Ljava/lang/Object;)Ljava/io/PrintStream;",
      "Ljava/io/PrintStream.print(C)V",
      "Ljava/io/PrintStream.print(D)V",
      "Ljava/io/PrintStream.print(F)V",
      "Ljava/io/PrintStream.print(I)V",
      "Ljava/io/PrintStream.print(J)V",
      "Ljava/io/PrintStream.print(Ljava/lang/Object;)V",
      "Ljava/io/PrintStream.print(Ljava/lang/String;)V",
      "Ljava/io/PrintStream.print(Z)V",
      "Ljava/io/PrintStream.print([C)V",
      "Ljava/io/PrintStream.printf(Ljava/lang/String;[Ljava/lang/Object;)Ljava/io/PrintStream;",
      "Ljava/io/PrintStream.printf(Ljava/util/Locale;Ljava/lang/String;[Ljava/lang/Object;)Ljava/io/PrintStream;",
      "Ljava/io/PrintStream.println()V",
      "Ljava/io/PrintStream.println(C)V",
      "Ljava/io/PrintStream.println(D)V",
      "Ljava/io/PrintStream.println(F)V",
      "Ljava/io/PrintStream.println(I)V",
      "Ljava/io/PrintStream.println(J)V",
      "Ljava/io/PrintStream.println(Ljava/lang/Object;)V",
      "Ljava/io/PrintStream.println(Ljava/lang/String;)V",
      "Ljava/io/PrintStream.println(Z)V",
      "Ljava/io/PrintStream.println([C)V",
      "Ljava/io/PrintStream.setError()V",
      "Ljava/io/PrintStream.write(I)V",
      "Ljava/io/PrintStream.write([BII)V"
    ]
  },
  {
    "frequency": 2,
    "overriddenMethods": [
      "Ljava/io/PrintStream.print(Ljava/lang/Object;)V",
      "Ljava/io/PrintStream.print(Ljava/lang/String;)V",
      "Ljava/io/PrintStream.println()V",
      "Ljava/io/PrintStream.println(Ljava/lang/Object;)V",
      "Ljava/io/PrintStream.println(Ljava/lang/String;)V"
    ]
  },
  {
    "frequency": 1,
    "overriddenMethods": [
      "Ljava/io/PrintStream.println(Ljava/lang/Object;)V",
      "Ljava/io/PrintStream.println(Ljava/lang/String;)V"
    ]
  }
]