[
  {
    "frequency": 2,
    "overriddenMethods": []
  },
  {
    "frequency": 3,
    "overriddenMethods": [
      "Ljava/io/FilterInputStream.read([B)I",
      "Ljava/io/PushbackInputStream.read()I",
      "Ljava/io/PushbackInputStream.read([BII)I",
      "Ljava/io/PushbackInputStream.unread(I)V",
      "Ljava/io/PushbackInputStream.unread([B)V",
      "Ljava/io/PushbackInputStream.unread([BII)V"
    ]
  },
  {
    "frequency": 9,
    "overriddenMethods": [
      "Ljava/io/FilterInputStream.read([B)I",
      "Ljava/io/PushbackInputStream.available()I",
      "Ljava/io/PushbackInputStream.read()I",
      "Ljava/io/PushbackInputStream.read([BII)I"
    ]
  },
  {
    "frequency": 1,
    "overriddenMethods": [
      "Ljava/io/PushbackInputStream.read()I",
      "Ljava/io/PushbackInputStream.read([BII)I",
      "Ljava/io/PushbackInputStream.skip(J)J",
      "Ljava/io/PushbackInputStream.unread(I)V",
      "Ljava/io/PushbackInputStream.unread([BII)V"
    ]
  },
  {
    "frequency": 1,
    "overriddenMethods": [
      "Ljava/io/PushbackInputStream.read()I",
      "Ljava/io/PushbackInputStream.read([BII)I"
    ]
  }
]