[
  {
    "frequency": 36,
    "overriddenMethods": []
  },
  {
    "frequency": 1,
    "overriddenMethods": [
      "Ljava/io/RandomAccessFile.close()V",
      "Ljava/io/RandomAccessFile.getFilePointer()J",
      "Ljava/io/RandomAccessFile.length()J",
      "Ljava/io/RandomAccessFile.read()I",
      "Ljava/io/RandomAccessFile.read([B)I",
      "Ljava/io/RandomAccessFile.read([BII)I",
      "Ljava/io/RandomAccessFile.seek(J)V",
      "Ljava/io/RandomAccessFile.skipBytes(I)I",
      "Ljava/io/RandomAccessFile.write(I)V",
      "Ljava/io/RandomAccessFile.write([B)V",
      "Ljava/io/RandomAccessFile.write([BII)V",
      "Ljava/lang/Object.toString()Ljava/lang/String;"
    ]
  },
  {
    "frequency": 8,
    "overriddenMethods": [
      "Ljava/io/RandomAccessFile.close()V"
    ]
  },
  {
    "frequency": 1,
    "overriddenMethods": [
      "Ljava/io/RandomAccessFile.getFilePointer()J",
      "Ljava/io/RandomAccessFile.read([BII)I",
      "Ljava/io/RandomAccessFile.seek(J)V"
    ]
  },
  {
    "frequency": 4,
    "overriddenMethods": [
      "Ljava/io/RandomAccessFile.close()V",
      "Ljava/io/RandomAccessFile.getFilePointer()J",
      "Ljava/io/RandomAccessFile.read()I",
      "Ljava/io/RandomAccessFile.read([BII)I",
      "Ljava/io/RandomAccessFile.seek(J)V"
    ]
  },
  {
    "frequency": 1,
    "overriddenMethods": [
      "Ljava/io/RandomAccessFile.length()J"
    ]
  },
  {
    "frequency": 2,
    "overriddenMethods": [
      "Ljava/io/RandomAccessFile.getFilePointer()J",
      "Ljava/io/RandomAccessFile.seek(J)V"
    ]
  },
  {
    "frequency": 4,
    "overriddenMethods": [
      "Ljava/io/RandomAccessFile.close()V",
      "Ljava/lang/Object.finalize()V"
    ]
  },
  {
    "frequency": 1,
    "overriddenMethods": [
      "Ljava/io/RandomAccessFile.getFilePointer()J",
      "Ljava/io/RandomAccessFile.read()I",
      "Ljava/io/RandomAccessFile.read([BII)I",
      "Ljava/io/RandomAccessFile.seek(J)V"
    ]
  }
]