[
  {
    "frequency": 18,
    "overriddenMethods": []
  },
  {
    "frequency": 71,
    "overriddenMethods": [
      "Ljava/io/Writer.close()V",
      "Ljava/io/Writer.flush()V",
      "Ljava/io/Writer.write(I)V",
      "Ljava/io/Writer.write(Ljava/lang/String;)V",
      "Ljava/io/Writer.write([CII)V"
    ]
  },
  {
    "frequency": 1,
    "overriddenMethods": [
      "Ljava/io/Writer.append(C)Ljava/io/Writer;",
      "Ljava/io/Writer.append(C)Ljava/lang/Appendable;",
      "Ljava/io/Writer.append(Ljava/lang/CharSequence;)Ljava/io/Writer;",
      "Ljava/io/Writer.append(Ljava/lang/CharSequence;)Ljava/lang/Appendable;",
      "Ljava/io/Writer.append(Ljava/lang/CharSequence;II)Ljava/io/Writer;",
      "Ljava/io/Writer.append(Ljava/lang/CharSequence;II)Ljava/lang/Appendable;",
      "Ljava/io/Writer.close()V",
      "Ljava/io/Writer.flush()V",
      "Ljava/io/Writer.write(I)V",
      "Ljava/io/Writer.write(Ljava/lang/String;II)V",
      "Ljava/io/Writer.write([CII)V",
      "Ljava/lang/Object.toString()Ljava/lang/String;"
    ]
  },
  {
    "frequency": 43,
    "overriddenMethods": [
      "Ljava/io/Writer.append(C)Ljava/io/Writer;",
      "Ljava/io/Writer.append(C)Ljava/lang/Appendable;",
      "Ljava/io/Writer.append(Ljava/lang/CharSequence;)Ljava/io/Writer;",
      "Ljava/io/Writer.append(Ljava/lang/CharSequence;)Ljava/lang/Appendable;",
      "Ljava/io/Writer.append(Ljava/lang/CharSequence;II)Ljava/io/Writer;",
      "Ljava/io/Writer.append(Ljava/lang/CharSequence;II)Ljava/lang/Appendable;",
      "Ljava/io/Writer.close()V",
      "Ljava/io/Writer.flush()V",
      "Ljava/io/Writer.write(I)V",
      "Ljava/io/Writer.write(Ljava/lang/String;)V",
      "Ljava/io/Writer.write(Ljava/lang/String;II)V",
      "Ljava/io/Writer.write([CII)V"
    ]
  },
  {
    "frequency": 223,
    "overriddenMethods": [
      "Ljava/io/Writer.close()V",
      "Ljava/io/Writer.flush()V",
      "Ljava/io/Writer.write(I)V",
      "Ljava/io/Writer.write(Ljava/lang/String;)V",
      "Ljava/io/Writer.write(Ljava/lang/String;II)V",
      "Ljava/io/Writer.write([C)V",
      "Ljava/io/Writer.write([CII)V"
    ]
  },
  {
    "frequency": 11,
    "overriddenMethods": [
      "Ljava/io/Writer.append(C)Ljava/io/Writer;",
      "Ljava/io/Writer.append(C)Ljava/lang/Appendable;",
      "Ljava/io/Writer.close()V",
      "Ljava/io/Writer.flush()V",
      "Ljava/io/Writer.write(I)V",
      "Ljava/io/Writer.write(Ljava/lang/String;)V",
      "Ljava/io/Writer.write(Ljava/lang/String;II)V",
      "Ljava/io/Writer.write([C)V",
      "Ljava/io/Writer.write([CII)V"
    ]
  },
  {
    "frequency": 10,
    "overriddenMethods": [
      "Ljava/io/Writer.append(C)Ljava/io/Writer;",
      "Ljava/io/Writer.append(C)Ljava/lang/Appendable;",
      "Ljava/io/Writer.append(Ljava/lang/CharSequence;)Ljava/io/Writer;",
      "Ljava/io/Writer.append(Ljava/lang/CharSequence;)Ljava/lang/Appendable;",
      "Ljava/io/Writer.append(Ljava/lang/CharSequence;II)Ljava/io/Writer;",
      "Ljava/io/Writer.append(Ljava/lang/CharSequence;II)Ljava/lang/Appendable;",
      "Ljava/io/Writer.close()V",
      "Ljava/io/Writer.flush()V",
      "Ljava/io/Writer.write(I)V",
      "Ljava/io/Writer.write(Ljava/lang/String;)V",
      "Ljava/io/Writer.write(Ljava/lang/String;II)V",
      "Ljava/io/Writer.write([C)V",
      "Ljava/io/Writer.write([CII)V",
      "Ljava/lang/Object.clone()Ljava/lang/Object;",
      "Ljava/lang/Object.equals(Ljava/lang/Object;)Z",
      "Ljava/lang/Object.hashCode()I",
      "Ljava/lang/Object.toString()Ljava/lang/String;"
    ]
  },
  {
    "frequency": 14,
    "overriddenMethods": [
      "Ljava/io/Writer.close()V",
      "Ljava/io/Writer.flush()V",
      "Ljava/io/Writer.write(Ljava/lang/String;II)V",
      "Ljava/io/Writer.write([CII)V"
    ]
  },
  {
    "frequency": 2,
    "overriddenMethods": [
      "Ljava/io/Writer.close()V",
      "Ljava/io/Writer.flush()V",
      "Ljava/io/Writer.write(I)V",
      "Ljava/io/Writer.write(Ljava/lang/String;)V",
      "Ljava/io/Writer.write(Ljava/lang/String;II)V",
      "Ljava/io/Writer.write([C)V",
      "Ljava/io/Writer.write([CII)V",
      "Ljava/lang/Object.finalize()V"
    ]
  },
  {
    "frequency": 13,
    "overriddenMethods": [
      "Ljava/io/Writer.close()V",
      "Ljava/io/Writer.flush()V",
      "Ljava/io/Writer.write(I)V",
      "Ljava/io/Writer.write([C)V",
      "Ljava/io/Writer.write([CII)V"
    ]
  },
  {
    "frequency": 7,
    "overriddenMethods": [
      "Ljava/io/Writer.append(C)Ljava/io/Writer;",
      "Ljava/io/Writer.append(C)Ljava/lang/Appendable;",
      "Ljava/io/Writer.append(Ljava/lang/CharSequence;)Ljava/io/Writer;",
      "Ljava/io/Writer.append(Ljava/lang/CharSequence;)Ljava/lang/Appendable;",
      "Ljava/io/Writer.append(Ljava/lang/CharSequence;II)Ljava/io/Writer;",
      "Ljava/io/Writer.append(Ljava/lang/CharSequence;II)Ljava/lang/Appendable;",
      "Ljava/io/Writer.close()V",
      "Ljava/io/Writer.flush()V",
      "Ljava/io/Writer.write(Ljava/lang/String;)V",
      "Ljava/io/Writer.write([CII)V",
      "Ljava/lang/Object.toString()Ljava/lang/String;"
    ]
  },
  {
    "frequency": 1,
    "overriddenMethods": [
      "Ljava/io/Writer.append(C)Ljava/io/Writer;",
      "Ljava/io/Writer.append(C)Ljava/lang/Appendable;",
      "Ljava/io/Writer.append(Ljava/lang/CharSequence;)Ljava/io/Writer;",
      "Ljava/io/Writer.append(Ljava/lang/CharSequence;)Ljava/lang/Appendable;",
      "Ljava/io/Writer.append(Ljava/lang/CharSequence;II)Ljava/io/Writer;",
      "Ljava/io/Writer.append(Ljava/lang/CharSequence;II)Ljava/lang/Appendable;",
      "Ljava/io/Writer.close()V",
      "Ljava/io/Writer.flush()V",
      "Ljava/io/Writer.write(I)V",
      "Ljava/io/Writer.write(Ljava/lang/String;)V",
      "Ljava/io/Writer.write(Ljava/lang/String;II)V",
      "Ljava/io/Writer.write([C)V",
      "Ljava/io/Writer.write([CII)V",
      "Ljava/lang/Object.clone()Ljava/lang/Object;",
      "Ljava/lang/Object.equals(Ljava/lang/Object;)Z"
    ]
  },
  {
    "frequency": 25,
    "overriddenMethods": [
      "Ljava/io/Writer.append(C)Ljava/io/Writer;",
      "Ljava/io/Writer.append(C)Ljava/lang/Appendable;",
      "Ljava/io/Writer.append(Ljava/lang/CharSequence;)Ljava/io/Writer;",
      "Ljava/io/Writer.append(Ljava/lang/CharSequence;)Ljava/lang/Appendable;",
      "Ljava/io/Writer.append(Ljava/lang/CharSequence;II)Ljava/io/Writer;",
      "Ljava/io/Writer.append(Ljava/lang/CharSequence;II)Ljava/lang/Appendable;",
      "Ljava/io/Writer.close()V",
      "Ljava/io/Writer.flush()V",
      "Ljava/io/Writer.write(I)V",
      "Ljava/io/Writer.write(Ljava/lang/String;)V",
      "Ljava/io/Writer.write(Ljava/lang/String;II)V",
      "Ljava/io/Writer.write([C)V",
      "Ljava/io/Writer.write([CII)V"
    ]
  },
  {
    "frequency": 2,
    "overriddenMethods": [
      "Ljava/io/Writer.close()V",
      "Ljava/io/Writer.flush()V",
      "Ljava/io/Writer.write(I)V",
      "Ljava/io/Writer.write(Ljava/lang/String;II)V",
      "Ljava/io/Writer.write([CII)V",
      "Ljava/lang/Object.toString()Ljava/lang/String;"
    ]
  },
  {
    "frequency": 2,
    "overriddenMethods": [
      "Ljava/io/Writer.close()V",
      "Ljava/io/Writer.flush()V",
      "Ljava/io/Writer.write(I)V",
      "Ljava/io/Writer.write(Ljava/lang/String;)V",
      "Ljava/io/Writer.write([C)V",
      "Ljava/io/Writer.write([CII)V"
    ]
  },
  {
    "frequency": 255,
    "overriddenMethods": [
      "Ljava/io/Writer.close()V",
      "Ljava/io/Writer.flush()V",
      "Ljava/io/Writer.write([CII)V"
    ]
  },
  {
    "frequency": 15,
    "overriddenMethods": [
      "Ljava/io/Writer.close()V",
      "Ljava/io/Writer.flush()V",
      "Ljava/io/Writer.write(I)V",
      "Ljava/io/Writer.write(Ljava/lang/String;)V",
      "Ljava/io/Writer.write(Ljava/lang/String;II)V",
      "Ljava/io/Writer.write([CII)V",
      "Ljava/lang/Object.toString()Ljava/lang/String;"
    ]
  },
  {
    "frequency": 33,
    "overriddenMethods": [
      "Ljava/io/Writer.close()V",
      "Ljava/io/Writer.flush()V",
      "Ljava/io/Writer.write(Ljava/lang/String;)V",
      "Ljava/io/Writer.write(Ljava/lang/String;II)V",
      "Ljava/io/Writer.write([C)V",
      "Ljava/io/Writer.write([CII)V"
    ]
  },
  {
    "frequency": 9,
    "overriddenMethods": [
      "Ljava/io/Writer.close()V",
      "Ljava/io/Writer.flush()V",
      "Ljava/io/Writer.write(I)V",
      "Ljava/io/Writer.write(Ljava/lang/String;II)V",
      "Ljava/io/Writer.write([CII)V"
    ]
  },
  {
    "frequency": 15,
    "overriddenMethods": [
      "Ljava/io/Writer.close()V",
      "Ljava/io/Writer.flush()V",
      "Ljava/io/Writer.write(I)V",
      "Ljava/io/Writer.write(Ljava/lang/String;)V",
      "Ljava/io/Writer.write(Ljava/lang/String;II)V",
      "Ljava/io/Writer.write([CII)V"
    ]
  },
  {
    "frequency": 1,
    "overriddenMethods": [
      "Ljava/io/Writer.append(C)Ljava/io/Writer;",
      "Ljava/io/Writer.append(C)Ljava/lang/Appendable;",
      "Ljava/io/Writer.append(Ljava/lang/CharSequence;)Ljava/io/Writer;",
      "Ljava/io/Writer.append(Ljava/lang/CharSequence;)Ljava/lang/Appendable;",
      "Ljava/io/Writer.append(Ljava/lang/CharSequence;II)Ljava/io/Writer;",
      "Ljava/io/Writer.append(Ljava/lang/CharSequence;II)Ljava/lang/Appendable;",
      "Ljava/io/Writer.close()V",
      "Ljava/io/Writer.flush()V",
      "Ljava/io/Writer.write(I)V",
      "Ljava/io/Writer.write(Ljava/lang/String;)V",
      "Ljava/io/Writer.write(Ljava/lang/String;II)V",
      "Ljava/io/Writer.write([CII)V",
      "Ljava/lang/Object.toString()Ljava/lang/String;"
    ]
  },
  {
    "frequency": 33,
    "overriddenMethods": [
      "Ljava/io/Writer.close()V",
      "Ljava/io/Writer.flush()V",
      "Ljava/io/Writer.write(Ljava/lang/String;)V",
      "Ljava/io/Writer.write([CII)V"
    ]
  },
  {
    "frequency": 4,
    "overriddenMethods": [
      "Ljava/io/Writer.close()V",
      "Ljava/io/Writer.flush()V",
      "Ljava/io/Writer.write(Ljava/lang/String;)V",
      "Ljava/io/Writer.write(Ljava/lang/String;II)V",
      "Ljava/io/Writer.write([C)V",
      "Ljava/io/Writer.write([CII)V",
      "Ljava/lang/Object.finalize()V"
    ]
  },
  {
    "frequency": 11,
    "overriddenMethods": [
      "Ljava/io/Writer.close()V",
      "Ljava/io/Writer.flush()V",
      "Ljava/io/Writer.write([CII)V",
      "Ljava/lang/Object.toString()Ljava/lang/String;"
    ]
  },
  {
    "frequency": 2,
    "overriddenMethods": [
      "Ljava/io/Writer.append(C)Ljava/io/Writer;",
      "Ljava/io/Writer.append(C)Ljava/lang/Appendable;",
      "Ljava/io/Writer.close()V",
      "Ljava/io/Writer.flush()V",
      "Ljava/io/Writer.write(I)V",
      "Ljava/io/Writer.write(Ljava/lang/String;II)V",
      "Ljava/io/Writer.write([CII)V"
    ]
  },
  {
    "frequency": 1,
    "overriddenMethods": [
      "Ljava/io/Writer.close()V",
      "Ljava/io/Writer.flush()V",
      "Ljava/io/Writer.write(I)V",
      "Ljava/io/Writer.write([C)V",
      "Ljava/io/Writer.write([CII)V",
      "Ljava/lang/Object.toString()Ljava/lang/String;"
    ]
  },
  {
    "frequency": 1,
    "overriddenMethods": [
      "Ljava/io/Writer.append(C)Ljava/io/Writer;",
      "Ljava/io/Writer.append(C)Ljava/lang/Appendable;",
      "Ljava/io/Writer.append(Ljava/lang/CharSequence;)Ljava/io/Writer;",
      "Ljava/io/Writer.append(Ljava/lang/CharSequence;)Ljava/lang/Appendable;",
      "Ljava/io/Writer.append(Ljava/lang/CharSequence;II)Ljava/io/Writer;",
      "Ljava/io/Writer.append(Ljava/lang/CharSequence;II)Ljava/lang/Appendable;",
      "Ljava/io/Writer.close()V",
      "Ljava/io/Writer.flush()V",
      "Ljava/io/Writer.write(I)V",
      "Ljava/io/Writer.write(Ljava/lang/String;)V",
      "Ljava/io/Writer.write(Ljava/lang/String;II)V",
      "Ljava/io/Writer.write([C)V",
      "Ljava/io/Writer.write([CII)V",
      "Ljava/lang/Object.finalize()V"
    ]
  },
  {
    "frequency": 1,
    "overriddenMethods": [
      "Ljava/io/Writer.append(C)Ljava/io/Writer;",
      "Ljava/io/Writer.append(C)Ljava/lang/Appendable;",
      "Ljava/io/Writer.append(Ljava/lang/CharSequence;)Ljava/io/Writer;",
      "Ljava/io/Writer.append(Ljava/lang/CharSequence;)Ljava/lang/Appendable;",
      "Ljava/io/Writer.append(Ljava/lang/CharSequence;II)Ljava/io/Writer;",
      "Ljava/io/Writer.append(Ljava/lang/CharSequence;II)Ljava/lang/Appendable;",
      "Ljava/io/Writer.close()V",
      "Ljava/io/Writer.flush()V",
      "Ljava/io/Writer.write(I)V",
      "Ljava/io/Writer.write(Ljava/lang/String;)V",
      "Ljava/io/Writer.write(Ljava/lang/String;II)V",
      "Ljava/io/Writer.write([C)V",
      "Ljava/io/Writer.write([CII)V",
      "Ljava/lang/Object.toString()Ljava/lang/String;"
    ]
  },
  {
    "frequency": 1,
    "overriddenMethods": [
      "Ljava/io/Writer.append(C)Ljava/io/Writer;",
      "Ljava/io/Writer.close()V",
      "Ljava/io/Writer.flush()V",
      "Ljava/io/Writer.write(I)V",
      "Ljava/io/Writer.write(Ljava/lang/String;)V",
      "Ljava/io/Writer.write(Ljava/lang/String;II)V",
      "Ljava/io/Writer.write([C)V",
      "Ljava/io/Writer.write([CII)V"
    ]
  },
  {
    "frequency": 4,
    "overriddenMethods": [
      "Ljava/io/Writer.close()V",
      "Ljava/io/Writer.flush()V",
      "Ljava/io/Writer.write(I)V",
      "Ljava/io/Writer.write(Ljava/lang/String;)V",
      "Ljava/io/Writer.write(Ljava/lang/String;II)V",
      "Ljava/io/Writer.write([C)V",
      "Ljava/io/Writer.write([CII)V",
      "Ljava/lang/Object.toString()Ljava/lang/String;"
    ]
  },
  {
    "frequency": 39,
    "overriddenMethods": [
      "Ljava/io/Writer.close()V",
      "Ljava/io/Writer.flush()V",
      "Ljava/io/Writer.write(I)V",
      "Ljava/io/Writer.write([CII)V"
    ]
  }
]